 ID-EVENTO;TITULO;PRECIO;GRATUITO;LARGA-DURACION;DIAS-SEMANA;DIAS-EXCLUIDOS;FECHA;FECHA-FIN;HORA;DESCRIPCION;CONTENT-URL;TITULO-ACTIVIDAD;URL-ACTIVIDAD;URL-INSTALACION;NOMBRE-INSTALACION;ACCESIBILIDAD-INSTALACION;CLASE-VIAL-INSTALACION;NOMBRE-VIA-INSTALACION;NUM-INSTALACION;DISTRITO-INSTALACION;BARRIO-INSTALACION;CODIGO-POSTAL-INSTALACION;COORDENADA-X;COORDENADA-Y;LATITUD;LONGITUD;TIPO;AUDIENCIA
12798209;"12 hombres y mujeres sin piedad";"";"1";"0";"";"";"2025-06-27 00:00:00.0";"2025-06-27 23:59:00.0";"19:00";"";"http://www.madrid.es/sites/v/index.jsp?vgnextchannel=ca9671ee4a9eb410VgnVCM100000171f5a0aRCRD&vgnextoid=e5609e9b63547910VgnVCM1000001d4a900aRCRD";"Melting Pot";"http://www.madrid.es/sites/v/index.jsp?vgnextchannel=ca9671ee4a9eb410VgnVCM100000171f5a0aRCRD&vgnextoid=64459ea9c2d3c610VgnVCM2000001f4a900aRCRD";"http://www.madrid.es/sites/v/index.jsp?vgnextchannel=bfa48ab43d6bb410VgnVCM100000171f5a0aRCRD&vgnextoid=35e53d0b5e71c010VgnVCM1000000b205a0aRCRD";"Centro Cultural Casa de Vacas (Retiro)";"1";"PASEO";"COLOMBIA";"1";"RETIRO";"LOS JERONIMOS";"28009";"441967";"4474495";"40.41906571939961";"-3.684053112760816";"/contenido/actividades/TeatroPerformance";""
12804869;"12 monos";"";"0";"0";"";"";"2025-09-21 00:00:00.0";"2025-09-21 23:59:00.0";"20:30";"Año 2035. Tras la epidemia provocada por un virus asesino que ha matado a millones de personas, los supervivientes se refugian en comunidades subterráneas, húmedas y frías. El prisionero James Cole se ofrece como voluntario para viajar al pasado y conseguir una muestra del virus, gracias a la cual los científicos podrán elaborar un antídoto. Durante el viaje conoce a una bella psiquiatra y a Jeffrey Goines, un excepcional enfermo mental. Cole tratará de encontrar al 'Ejército de los 12 Monos', un grupo radical vinculado a la mortal enfermedad.  Presentación a cargo de Felipe Rodríguez Torres, comisario del ciclo";"http://www.madrid.es/sites/v/index.jsp?vgnextchannel=ca9671ee4a9eb410VgnVCM100000171f5a0aRCRD&vgnextoid=82fd082228d77910VgnVCM1000001d4a900aRCRD";"";"";"http://www.madrid.es/sites/v/index.jsp?vgnextchannel=bfa48ab43d6bb410VgnVCM100000171f5a0aRCRD&vgnextoid=2dbd1fe44c5ee310VgnVCM2000000c205a0aRCRD";"Cineteca Madrid";"1";"PLAZA";"LEGAZPI";"8";"ARGANZUELA";"CHOPERA";"28045";"440946";"4471422";"40.39130985242181";"-3.6958028442054074";"/contenido/actividades/ProgramacionDestacadaAgendaCultura";""
12792724;"1ª Edición de Chamberí en Clave de Sol";"";"1";"1";"S";"";"2025-06-07 00:00:00.0";"2025-09-13 23:59:00.0";"20:00";"Ven a disfrutar de las Noches Musicales en los Parques del Distrito Del 7 de junio al 13 de septiembre 2025. Sábado 7 de junio - Plaza de Chamberí - Cuarteto de cuerda y piano (Matritum Cantat). Sábado 14 de junio - Parque Enrique Herreros - Trío de cuerda (Ars Futura). Sábado 28 de junio - Jardines Matilde Ucelay - Dúo Arpegios (Violín con Guitarra) Clásicos populares. Sábado 5 de julio - Plaza Conde del Valle de Suchil - Trío de Viento (Dixieclassic) Sábado 19 de julio - Parque José Luis Sampedro - Dúo Komar (Violín con guitarra) - Viaje en el tiempo a través de la música. Sábado 2 de agosto - Jardines Concejal Alejandro Muñoz Revenga - Dúo a la Brave (Violín con piano) - Hollywood Musical. Sábado 9 de agosto - Jardines de Concha Méndez - Trío de cuerda de Madrid. Sábado 30 de agosto - Jardines de San José de Calasanz - String Dúo (Violín con arpa) - Nuestra vida es una película. Sábado 13 de septiembre - Jardines Salvador Rivas Goday - Trío de Cuerda - Asatryan.";"http://www.madrid.es/sites/v/index.jsp?vgnextchannel=ca9671ee4a9eb410VgnVCM100000171f5a0aRCRD&vgnextoid=1dab53804e037910VgnVCM2000001f4a900aRCRD";"Actividades de verano en el Distrito de Chamberí";"http://www.madrid.es/sites/v/index.jsp?vgnextchannel=ca9671ee4a9eb410VgnVCM100000171f5a0aRCRD&vgnextoid=a9d769ea76117910VgnVCM1000001d4a900aRCRD";"";"";"";"";"";"";"";"";"";"";"";"";"";"/contenido/actividades/TeatroPerformance";""
12788091;"5 mujeres con el mismo vestido";"";"1";"0";"";"";"2025-06-28 00:00:00.0";"2025-06-28 23:59:00.0";"19:00";"La siniestra hermana de la novia, de devota prima, sus dos alocadas mejores amigas de la infancia y la peculiar hermana del novio. Escondidas en una de las habitaciones de la mansión donde se celebra la boda, las cinco mujeres, conversan sobre sus vidas, sus frustraciones y el amor, revelando sus vulnerabilidades y secretos. Entre risas y confesiones, se firma un vínculo inesperado entre ellas.  Mientras exploran temas como la amistad, el romance, el matrimonio y el feminismo. La obra es una crítica satírica sobre las expectativas sociales, los estereotipos y la superficialidad de las bodas, tratada con humor y emotividad. Con una puesta en escena atrevida y creativa, esta comedia sorprende con un diseño escenográfico colorido y efectos visuales que transforman cada escena en un espectáculo lleno de humor y dinamismo.";"http://www.madrid.es/sites/v/index.jsp?vgnextchannel=ca9671ee4a9eb410VgnVCM100000171f5a0aRCRD&vgnextoid=7c1aa6cc17b17910VgnVCM1000001d4a900aRCRD";"Actividades en el Centro Cultural El Pozo del Tío Raimundo";"http://www.madrid.es/sites/v/index.jsp?vgnextchannel=ca9671ee4a9eb410VgnVCM100000171f5a0aRCRD&vgnextoid=5c0f16c17a87f610VgnVCM2000001f4a900aRCRD";"http://www.madrid.es/sites/v/index.jsp?vgnextchannel=bfa48ab43d6bb410VgnVCM100000171f5a0aRCRD&vgnextoid=add63d0b5e71c010VgnVCM1000000b205a0aRCRD";"Centro Cultural El Pozo del tío Raimundo (Puente de Vallecas)";"1";"AVENIDA";"GLORIETAS";"19";"PUENTE DE VALLECAS";"ENTREVIAS";"28053";"443976";"4469457";"40.37381624358889";"-3.6599325731670977";"/contenido/actividades/TeatroPerformance";""
12805191;"90 años sin dormir";"";"0";"0";"";"";"2025-09-26 00:00:00.0";"2025-09-26 23:59:00.0";"20:00";"";"http://www.madrid.es/sites/v/index.jsp?vgnextchannel=ca9671ee4a9eb410VgnVCM100000171f5a0aRCRD&vgnextoid=ae8d1a2c8c187910VgnVCM1000001d4a900aRCRD";"";"";"http://www.madrid.es/sites/v/index.jsp?vgnextchannel=bfa48ab43d6bb410VgnVCM100000171f5a0aRCRD&vgnextoid=2dbd1fe44c5ee310VgnVCM2000000c205a0aRCRD";"Cineteca Madrid";"1";"PLAZA";"LEGAZPI";"8";"ARGANZUELA";"CHOPERA";"28045";"440946";"4471422";"40.39130985242181";"-3.6958028442054074";"/contenido/actividades/ProgramacionDestacadaAgendaCultura";""
12808421;"A fuego lento";"";"1";"0";"";"";"2025-07-12 00:00:00.0";"2025-07-12 23:59:00.0";"22:00";"Sábado 12 de julio, 22:00  A fuego lento  Dirección: Tran Anh Hung. Género: Romance. Drama. Sinopsis: Ambientada en el mundo de la gastronomía francesa en 1885. La relación entre Eugenie, cocinera de prestigio, y Dodin, el gastrónomo para el que trabaja desde hace 20 años. Cada vez más enamorados el uno del otro, su vínculo se convierte en un romance y da lugar a deliciosos platos que impresionan incluso a los chefs más ilustres del mundo.  No recomendada para menores de 7 años.";"http://www.madrid.es/sites/v/index.jsp?vgnextchannel=ca9671ee4a9eb410VgnVCM100000171f5a0aRCRD&vgnextoid=55a45be49cc87910VgnVCM2000001f4a900aRCRD";"Cine de verano en Moratalaz";"http://www.madrid.es/sites/v/index.jsp?vgnextchannel=ca9671ee4a9eb410VgnVCM100000171f5a0aRCRD&vgnextoid=6ba253804e037910VgnVCM2000001f4a900aRCRD";"http://www.madrid.es/sites/v/index.jsp?vgnextchannel=bfa48ab43d6bb410VgnVCM100000171f5a0aRCRD&vgnextoid=8c86e2704a07e210VgnVCM1000000b205a0aRCRD";"Parque de la Cuña Verde de O´Donnell";"2";"CALLE";"FUENTE CARRANTONA";"61";"MORATALAZ";"MARROQUINA";"28030";"446635";"4473699";"40.41220177650095";"-3.628985975935673";"";""
12783932;"A pintega marela";"";"1";"0";"";"";"2025-06-28 00:00:00.0";"2025-06-28 23:59:00.0";"19:00";"A Píntega Marela ofrece un concierto de gaitas para todos aquellos amantes de la música folk y gallega.";"http://www.madrid.es/sites/v/index.jsp?vgnextchannel=ca9671ee4a9eb410VgnVCM100000171f5a0aRCRD&vgnextoid=9e06b030b8b07910VgnVCM2000001f4a900aRCRD";"Actividades en el Centro Cultural Buenavista";"http://www.madrid.es/sites/v/index.jsp?vgnextchannel=ca9671ee4a9eb410VgnVCM100000171f5a0aRCRD&vgnextoid=9b3b34ade7a86710VgnVCM2000001f4a900aRCRD";"http://www.madrid.es/sites/v/index.jsp?vgnextchannel=bfa48ab43d6bb410VgnVCM100000171f5a0aRCRD&vgnextoid=068e598d1351c010VgnVCM1000000b205a0aRCRD";"Centro Cultural Buenavista (Salamanca)";"1,5,6";"AVENIDA";"TOREROS";"5";"SALAMANCA";"GUINDALERA";"28028";"443094";"4475922";"40.43200001609297";"-3.670904677285496";"/contenido/actividades/Musica";""
12804859;"A todos mis buenos paisanos";"";"0";"0";"";"";"2025-09-23 00:00:00.0";"2025-09-23 23:59:00.0";"19:00";"Un pequeño pueblo intenta sobrevivir a bruscos cambios políticos entre fascismo y comunismo. Un campesino, Frantisek, mostrará una especial determinación a mantener su independencia, ganándose el respecto del pueblo y la enemistad de los dirigentes.   Vojt?ch Jasný (1925 ? 2019) nació en el seno de una familia de maestros. Su padre murió en el campo de concentración de Auschwitz. Después de la guerra, Jasný comenzó a estudiar filosofía y lengua rusa en la Universidad Carolina. En 1946, fue admitido en la Escuela de Cine y Televisión de la Academia de Artes Escénicas de Praga (FAMU), Departamento de Fotografía Cinematográfica, donde recibió clases de Karel Plicka, impulsor de los estudios de cine en Checoslovaquia y cofundador de la FAMU. Terminó la escuela en 1951 con su película de graduación Není stále zamraceno (No siempre está nublado, 1950). Durante sus estudios, empezó a colaborar con Karel Kachy?a, que más tarde se convertiría en su compañero de trabajo en la unidad de cine del ejército checoslovaco. Juntos rodaron documentales sobre la construcción del socialismo. El debut de Jasný en el largometraje fue una adaptación de la obra teatral de Pavel Kohout, Zá?ijové noci (Noches de septiembre, 1956). Las películas más populares y exitosas de Jasný son la antológica Deseo (1958), el cuento de hadas alegórico Un día, un gato (1963) (Premio Especial del Jurado, Mejor Película para Niños, Premio CST en el Festival de Cannes de 1963) y el poético fresco histórico A todos mis buenos paisanos (1968) (Premio Ex Aquo al Mejor Director, Premio CST en el Festival de Cannes de 1969, Premio de la Crítica Cinematográfica Checoslovaca). En 1970, Jasný se exilió por motivos políticos. Vivió brevemente en Yugoslavia, más tarde se trasladó a Austria y en 1984 se instaló en Estados Unidos. En todos ellos, así como en Croacia, Alemania, Finlandia, Francia, Noruega, Israel y Canadá, Jasný trabajó como guionista, director de cine, televisión y teatro y pedagogo. En Estados Unidos dio clases en la Universidad de Columbia (en la Escuela de Artes Visuales). Realizó numerosas películas de acción real y documentales, principalmente para televisión, a menudo adaptaciones de libros y obras de teatro. En 1976, Jasný se convirtió en cofundador de la sociedad anónima Filmstudio Salzburg, que cesó su actividad dos años más tarde debido a pérdidas financieras. Tras la Revolución de Terciopelo de 1989, Jasný regresó frecuentemente a su tierra natal y, en 2011, se reasentó definitivamente en la República Checa.   Premios y festivales Cannes 1969 - Mejor director   Idioma: V.O.S.E.    Formato: DCP";"http://www.madrid.es/sites/v/index.jsp?vgnextchannel=ca9671ee4a9eb410VgnVCM100000171f5a0aRCRD&vgnextoid=447d082228d77910VgnVCM1000001d4a900aRCRD";"";"";"http://www.madrid.es/sites/v/index.jsp?vgnextchannel=bfa48ab43d6bb410VgnVCM100000171f5a0aRCRD&vgnextoid=2dbd1fe44c5ee310VgnVCM2000000c205a0aRCRD";"Cineteca Madrid";"1";"PLAZA";"LEGAZPI";"8";"ARGANZUELA";"CHOPERA";"28045";"440946";"4471422";"40.39130985242181";"-3.6958028442054074";"/contenido/actividades/ProgramacionDestacadaAgendaCultura";""
12732556;"Abierto x Obras - Eva Fàbregas";"Entrada gratuita";"0";"1";"M,X,J,V,S,D";"";"2025-04-10 00:00:00.0";"2025-07-20 23:59:00.0";"";"";"http://www.madrid.es/sites/v/index.jsp?vgnextchannel=ca9671ee4a9eb410VgnVCM100000171f5a0aRCRD&vgnextoid=f7efe300442d5910VgnVCM1000001d4a900aRCRD";"";"";"http://www.madrid.es/sites/v/index.jsp?vgnextchannel=bfa48ab43d6bb410VgnVCM100000171f5a0aRCRD&vgnextoid=ef686a9ee7336110VgnVCM1000000b205a0aRCRD";"Matadero Madrid";"1";"PLAZA";"LEGAZPI";"8";"ARGANZUELA";"CHOPERA";"28045";"440946";"4471422";"40.39130985242181";"-3.6958028442054074";"/contenido/actividades/ProgramacionDestacadaAgendaCultura";""
12536930;"Acompañamiento digital a personas mayores";"";"1";"1";"L,M,X,J,V,S,D";"";"2024-10-14 00:00:00.0";"2025-06-30 23:59:00.0";"";"";"http://www.madrid.es/sites/v/index.jsp?vgnextchannel=ca9671ee4a9eb410VgnVCM100000171f5a0aRCRD&vgnextoid=5b58d89ad2232910VgnVCM2000001f4a900aRCRD";"Acompañamiento digital a personas mayores";"http://www.madrid.es/sites/v/index.jsp?vgnextchannel=ca9671ee4a9eb410VgnVCM100000171f5a0aRCRD&vgnextoid=3578a37147a02910VgnVCM2000001f4a900aRCRD";"";"";"";"";"";"";"";"";"";"";"";"";"";"";""
12622331;"Acompañar en la pérdida";"";"0";"1";"M";"23/9/2025;30/9/2025;7/10/2025;21/10/2025;28/10/2025;4/11/2025;18/11/2025;25/11/2025;2/12/2025;9/12/2025;23/12/2025;30/12/2025;";"2025-09-16 00:00:00.0";"2025-12-16 23:59:00.0";"17:00";"";"http://www.madrid.es/sites/v/index.jsp?vgnextchannel=ca9671ee4a9eb410VgnVCM100000171f5a0aRCRD&vgnextoid=197023e4c84d3910VgnVCM2000001f4a900aRCRD";"Acompañar en la pérdida";"http://www.madrid.es/sites/v/index.jsp?vgnextchannel=ca9671ee4a9eb410VgnVCM100000171f5a0aRCRD&vgnextoid=455023e4c84d3910VgnVCM2000001f4a900aRCRD";"http://www.madrid.es/sites/v/index.jsp?vgnextchannel=bfa48ab43d6bb410VgnVCM100000171f5a0aRCRD&vgnextoid=70d879262ef5d010VgnVCM1000000b205a0aRCRD";"Biblioteca Pública Municipal José Saramago (Fuencarral-El Pardo)";"1,5,6";"AVENIDA";"MONFORTE DE LEMOS";"38";"FUENCARRAL-EL PARDO";"EL PILAR";"28029";"439867";"4481122";"40.47860087334554";"-3.7094408342979954";"/contenido/actividades/CursosTalleres";""
12772647;"Actividad de Educación Ambiental";"";"1";"0";"";"";"2025-06-26 00:00:00.0";"2025-06-26 23:59:00.0";"11:00";"Servicios ecosistémicos de nuestro río - 26 de junio de 2025     Descubre la importancia de los ecosistemas fluviales y aprende qué beneficios nos aportan a través de los servicios ecosistémicos.   Además, podrás conocer proyectos cercanos que se están llevando a cabo en el río Manzanares que buscan su conservación y restauración.      Fecha: 26 de junio de 2025  Hora: 11:00 a 13:00 h  Lugar: Centro Sociocultural Marconi (Acceso Colonia Marconi, 4, Villaverde)     Actividad recomendada para familias          Programa:       11:00 ? 11:45. Ecosistemas y su importancia. ¿Qué son y por qué los necesitamos?  11:45 ? 12:45. ¿Nos benefician los ecosistemas? Servicios ecosistémicos en nuestra vida cotidiana.  12:45 ? 13:00. El Manzanares renaturalizado: un caso cercano, un cambio real.   Para efectuar la actividad es necesario la previa inscripción en el Qr del cartel o al teléfono 913 107 350. Aforo limitado.    Recuperación del ecosistema fluvial Manzanares-Gavia-Bulera. Infraestructura verde y azul Bosque Metropolitano de Madrid cuenta con el apoyo de la Fundación Biodiversidad del Ministerio para la Transición Ecológica y el Reto Demográfico en el marco del Plan de Recuperación, Transformación y Resiliencia (PRTR), financiado por la Unión Europea - NextGenerationEU.";"http://www.madrid.es/sites/v/index.jsp?vgnextchannel=ca9671ee4a9eb410VgnVCM100000171f5a0aRCRD&vgnextoid=e1ba0f916b4b6910VgnVCM2000001f4a900aRCRD";"Actividades en el Centro Sociocultural Marconi";"http://www.madrid.es/sites/v/index.jsp?vgnextchannel=ca9671ee4a9eb410VgnVCM100000171f5a0aRCRD&vgnextoid=446ed15c0bfe4910VgnVCM2000001f4a900aRCRD";"http://www.madrid.es/sites/v/index.jsp?vgnextchannel=bfa48ab43d6bb410VgnVCM100000171f5a0aRCRD&vgnextoid=6cb0085f5181c010VgnVCM1000000b205a0aRCRD";"Centro Sociocultural Marconi (Villaverde)";"1";"ACCESO";"COLONIA MARCONI";"4";"VILLAVERDE";"VILLAVERDE ALTO C.H.";"28021";"440472";"4465148";"40.3347558542528";"-3.7008037217338274";"/contenido/actividades/ItinerariosOtrasActividadesAmbientales";"/usuario/Familias"
12271801;"Actividades en el centro juvenil 'Carabanchel Alto'. Junio 2025";"";"1";"1";"L,M,X,J,V,S,D";"";"2025-06-01 00:00:00.0";"2025-06-30 23:59:00.0";"";"";"http://www.madrid.es/sites/v/index.jsp?vgnextchannel=ca9671ee4a9eb410VgnVCM100000171f5a0aRCRD&vgnextoid=8fdc0b8d46a5d810VgnVCM2000001f4a900aRCRD";"Actividades en el centro juvenil 'Carabanchel Alto'. Abril 2025";"http://www.madrid.es/sites/v/index.jsp?vgnextchannel=ca9671ee4a9eb410VgnVCM100000171f5a0aRCRD&vgnextoid=0ccc0b8d46a5d810VgnVCM2000001f4a900aRCRD";"http://www.madrid.es/sites/v/index.jsp?vgnextchannel=bfa48ab43d6bb410VgnVCM100000171f5a0aRCRD&vgnextoid=2565d2d6fe9a6110VgnVCM1000000b205a0aRCRD";"Centro Juvenil Carabanchel Alto";"1";"CALLE";"ALFONSO FERNANDEZ";"23";"CARABANCHEL";"BUENAVISTA";"28044";"435861";"4468746";"40.366822704148795";"-3.755451103709316";"";"/usuario/Jovenes"
12271790;"Actividades en el centro juvenil 'Chamberí'. Junio 2025";"";"1";"1";"L,M,X,J,V,S,D";"";"2025-06-01 00:00:00.0";"2025-06-30 23:59:00.0";"";"";"http://www.madrid.es/sites/v/index.jsp?vgnextchannel=ca9671ee4a9eb410VgnVCM100000171f5a0aRCRD&vgnextoid=7afb0b8d46a5d810VgnVCM2000001f4a900aRCRD";"Actividades en el centro juvenil 'Chamberí'. Abril 2025";"http://www.madrid.es/sites/v/index.jsp?vgnextchannel=ca9671ee4a9eb410VgnVCM100000171f5a0aRCRD&vgnextoid=9c604786b5fd1410VgnVCM1000000b205a0aRCRD";"http://www.madrid.es/sites/v/index.jsp?vgnextchannel=bfa48ab43d6bb410VgnVCM100000171f5a0aRCRD&vgnextoid=7054251933357310VgnVCM2000000c205a0aRCRD";"Centro Juvenil Chamberí";"1";"CALLE";"RAIMUNDO FERNANDEZ VILLAVERDE";"2";"CHAMBERI";"RIOS ROSAS";"28003";"440346";"4477568";"40.44661949643803";"-3.703467785151993";"/contenido/actividades/CursosTalleres/Arte";"/usuario/Jovenes"
12271937;"Actividades en el centro juvenil 'El Aleph' (Villa de Vallecas). Junio 2025";"";"1";"1";"L,M,X,J,V,S,D";"";"2025-06-01 00:00:00.0";"2025-06-30 23:59:00.0";"";"";"http://www.madrid.es/sites/v/index.jsp?vgnextchannel=ca9671ee4a9eb410VgnVCM100000171f5a0aRCRD&vgnextoid=63310b8d46a5d810VgnVCM2000001f4a900aRCRD";"Actividades en el centro juvenil 'El Aleph' (Villa de Vallecas). Abril 2025";"http://www.madrid.es/sites/v/index.jsp?vgnextchannel=ca9671ee4a9eb410VgnVCM100000171f5a0aRCRD&vgnextoid=8a010b8d46a5d810VgnVCM2000001f4a900aRCRD";"http://www.madrid.es/sites/v/index.jsp?vgnextchannel=bfa48ab43d6bb410VgnVCM100000171f5a0aRCRD&vgnextoid=84869475d381c010VgnVCM1000000b205a0aRCRD";"Centro Juvenil El Aleph (Villa de Vallecas)";"1";"CALLE";"ZAZUAR";"1";"VILLA DE VALLECAS";"SANTA EUGENIA";"28031";"448609";"4470397";"40.38257934400676";"-3.6054546139177392";"";"/usuario/Jovenes"
12271931;"Actividades en el centro juvenil 'El Sitio de mi recreo' (Villa de Vallecas). Junio 2025";"";"1";"1";"L,M,X,J,V,S,D";"";"2025-06-01 00:00:00.0";"2025-06-30 23:59:00.0";"";"";"http://www.madrid.es/sites/v/index.jsp?vgnextchannel=ca9671ee4a9eb410VgnVCM100000171f5a0aRCRD&vgnextoid=e7d00b8d46a5d810VgnVCM2000001f4a900aRCRD";"Actividades en el centro juvenil 'El Sitio de mi recreo' (Villa de Vallecas). Junio 2025";"http://www.madrid.es/sites/v/index.jsp?vgnextchannel=ca9671ee4a9eb410VgnVCM100000171f5a0aRCRD&vgnextoid=17800b8d46a5d810VgnVCM2000001f4a900aRCRD";"http://www.madrid.es/sites/v/index.jsp?vgnextchannel=bfa48ab43d6bb410VgnVCM100000171f5a0aRCRD&vgnextoid=9bd738d60b41c010VgnVCM2000000c205a0aRCRD";"Centro Juvenil El Sitio de mi Recreo (Villa de Vallecas)";"1";"CALLE";"REAL DE ARGANDA";"39";"VILLA DE VALLECAS";"SANTA EUGENIA";"28031";"447634";"4470066";"40.37953682427198";"-3.616901585603186";"/contenido/actividades/ProgramacionDestacadaAgendaCultura";"/usuario/Jovenes"
12271896;"Actividades en el centro juvenil 'Hontalbilla' (Fuencarral - El Pardo). Junio 2025";"";"1";"1";"L,M,X,J,V,S,D";"";"2025-06-01 00:00:00.0";"2025-06-30 23:59:00.0";"";"";"http://www.madrid.es/sites/v/index.jsp?vgnextchannel=ca9671ee4a9eb410VgnVCM100000171f5a0aRCRD&vgnextoid=6a400b8d46a5d810VgnVCM2000001f4a900aRCRD";"Actividades en el centro juvenil 'Hontalbilla' (Fuencarral - El Pardo). Abril 2025";"http://www.madrid.es/sites/v/index.jsp?vgnextchannel=ca9671ee4a9eb410VgnVCM100000171f5a0aRCRD&vgnextoid=ef200b8d46a5d810VgnVCM2000001f4a900aRCRD";"http://www.madrid.es/sites/v/index.jsp?vgnextchannel=bfa48ab43d6bb410VgnVCM100000171f5a0aRCRD&vgnextoid=afc93331c9ee2210VgnVCM2000000c205a0aRCRD";"Centro Juvenil Hontalbilla (Fuencarral - El Pardo)";"0";"CALLE";"HONTALBILLA";"10";"FUENCARRAL-EL PARDO";"VALVERDE";"28034";"441474";"4482632";"40.49231828430878";"-3.6906342081203283";"";"/usuario/Jovenes"
12387966;"Actividades en el centro juvenil 'Ouka Leele'. Junio 2025";"";"1";"1";"L,M,X,J,V,S,D";"";"2025-06-01 00:00:00.0";"2025-06-30 23:59:00.0";"";"";"http://www.madrid.es/sites/v/index.jsp?vgnextchannel=ca9671ee4a9eb410VgnVCM100000171f5a0aRCRD&vgnextoid=7d254c920addf810VgnVCM1000001d4a900aRCRD";"Actividades en el centro juvenil 'Ouka Leele'. Abril 2025";"http://www.madrid.es/sites/v/index.jsp?vgnextchannel=ca9671ee4a9eb410VgnVCM100000171f5a0aRCRD&vgnextoid=1c924c920addf810VgnVCM1000001d4a900aRCRD";"http://www.madrid.es/sites/v/index.jsp?vgnextchannel=bfa48ab43d6bb410VgnVCM100000171f5a0aRCRD&vgnextoid=9721133100fbf810VgnVCM1000001d4a900aRCRD";"Centro Juvenil Ouka Leele";"1";"CALLE";"BRONCE";"16";"ARGANZUELA";"LEGAZPI";"28045";"441570";"4471202";"40.389367699255175";"-3.6884383126394686";"/contenido/actividades/DanzaBaile/FolcloreEtnica";"/usuario/Jovenes"
12272855;"Actividades en el centro juvenil 'Pipo Velasco'. Junio 2025";"";"1";"1";"L,M,X,J,V,S,D";"";"2025-06-01 00:00:00.0";"2025-06-30 23:59:00.0";"";"";"http://www.madrid.es/sites/v/index.jsp?vgnextchannel=ca9671ee4a9eb410VgnVCM100000171f5a0aRCRD&vgnextoid=1e8a4b7e6ee5d810VgnVCM2000001f4a900aRCRD";"Actividades en el centro juvenil 'Pipo Velasco'. Junio 2025";"http://www.madrid.es/sites/v/index.jsp?vgnextchannel=ca9671ee4a9eb410VgnVCM100000171f5a0aRCRD&vgnextoid=727a4b7e6ee5d810VgnVCM2000001f4a900aRCRD";"http://www.madrid.es/sites/v/index.jsp?vgnextchannel=bfa48ab43d6bb410VgnVCM100000171f5a0aRCRD&vgnextoid=a0d2795e39a36810VgnVCM2000001f4a900aRCRD";"Centro Juvenil Pipo Velasco (Usera)";"1";"CALLE";"AVENA";"5";"USERA";"ZOFIO";"28026";"439248";"4469889";"40.37738097077752";"-3.715659887802671";"/contenido/actividades/DanzaBaile/FolcloreEtnica";"/usuario/Jovenes"
12271570;"Actividades en el centro juvenil 'Tetuán Punto Joven'. Junio 2025";"";"1";"1";"L,M,X,J,V,S,D";"";"2025-06-01 00:00:00.0";"2025-06-30 23:59:00.0";"";"";"http://www.madrid.es/sites/v/index.jsp?vgnextchannel=ca9671ee4a9eb410VgnVCM100000171f5a0aRCRD&vgnextoid=a3859e88be95d810VgnVCM1000001d4a900aRCRD";"Actividades en el centro juvenil 'Tetuán Punto Joven'. Abril 2025";"http://www.madrid.es/sites/v/index.jsp?vgnextchannel=ca9671ee4a9eb410VgnVCM100000171f5a0aRCRD&vgnextoid=51b6a4ec61dec310VgnVCM1000000b205a0aRCRD";"http://www.madrid.es/sites/v/index.jsp?vgnextchannel=bfa48ab43d6bb410VgnVCM100000171f5a0aRCRD&vgnextoid=2f9e41aee5a2a110VgnVCM1000000b205a0aRCRD";"Centro Juvenil Tetuán Punto Joven";"0";"CALLE";"DULCINEA";"4";"TETUAN";"CUATRO CAMINOS";"28020";"440651";"4477630";"40.447199849232135";"-3.6998771920981004";"";"/usuario/Jovenes"
12809958;"Actividades en la biblioteca";"";"1";"1";"S,D";"";"2025-06-23 00:00:00.0";"2025-07-04 23:59:00.0";"10:00";"";"http://www.madrid.es/sites/v/index.jsp?vgnextchannel=ca9671ee4a9eb410VgnVCM100000171f5a0aRCRD&vgnextoid=95511ecdbfc97910VgnVCM1000001d4a900aRCRD";"";"";"http://www.madrid.es/sites/v/index.jsp?vgnextchannel=bfa48ab43d6bb410VgnVCM100000171f5a0aRCRD&vgnextoid=b5ca89e2c9e5d010VgnVCM1000000b205a0aRCRD";"Biblioteca Pública Municipal Manuel Vázquez Montalbán (Tetuán)";"1,6";"CALLE";"FRANCOS RODRIGUEZ";"67";"TETUAN";"BELLAS VISTAS";"28039";"439755";"4478779";"40.45749513485957";"-3.710539712535917";"/contenido/actividades/CursosTalleres";"/usuario/Niños"
12130154;"Actividades mensuales de los centros de mayores del distrito Centro";"";"0";"1";"L,M,X,J,V";"19/6/2025;23/6/2025;24/6/2025;30/6/2025;";"2025-04-01 00:00:00.0";"2032-04-30 23:59:00.0";"";"";"http://www.madrid.es/sites/v/index.jsp?vgnextchannel=ca9671ee4a9eb410VgnVCM100000171f5a0aRCRD&vgnextoid=b8d69bd86cd1b810VgnVCM2000001f4a900aRCRD";"Actividades mensuales de los centros de mayores del distrito Centro";"http://www.madrid.es/sites/v/index.jsp?vgnextchannel=ca9671ee4a9eb410VgnVCM100000171f5a0aRCRD&vgnextoid=038a389dcf828810VgnVCM1000001d4a900aRCRD";"";"";"";"";"";"";"";"";"";"";"";"";"";"";"/usuario/Mayores"
12130170;"Actividades mensuales de los centros de mayores del distrito Fuencarral - El Pardo";"";"0";"1";"L,M,X,J,V,S,D";"1/5/2025;2/5/2025;3/5/2025;4/5/2025;10/5/2025;11/5/2025;15/5/2025;16/5/2025;17/5/2025;18/5/2025;24/5/2025;25/5/2025;26/5/2025;30/5/2025;31/5/2025;1/6/2025;8/6/2025;15/6/2025;22/6/2025;29/6/2025;27/6/2025;20/6/2025;13/6/2025;23/6/2025;24/6/2025;25/6/2025;26/6/2025;30/6/2025;";"2025-06-01 00:00:00.0";"2025-06-30 23:59:00.0";"";"";"http://www.madrid.es/sites/v/index.jsp?vgnextchannel=ca9671ee4a9eb410VgnVCM100000171f5a0aRCRD&vgnextoid=d8379bd86cd1b810VgnVCM2000001f4a900aRCRD";"Actividades mensuales de los centros de mayores del distrito Fuencarral - El Pardo";"http://www.madrid.es/sites/v/index.jsp?vgnextchannel=ca9671ee4a9eb410VgnVCM100000171f5a0aRCRD&vgnextoid=01b382e14dd1b810VgnVCM1000001d4a900aRCRD";"";"";"";"";"";"";"";"";"";"";"";"";"";"";"/usuario/Mayores"
12177480;"Actividades mensuales de los centros de mayores del distrito Hortaleza";"";"0";"1";"L,M,X,J";"1/1/2024;15/1/2024;29/1/2024;2/1/2024;3/1/2024;11/1/2024;5/1/2024;12/1/2024;26/1/2024;";"2024-02-01 00:00:00.0";"2025-07-13 23:59:00.0";"";"";"http://www.madrid.es/sites/v/index.jsp?vgnextchannel=ca9671ee4a9eb410VgnVCM100000171f5a0aRCRD&vgnextoid=315479485bdeb810VgnVCM1000001d4a900aRCRD";"Actividades mensuales de los centros de mayores del distrito Hortaleza";"http://www.madrid.es/sites/v/index.jsp?vgnextchannel=ca9671ee4a9eb410VgnVCM100000171f5a0aRCRD&vgnextoid=f35379485bdeb810VgnVCM1000001d4a900aRCRD";"";"";"";"";"";"";"";"";"";"";"";"";"";"";"/usuario/Mayores"
12263426;"Actividades mensuales de los centros de mayores del distrito Vicálvaro";"";"0";"1";"L,M,X,J,V,D";"14/4/2025;15/4/2025;29/4/2025;21/4/2025;22/4/2025;28/4/2025;";"2024-01-23 00:00:00.0";"2031-04-26 23:59:00.0";"";"";"http://www.madrid.es/sites/v/index.jsp?vgnextchannel=ca9671ee4a9eb410VgnVCM100000171f5a0aRCRD&vgnextoid=1454a9913813d810VgnVCM1000001d4a900aRCRD";"Actividades mensuales de los centros de mayores del distrito Vicálvaro";"http://www.madrid.es/sites/v/index.jsp?vgnextchannel=ca9671ee4a9eb410VgnVCM100000171f5a0aRCRD&vgnextoid=08bbcb25a62db810VgnVCM1000001d4a900aRCRD";"";"";"";"";"";"";"";"";"";"";"";"";"";"";"/usuario/Mayores"
12790858;"Actuación de los orgullosos de siempre";"";"1";"0";"";"";"2025-06-28 00:00:00.0";"2025-06-28 23:59:00.0";"19:00";"Los Orgullosos de Siempre     A partir de 16 años. Los Orgullosos de Siempre es una banda formada por cuatro experimentados músicos que se unen con una selección de canciones icónicas que han marcado la historia de la música de los 80? y 90? con especial atención en canciones que sonaron en 'La Movida Madrileña' e himnos para el movimiento LGTBIQ+. Nos invitan a un concierto que es un viaje musical lleno de alegría y pasión con la clara intención de celebrar el amor en todas sus formas, la libertad y la igualdad. Un concierto que provocará saltar de la butaca para bailar ycantar todos juntos.";"http://www.madrid.es/sites/v/index.jsp?vgnextchannel=ca9671ee4a9eb410VgnVCM100000171f5a0aRCRD&vgnextoid=1100ba0908027910VgnVCM1000001d4a900aRCRD";"Actividades en el Centro Cultural Hortaleza";"http://www.madrid.es/sites/v/index.jsp?vgnextchannel=ca9671ee4a9eb410VgnVCM100000171f5a0aRCRD&vgnextoid=11a2acd787eb1610VgnVCM2000001f4a900aRCRD";"http://www.madrid.es/sites/v/index.jsp?vgnextchannel=bfa48ab43d6bb410VgnVCM100000171f5a0aRCRD&vgnextoid=86381e79ee71c010VgnVCM1000000b205a0aRCRD";"Centro Cultural Hortaleza";"1";"CALLE";"SANTA VIRGILIA";"15";"HORTALEZA";"PINAR DEL REY";"28033";"445577";"4480880";"40.47682410775741";"-3.6420497457238";"/contenido/actividades/LGTBI";""
12790961;"Actuación de los/las alumnos/as de Zumba y Baile del Centro Cultural";"";"1";"1";"L,M,X,J,V,S,D";"";"2025-06-25 00:00:00.0";"2025-06-26 23:59:00.0";"";"";"http://www.madrid.es/sites/v/index.jsp?vgnextchannel=ca9671ee4a9eb410VgnVCM100000171f5a0aRCRD&vgnextoid=c67ae1efbc027910VgnVCM2000001f4a900aRCRD";"Actividades del Centro Cultural Villa de Barajas";"http://www.madrid.es/sites/v/index.jsp?vgnextchannel=ca9671ee4a9eb410VgnVCM100000171f5a0aRCRD&vgnextoid=7cf87fa151abf810VgnVCM2000001f4a900aRCRD";"http://www.madrid.es/sites/v/index.jsp?vgnextchannel=bfa48ab43d6bb410VgnVCM100000171f5a0aRCRD&vgnextoid=476c1e79ee71c010VgnVCM1000000b205a0aRCRD";"Centro Cultural - Centro Socio Cultural Villa de Barajas";"1,5,6";"CALLE";"BOTICA";"7";"BARAJAS";"CASCO H.BARAJAS";"28042";"450962";"4480446";"40.47324881250678";"-3.5784908616003723";"/contenido/actividades/DanzaBaile";""
12808388;"Acuarela e ilustración";"";"1";"1";"L,M,X,J,V,S,D";"";"2025-09-01 00:00:00.0";"2025-09-30 23:59:00.0";"";"Exposición de pintura de Alejandra Bonmatí";"http://www.madrid.es/sites/v/index.jsp?vgnextchannel=ca9671ee4a9eb410VgnVCM100000171f5a0aRCRD&vgnextoid=aa935df87ec87910VgnVCM1000001d4a900aRCRD";"Actividades en el Centro Cultural José Luis López Vázquez";"http://www.madrid.es/sites/v/index.jsp?vgnextchannel=ca9671ee4a9eb410VgnVCM100000171f5a0aRCRD&vgnextoid=445a70db6da41910VgnVCM2000001f4a900aRCRD";"http://www.madrid.es/sites/v/index.jsp?vgnextchannel=bfa48ab43d6bb410VgnVCM100000171f5a0aRCRD&vgnextoid=b790e37de110f210VgnVCM1000000b205a0aRCRD";"Centro Cultural José Luis López Vázquez (San Blas - Canillejas)";"2";"CALLE";"FEBRERO";"4";"SAN BLAS-CANILLEJAS";"REJAS";"28022";"451431";"4477510";"40.446826729909155";"-3.5727382893523254";"/contenido/actividades/Exposiciones";""
12732001;"África en Cinecicleta en Vicálvaro";"";"1";"0";"";"";"2025-06-25 00:00:00.0";"2025-06-25 23:59:00.0";"11:30";"Centro Sociocomunitario Cañada Real";"http://www.madrid.es/sites/v/index.jsp?vgnextchannel=ca9671ee4a9eb410VgnVCM100000171f5a0aRCRD&vgnextoid=9166c254281d5910VgnVCM1000001d4a900aRCRD";"";"";"";"";"";"";"";"";"";"";"";"";"";"";"";"/contenido/actividades/1ciudad21distritos";""
12804879;"Akira 4K";"";"0";"0";"";"";"2025-09-28 00:00:00.0";"2025-09-28 23:59:00.0";"12:00";"Año 2019. Megalópolis de Tokio. Kaneda, líder de una banda de delincuentes juveniles, conduce su moto compitiendo contra bandas rivales a través de una ciudad devastada. Una noche, su amigo Tetsuo resulta malherido tras chocar de frente con un extraño muchacho producto de la experimentación humana. Al instante, los militares entran en escena llevándose a Tetsuo con ellos. Dispuesto a liberar a su amigo, Kaneda se infiltra en las instalaciones de investigación militar donde ha sido recluido. Pero para entonces un nuevo poder ya ha despertado en Tetsuo, que comienza a ser consumido por la locura?Mientras tanto, uno de los sujetos experimentales del laboratorio anuncia el despertar del mayor de los secretos? el advenimiento de Akira.  No recomendada para menores de 12 años";"http://www.madrid.es/sites/v/index.jsp?vgnextchannel=ca9671ee4a9eb410VgnVCM100000171f5a0aRCRD&vgnextoid=bc2e082228d77910VgnVCM1000001d4a900aRCRD";"";"";"http://www.madrid.es/sites/v/index.jsp?vgnextchannel=bfa48ab43d6bb410VgnVCM100000171f5a0aRCRD&vgnextoid=2dbd1fe44c5ee310VgnVCM2000000c205a0aRCRD";"Cineteca Madrid";"1";"PLAZA";"LEGAZPI";"8";"ARGANZUELA";"CHOPERA";"28045";"440946";"4471422";"40.39130985242181";"-3.6958028442054074";"/contenido/actividades/ProgramacionDestacadaAgendaCultura";"/usuario/Familias"
12805248;"Al compás de la palabra (recital poético y musical)";"";"1";"0";"";"";"2025-07-19 00:00:00.0";"2025-07-19 23:59:00.0";"20:30";"Lugar: Glorieta del Toboso   Participantes:    Poetas: Rosa Rodríguez Núñez, Esther Martínez Carne, Daniel Mustieles. Colabora: Alberto Morate. Cantautor: Javier Gijón. Actividad: Un viaje íntimo a través de la poesía y la música en vivo.";"http://www.madrid.es/sites/v/index.jsp?vgnextchannel=ca9671ee4a9eb410VgnVCM100000171f5a0aRCRD&vgnextoid=a7161a2c8c187910VgnVCM1000001d4a900aRCRD";"";"";"";"";"";"";"";"";"";"";"";"";"";"";"";"/contenido/actividades/RecitalesPresentacionesActosLiterarios";""
12809471;"Alien: Romulus";"";"1";"0";"";"";"2025-08-23 00:00:00.0";"2025-08-23 23:59:00.0";"22:00";"Dirección: Fede Álvarez.  Con Cailee Spaeny, David Jonsson, Archie Renaux.  Reino Unido-EEUU 2024. 119?.       Mientras rebuscan en las profundidades de una estación espacial abandonada, un grupo de jóvenes colonizadores del espacio se encuentran cara a cara con la forma de vida más aterradora del universo.     No recomendado para menores de 13 años.";"http://www.madrid.es/sites/v/index.jsp?vgnextchannel=ca9671ee4a9eb410VgnVCM100000171f5a0aRCRD&vgnextoid=a4ace7bc50c97910VgnVCM2000001f4a900aRCRD";"XXIX Festival de cine al aire libre de Ciudad Lineal 2025";"http://www.madrid.es/sites/v/index.jsp?vgnextchannel=ca9671ee4a9eb410VgnVCM100000171f5a0aRCRD&vgnextoid=e0d141fef4a97910VgnVCM1000001d4a900aRCRD";"http://www.madrid.es/sites/v/index.jsp?vgnextchannel=bfa48ab43d6bb410VgnVCM100000171f5a0aRCRD&vgnextoid=598745dbd6891110VgnVCM1000000b205a0aRCRD";"Instalación Deportiva Municipal Básica Parque El Calero";"0";"CALLE";"VIRGEN DE NURIA";"S/N";"CIUDAD LINEAL";"CONCEPCION";"28027";"444643";"4476387";"40.436286671972276";"-3.6526968257803736";"/contenido/actividades/CineActividadesAudiovisuales";""
12766114;"All jazz";"";"1";"0";"";"";"2025-06-27 00:00:00.0";"2025-06-27 23:59:00.0";"19:00";"Dúo Pascual- Szternsztejn    A partir de 16 años. Concierto de jazz dos excelentes músicos, Gabriel Szternsztejn a la guitarra y Paxti Pascual al saxo, que forman este dúo para fusionar la sensualidad del saxo con la versatilidad de la guitarra logrando un excelente concierto de jazz, en un clima que transmite relajación y disfrute. En este concierto interpretarán conocidas canciones de jazz y algunas piezas del propio repertorio.";"http://www.madrid.es/sites/v/index.jsp?vgnextchannel=ca9671ee4a9eb410VgnVCM100000171f5a0aRCRD&vgnextoid=4f0494b983686910VgnVCM1000001d4a900aRCRD";"Actividades en el Centro Cultural Hortaleza";"http://www.madrid.es/sites/v/index.jsp?vgnextchannel=ca9671ee4a9eb410VgnVCM100000171f5a0aRCRD&vgnextoid=11a2acd787eb1610VgnVCM2000001f4a900aRCRD";"http://www.madrid.es/sites/v/index.jsp?vgnextchannel=bfa48ab43d6bb410VgnVCM100000171f5a0aRCRD&vgnextoid=86381e79ee71c010VgnVCM1000000b205a0aRCRD";"Centro Cultural Hortaleza";"1";"CALLE";"SANTA VIRGILIA";"15";"HORTALEZA";"PINAR DEL REY";"28033";"445577";"4480880";"40.47682410775741";"-3.6420497457238";"/contenido/actividades/Musica";""
12781346;"Alumnos infantil (de 5 a 8 años) taller pintura centro cultural Antonio Machado";"";"1";"1";"L,M,X,J,V,S,D";"";"2025-06-16 00:00:00.0";"2025-06-30 23:59:00.0";"";"Exposición de pintura";"http://www.madrid.es/sites/v/index.jsp?vgnextchannel=ca9671ee4a9eb410VgnVCM100000171f5a0aRCRD&vgnextoid=ec0bc21a157f6910VgnVCM1000001d4a900aRCRD";"Actividades en el Centro Cultural Antonio Machado";"http://www.madrid.es/sites/v/index.jsp?vgnextchannel=ca9671ee4a9eb410VgnVCM100000171f5a0aRCRD&vgnextoid=74f47a01d8641910VgnVCM2000001f4a900aRCRD";"http://www.madrid.es/sites/v/index.jsp?vgnextchannel=bfa48ab43d6bb410VgnVCM100000171f5a0aRCRD&vgnextoid=cce43d0b5e71c010VgnVCM1000000b205a0aRCRD";"Centro Cultural Antonio Machado (San Blas - Canillejas)";"1";"CALLE";"SAN ROMAN DEL VALLE";"8";"SAN BLAS-CANILLEJAS";"ARCOS";"28037";"447255";"4474591";"40.420280457570335";"-3.621730741880216";"/contenido/actividades/Exposiciones";"/usuario/Niños,/usuario/Familias"
12781353;"Alumnos tarde taller pintura centro cultural Antonio Machado";"";"1";"1";"L,M,X,J,V,S,D";"";"2025-06-16 00:00:00.0";"2025-06-30 23:59:00.0";"";"Exposición de pintura.";"http://www.madrid.es/sites/v/index.jsp?vgnextchannel=ca9671ee4a9eb410VgnVCM100000171f5a0aRCRD&vgnextoid=991dc21a157f6910VgnVCM1000001d4a900aRCRD";"Actividades en el Centro Cultural Antonio Machado";"http://www.madrid.es/sites/v/index.jsp?vgnextchannel=ca9671ee4a9eb410VgnVCM100000171f5a0aRCRD&vgnextoid=74f47a01d8641910VgnVCM2000001f4a900aRCRD";"http://www.madrid.es/sites/v/index.jsp?vgnextchannel=bfa48ab43d6bb410VgnVCM100000171f5a0aRCRD&vgnextoid=cce43d0b5e71c010VgnVCM1000000b205a0aRCRD";"Centro Cultural Antonio Machado (San Blas - Canillejas)";"1";"CALLE";"SAN ROMAN DEL VALLE";"8";"SAN BLAS-CANILLEJAS";"ARCOS";"28037";"447255";"4474591";"40.420280457570335";"-3.621730741880216";"/contenido/actividades/Exposiciones";""
12790996;"Álvaro Retana. Salir del armario de la historia";"";"0";"0";"";"";"2025-06-26 00:00:00.0";"2025-06-26 23:59:00.0";"20:00";"";"http://www.madrid.es/sites/v/index.jsp?vgnextchannel=ca9671ee4a9eb410VgnVCM100000171f5a0aRCRD&vgnextoid=4ed220bcab027910VgnVCM1000001d4a900aRCRD";"";"";"http://www.madrid.es/sites/v/index.jsp?vgnextchannel=bfa48ab43d6bb410VgnVCM100000171f5a0aRCRD&vgnextoid=2dbd1fe44c5ee310VgnVCM2000000c205a0aRCRD";"Cineteca Madrid";"1";"PLAZA";"LEGAZPI";"8";"ARGANZUELA";"CHOPERA";"28045";"440946";"4471422";"40.39130985242181";"-3.6958028442054074";"/contenido/actividades/ProgramacionDestacadaAgendaCultura";""
12805194;"Ambient Layers";"";"0";"0";"";"";"2025-07-03 00:00:00.0";"2025-07-03 23:59:00.0";"19:30";"";"http://www.madrid.es/sites/v/index.jsp?vgnextchannel=ca9671ee4a9eb410VgnVCM100000171f5a0aRCRD&vgnextoid=6cad1a2c8c187910VgnVCM1000001d4a900aRCRD";"";"";"";"";"";"";"";"";"";"";"";"";"";"";"";"/contenido/actividades/ProgramacionDestacadaAgendaCultura";""
12801880;"Amigos imaginarios";"";"1";"0";"";"";"2025-07-12 00:00:00.0";"2025-07-12 23:59:00.0";"22:00";"Una niña pasa por una experiencia difícil y entonces empieza a ver a los amigos imaginarios de todo el mundo que se han ido quedando atrás a medida que sus amigos de la vida real han ido creciendo.   Duración: 104 minutos.   Edad recomendada: para todos los públicos.";"http://www.madrid.es/sites/v/index.jsp?vgnextchannel=ca9671ee4a9eb410VgnVCM100000171f5a0aRCRD&vgnextoid=c30b7c18cc367910VgnVCM2000001f4a900aRCRD";"Cine de verano en Tetuán";"http://www.madrid.es/sites/v/index.jsp?vgnextchannel=ca9671ee4a9eb410VgnVCM100000171f5a0aRCRD&vgnextoid=b6ba7c18cc367910VgnVCM2000001f4a900aRCRD";"";"";"";"";"";"";"";"";"";"";"";"";"";"/contenido/actividades/CineActividadesAudiovisuales";""
12804337;"Amigos imaginarios";"";"1";"0";"";"";"2025-06-26 00:00:00.0";"2025-06-26 23:59:00.0";"22:00";"Duración: 104 min.  Dirección: John Krasinski  Sinopsis: Una niña pasa por una experiencia difícil y entonces empieza a ver a los amigos imaginarios de todo el mundo que se han ido quedando atrás a medida que sus amigos de la vida real han ido creciendo.  Público: Para todos los públicos.  Entrada libre hasta completar aforo.";"http://www.madrid.es/sites/v/index.jsp?vgnextchannel=ca9671ee4a9eb410VgnVCM100000171f5a0aRCRD&vgnextoid=ae29240b69c77910VgnVCM1000001d4a900aRCRD";"Verano de cine Retiro 2025";"http://www.madrid.es/sites/v/index.jsp?vgnextchannel=ca9671ee4a9eb410VgnVCM100000171f5a0aRCRD&vgnextoid=cdac62ae0c4a1810VgnVCM1000001d4a900aRCRD";"http://www.madrid.es/sites/v/index.jsp?vgnextchannel=bfa48ab43d6bb410VgnVCM100000171f5a0aRCRD&vgnextoid=cdbeb77bb6884610VgnVCM1000001d4a900aRCRD";"Plaza de Daoíz y Velarde";"1";"PLAZA";"DAOIZ Y VELARDE";"2";"RETIRO";"PACIFICO";"28007";"442527";"4472618";"40.402190438836826";"-3.6772826298329093";"/contenido/actividades/CineActividadesAudiovisuales";""
12804648;"Amigos imaginarios (2024) dirigido por John Krasinski";"";"0";"0";"";"";"2025-08-22 00:00:00.0";"2025-08-22 23:59:00.0";"22:00";"Una niña pasa por una experiencia difícil y entonces empieza a ver a los amigos imaginarios de todo el mundo que se han ido quedando atrás a medida que sus amigos de la vida real han ido creciendo.  Lugar: Instalación Mercadillo c/ del Gorrión (Vicente Quesada, 11)  Género: Comedia  Edad recomendada: Apta para todos los públicos y distintivo especialmente recomendada para la infancia    Duración: 104 minutos";"http://www.madrid.es/sites/v/index.jsp?vgnextchannel=ca9671ee4a9eb410VgnVCM100000171f5a0aRCRD&vgnextoid=113258fa23d77910VgnVCM2000001f4a900aRCRD";"Cine de verano 2025 en Carabanchel";"http://www.madrid.es/sites/v/index.jsp?vgnextchannel=ca9671ee4a9eb410VgnVCM100000171f5a0aRCRD&vgnextoid=e8a2cd0e24b76910VgnVCM1000001d4a900aRCRD";"";"";"";"";"";"";"";"";"";"";"";"";"";"/contenido/actividades/CineActividadesAudiovisuales";"/usuario/Niños"
12806117;"Anfibios españoles. Los más amenazados de nuestra fauna/ Asociación Herpetológica Española";"";"1";"1";"M,X,J,V,S,D";"";"2025-07-01 00:00:00.0";"2025-07-31 23:59:00.0";"";"En horario de apertura al público.  Edad: Todos los públicos.  Sinopsis: Los anfibios son pequeños vertebrados que viven entre dos ambientes, el agua y la tierra, por ello son unos importantes bioindicadores de la calidad de los ecosistemas acuáticos; lamentablemente en la actualidad están sufriendo muchas amenazas debido a la mala calidad de las aguas en España. Además, estos pequeños animalitos presentan un ciclo de vida fascinante con grandes modificaciones desde su estado larvario hasta su estado adulto, lo que se conoce como metamorfosis. Por todas estas razones la Asociación Herpetológica Española (AHE), a través de esta exposición, pretende dar a conocer los anfibios de la fauna española, que no son pocos. ¡¡Vente a conocerlos!!";"http://www.madrid.es/sites/v/index.jsp?vgnextchannel=ca9671ee4a9eb410VgnVCM100000171f5a0aRCRD&vgnextoid=6dfc38a3b1787910VgnVCM1000001d4a900aRCRD";"Actividades en el Centro de Educación Ambiental y Cultural Maris Stella";"http://www.madrid.es/sites/v/index.jsp?vgnextchannel=ca9671ee4a9eb410VgnVCM100000171f5a0aRCRD&vgnextoid=4e25ce5179e61910VgnVCM1000001d4a900aRCRD";"http://www.madrid.es/sites/v/index.jsp?vgnextchannel=bfa48ab43d6bb410VgnVCM100000171f5a0aRCRD&vgnextoid=85205619bc23d710VgnVCM2000001f4a900aRCRD";"Centro de Educación Ambiental y Cultural Maris Stella (Usera)";"1";"CALLE";"DOCTOR TOLOSA LATOUR";"16";"USERA";"PRADOLONGO";"28026";"440301";"4469524";"40.374166248648216";"-3.7032220308808577";"/contenido/actividades/Exposiciones";""
12785531;"Antonio Lizana con Daniel García, piano";"";"0";"0";"";"";"2025-09-25 00:00:00.0";"2025-09-25 23:59:00.0";"19:30";"";"http://www.madrid.es/sites/v/index.jsp?vgnextchannel=ca9671ee4a9eb410VgnVCM100000171f5a0aRCRD&vgnextoid=390707f005117910VgnVCM2000001f4a900aRCRD";"";"";"http://www.madrid.es/sites/v/index.jsp?vgnextchannel=bfa48ab43d6bb410VgnVCM100000171f5a0aRCRD&vgnextoid=5ff519cd7bcee210VgnVCM1000000b205a0aRCRD";"CentroCentro";"1";"PLAZA";"CIBELES";"1";"RETIRO";"LOS JERONIMOS";"28014";"441277";"4474496";"40.41902261618159";"-3.692188193693138";"/contenido/actividades/ProgramacionDestacadaAgendaCultura";""
12804881;"Anzu, gato fantasma";"";"0";"0";"";"";"2025-09-07 00:00:00.0";"2025-09-07 23:59:00.0";"12:00";"En medio de un fuerte aguacero, un monje encuentra a un gatito al que bautiza como Anzu y cría con esmero. Sin embargo, 30 años después, el gatito no solo no ha muerto, sino que se ha convertido en un 'gato fantasma' que habla y vive como un ser humano. A sus 37 años, viaja en ciclomotor y trabaja a tiempo parcial como masajista. Un día, el anciano monje le pide a Anzu que cuide de Karin, su nieta de 11 años que ha sido abandonada por su padre, y este acepta a regañadientes. Al principio, sus personalidades enérgicas chocan y saltan chispas, pero poco a poco empiezan a entenderse. Entonces, Karin le pide un favor a Anzu: quiere volver a ver a su madre fallecida. Ese es el punto de partida para un dramático viaje que los llevará hasta el mismísimo Infierno.  No recomendada para menores de 7 años";"http://www.madrid.es/sites/v/index.jsp?vgnextchannel=ca9671ee4a9eb410VgnVCM100000171f5a0aRCRD&vgnextoid=f23e082228d77910VgnVCM1000001d4a900aRCRD";"";"";"http://www.madrid.es/sites/v/index.jsp?vgnextchannel=bfa48ab43d6bb410VgnVCM100000171f5a0aRCRD&vgnextoid=2dbd1fe44c5ee310VgnVCM2000000c205a0aRCRD";"Cineteca Madrid";"1";"PLAZA";"LEGAZPI";"8";"ARGANZUELA";"CHOPERA";"28045";"440946";"4471422";"40.39130985242181";"-3.6958028442054074";"/contenido/actividades/ProgramacionDestacadaAgendaCultura";"/usuario/Familias"
12804875;"Apocalypse Now: Final Cut";"";"0";"0";"";"";"2025-09-27 00:00:00.0";"2025-09-27 23:59:00.0";"19:30";"Durante la guerra de Vietnam, al joven Capitán Willard, un oficial de los servicios de inteligencia del ejército estadounidense, se le ha encomendado entrar en Camboya con la peligrosa misión de eliminar a Kurtz, un coronel renegado que se ha vuelto loco. El capitán deberá ir navegar por el río hasta el corazón de la selva, donde parece ser que Kurtz reina como un buda despótico sobre los miembros de la tribu Montagnard, que le adoran como a un dios.   No recomendada para menores de 18 años";"http://www.madrid.es/sites/v/index.jsp?vgnextchannel=ca9671ee4a9eb410VgnVCM100000171f5a0aRCRD&vgnextoid=b81e082228d77910VgnVCM1000001d4a900aRCRD";"";"";"http://www.madrid.es/sites/v/index.jsp?vgnextchannel=bfa48ab43d6bb410VgnVCM100000171f5a0aRCRD&vgnextoid=2dbd1fe44c5ee310VgnVCM2000000c205a0aRCRD";"Cineteca Madrid";"1";"PLAZA";"LEGAZPI";"8";"ARGANZUELA";"CHOPERA";"28045";"440946";"4471422";"40.39130985242181";"-3.6958028442054074";"/contenido/actividades/ProgramacionDestacadaAgendaCultura";""
12724415;"Aprende a identificar las mariposas de Madrid";"";"1";"0";"";"";"2025-06-27 00:00:00.0";"2025-06-27 23:59:00.0";"11:00";"";"http://www.madrid.es/sites/v/index.jsp?vgnextchannel=ca9671ee4a9eb410VgnVCM100000171f5a0aRCRD&vgnextoid=9a689711763a5910VgnVCM2000001f4a900aRCRD";"Aprende a identificar las mariposas de Madrid";"http://www.madrid.es/sites/v/index.jsp?vgnextchannel=ca9671ee4a9eb410VgnVCM100000171f5a0aRCRD&vgnextoid=d17ac39a88fb5810VgnVCM1000001d4a900aRCRD";"http://www.madrid.es/sites/v/index.jsp?vgnextchannel=bfa48ab43d6bb410VgnVCM100000171f5a0aRCRD&vgnextoid=8a22598d1351c010VgnVCM1000000b205a0aRCRD";"Centro de Información y Educación Ambiental de Casa de Campo";"1";"PARQUE";"CASA DE CAMPO (JUNTO AL EMBARCADERO DEL LAGO)";"";"MONCLOA-ARAVACA";"CASA DE CAMPO";"28011";"437990";"4474399";"40.41789950036311";"-3.7309390858931137";"/contenido/actividades/CursosTalleres";""
12724414;"Aprende a identificar las mariposas de Madrid";"";"1";"0";"";"";"2025-09-26 00:00:00.0";"2025-09-26 23:59:00.0";"10:00";"";"http://www.madrid.es/sites/v/index.jsp?vgnextchannel=ca9671ee4a9eb410VgnVCM100000171f5a0aRCRD&vgnextoid=67489711763a5910VgnVCM2000001f4a900aRCRD";"Aprende a identificar las mariposas de Madrid";"http://www.madrid.es/sites/v/index.jsp?vgnextchannel=ca9671ee4a9eb410VgnVCM100000171f5a0aRCRD&vgnextoid=d17ac39a88fb5810VgnVCM1000001d4a900aRCRD";"http://www.madrid.es/sites/v/index.jsp?vgnextchannel=bfa48ab43d6bb410VgnVCM100000171f5a0aRCRD&vgnextoid=8a22598d1351c010VgnVCM1000000b205a0aRCRD";"Centro de Información y Educación Ambiental de Casa de Campo";"1";"PARQUE";"CASA DE CAMPO (JUNTO AL EMBARCADERO DEL LAGO)";"";"MONCLOA-ARAVACA";"CASA DE CAMPO";"28011";"437990";"4474399";"40.41789950036311";"-3.7309390858931137";"/contenido/actividades/CursosTalleres";""
12399838;"Aprende a identificar las mariposas de Madrid (especial familias)";"";"1";"0";"";"";"2025-07-19 00:00:00.0";"2025-07-19 23:59:00.0";"10:30";"¿Conoces la gran cantidad de especies de mariposas que hay en la ciudad? ¿Sabes qué mariposa merodea por tu jardín? ¿Te gustaría poder identificarla? Taller teórico-práctico en concierto con el Observatorio de Mariposas Urbanas, en el que descubriremos la biodiversidad de lepidópteros de Madrid. Incluye entrada al Centro entomológico Manuel Ortego. Taller dirigido a publico familiar (niños/as a partir de 9 años acompañados/as de adultos).  Duración estimada: aproximadamente dos horas.";"http://www.madrid.es/sites/v/index.jsp?vgnextchannel=ca9671ee4a9eb410VgnVCM100000171f5a0aRCRD&vgnextoid=b3e4987474f20910VgnVCM2000001f4a900aRCRD";"Especial familias";"http://www.madrid.es/sites/v/index.jsp?vgnextchannel=ca9671ee4a9eb410VgnVCM100000171f5a0aRCRD&vgnextoid=9bfd9a5c7db95810VgnVCM1000001d4a900aRCRD";"http://www.madrid.es/sites/v/index.jsp?vgnextchannel=bfa48ab43d6bb410VgnVCM100000171f5a0aRCRD&vgnextoid=8a22598d1351c010VgnVCM1000000b205a0aRCRD";"Centro de Información y Educación Ambiental de Casa de Campo";"1";"PARQUE";"CASA DE CAMPO (JUNTO AL EMBARCADERO DEL LAGO)";"";"MONCLOA-ARAVACA";"CASA DE CAMPO";"28011";"437990";"4474399";"40.41789950036311";"-3.7309390858931137";"";"/usuario/Familias"
12780509;"Aprende a manejar WhatsApp... mejor que tu nieto";"";"1";"1";"J";"";"2025-06-05 00:00:00.0";"2025-06-26 23:59:00.0";"10:30";"";"http://www.madrid.es/sites/v/index.jsp?vgnextchannel=ca9671ee4a9eb410VgnVCM100000171f5a0aRCRD&vgnextoid=74ef4c0f792f6910VgnVCM1000001d4a900aRCRD";"Aprende a manejar WhatsApp... mejor que tu nieto";"http://www.madrid.es/sites/v/index.jsp?vgnextchannel=ca9671ee4a9eb410VgnVCM100000171f5a0aRCRD&vgnextoid=92cd4c0f792f6910VgnVCM1000001d4a900aRCRD";"http://www.madrid.es/sites/v/index.jsp?vgnextchannel=bfa48ab43d6bb410VgnVCM100000171f5a0aRCRD&vgnextoid=83e748aaf535e710VgnVCM1000001d4a900aRCRD";"Biblioteca Pública Municipal San Fermín (Usera)";"1,5,6";"AVENIDA";"SAN FERMIN";"10";"USERA";"SAN FERMIN";"28041";"441188";"4469184";"40.3711623444796";"-3.692742821990015";"/contenido/actividades/CursosTalleres/CapacitacionDigital";""
12802817;"Aprende a usar tu móvil";"";"1";"1";"J,V";"";"2025-07-03 00:00:00.0";"2025-07-11 23:59:00.0";"10:00";"";"http://www.madrid.es/sites/v/index.jsp?vgnextchannel=ca9671ee4a9eb410VgnVCM100000171f5a0aRCRD&vgnextoid=96526cee59867910VgnVCM1000001d4a900aRCRD";"";"";"http://www.madrid.es/sites/v/index.jsp?vgnextchannel=bfa48ab43d6bb410VgnVCM100000171f5a0aRCRD&vgnextoid=83e748aaf535e710VgnVCM1000001d4a900aRCRD";"Biblioteca Pública Municipal San Fermín (Usera)";"1,5,6";"AVENIDA";"SAN FERMIN";"10";"USERA";"SAN FERMIN";"28041";"441188";"4469184";"40.3711623444796";"-3.692742821990015";"/contenido/actividades/CursosTalleres/CapacitacionDigital";""
12804354;"Aquaman y el reino perdido";"";"1";"0";"";"";"2025-08-07 00:00:00.0";"2025-08-07 23:59:00.0";"22:00";"Duración: 124 min.  Dirección: James Wan.  Sinopsis: Al no poder derrotar a Aquaman la primera vez, Black Manta, todavía impulsado por la necesidad de vengar la muerte de su padre, no se detendrá ante nada para derrotar a Aquaman de una vez por todas. Esta vez Black Manta es más formidable que nunca y ejerce el poder del mítico Tridente Negro, que desata una fuerza antigua y malévola. Para derrotarlo, Aquaman recurrirá a su hermano encarcelado Orm, el ex rey de la Atlántida, para forjar una alianza improbable. Juntos, deben dejar de lado sus diferencias para proteger su reino y salvar a la familia de Aquaman, y al mundo, de una destrucción irreversible.  Público: mayor de 12 años.  Entrada libre hasta completar aforo.";"http://www.madrid.es/sites/v/index.jsp?vgnextchannel=ca9671ee4a9eb410VgnVCM100000171f5a0aRCRD&vgnextoid=e3aa240b69c77910VgnVCM1000001d4a900aRCRD";"Verano de cine Retiro 2025";"http://www.madrid.es/sites/v/index.jsp?vgnextchannel=ca9671ee4a9eb410VgnVCM100000171f5a0aRCRD&vgnextoid=cdac62ae0c4a1810VgnVCM1000001d4a900aRCRD";"http://www.madrid.es/sites/v/index.jsp?vgnextchannel=bfa48ab43d6bb410VgnVCM100000171f5a0aRCRD&vgnextoid=cdbeb77bb6884610VgnVCM1000001d4a900aRCRD";"Plaza de Daoíz y Velarde";"1";"PLAZA";"DAOIZ Y VELARDE";"2";"RETIRO";"PACIFICO";"28007";"442527";"4472618";"40.402190438836826";"-3.6772826298329093";"/contenido/actividades/CineActividadesAudiovisuales";""
12763117;"Aquaman y el reino perdido (2023) dirigido por James Wan";"";"1";"0";"";"";"2025-07-18 00:00:00.0";"2025-07-18 23:59:00.0";"22:00";"Al no poder derrotar a Aquaman la primera vez, Black Manta, todavía impulsado por la necesidad de vengar la muerte de su padre, no se detendrá ante nada para derrotar a Aquaman de una vez por todas. Esta vez Black Manta es más formidable que nunca y ejerce el poder del mítico Tridente Negro, que desata una fuerza antigua y malévola. Para derrotarlo, Aquaman recurrirá a su hermano encarcelado Orm, el ex rey de la Atlántida, para forjar una alianza improbable.  Lugar: Instalación Mercadillo c/ del Gorrión (Vicente Quesada, 11)  Género: Ficción, aventuras  Edad recomendada: No recomendada para menores de 12 años  Duración: 123 minutos";"http://www.madrid.es/sites/v/index.jsp?vgnextchannel=ca9671ee4a9eb410VgnVCM100000171f5a0aRCRD&vgnextoid=0590fa9f39b76910VgnVCM2000001f4a900aRCRD";"Cine de verano 2025 en Carabanchel";"http://www.madrid.es/sites/v/index.jsp?vgnextchannel=ca9671ee4a9eb410VgnVCM100000171f5a0aRCRD&vgnextoid=e8a2cd0e24b76910VgnVCM1000001d4a900aRCRD";"";"";"";"";"";"";"";"";"";"";"";"";"";"/contenido/actividades/CineActividadesAudiovisuales";""
12801881;"Aquaman y el reino perdido.";"";"1";"0";"";"";"2025-07-19 00:00:00.0";"2025-07-19 23:59:00.0";"22:00";"Al no poder derrotar a Aquaman la primera vez, Black Manta, todavía impulsado por la necesidad de vengar la muerte de su padre, no se detendrá ante nada para derrotar a Aquaman de una vez por todas. Esta vez Black Manta es más formidable que nunca y ejerce el poder del mítico Tridente Negro, que desata una fuerza antigua y malévola. Para derrotarlo, Aquaman recurrirá a su hermano encarcelado Orm, el ex rey de la Atlántida, para forjar una alianza improbable. Juntos, deben dejar de lado sus diferencias para proteger su reino y salvar a la familia de Aquaman, y al mundo, de una destrucción irreversible. Duración 123 minutos. Edad recomendada: a partir de 12 años.";"http://www.madrid.es/sites/v/index.jsp?vgnextchannel=ca9671ee4a9eb410VgnVCM100000171f5a0aRCRD&vgnextoid=b71b7c18cc367910VgnVCM2000001f4a900aRCRD";"Cine de verano en Tetuán";"http://www.madrid.es/sites/v/index.jsp?vgnextchannel=ca9671ee4a9eb410VgnVCM100000171f5a0aRCRD&vgnextoid=b6ba7c18cc367910VgnVCM2000001f4a900aRCRD";"";"";"";"";"";"";"";"";"";"";"";"";"";"/contenido/actividades/CineActividadesAudiovisuales";""
12803572;"Árboles de El Retiro";"";"1";"0";"";"";"2025-07-17 00:00:00.0";"2025-07-17 23:59:00.0";"20:00";"En el parque de El Retiro se pueden encontrar cerca de 170 especies distintas de árboles, un verdadero tesoro de Biodiversidad en pleno centro de Madrid. Durante este itinerario, se muestran de forma sencilla las técnicas empleadas en botánica para el reconocimiento de especies. Para ello, se caracterizan las especies más representativas del parque, comentando sus usos tradicionales, leyendas y curiosidades. Se presta especial atención a los árboles singulares del parque como el Ahuehuete del Parterre o los cipreses de los pantanos del estanque del Palacio de Cristal.  Duración estimada: aproximadamente dos horas.";"http://www.madrid.es/sites/v/index.jsp?vgnextchannel=ca9671ee4a9eb410VgnVCM100000171f5a0aRCRD&vgnextoid=63342407bb777910VgnVCM2000001f4a900aRCRD";"Itinerarios guiados a la luz de la luna";"http://www.madrid.es/sites/v/index.jsp?vgnextchannel=ca9671ee4a9eb410VgnVCM100000171f5a0aRCRD&vgnextoid=af532407bb777910VgnVCM2000001f4a900aRCRD";"http://www.madrid.es/sites/v/index.jsp?vgnextchannel=bfa48ab43d6bb410VgnVCM100000171f5a0aRCRD&vgnextoid=796b8193c73c4210VgnVCM1000000b205a0aRCRD";"Centro de Información y Educación Ambiental de El Huerto de El Retiro";"1";"PASEO";"FERNAN NUÑEZ";"2";"RETIRO";"LOS JERONIMOS";"28009";"441779";"4473428";"40.40943503279114";"-3.6861797800993257";"";""
12803573;"Árboles de El Retiro";"";"1";"0";"";"";"2025-08-28 00:00:00.0";"2025-08-28 23:59:00.0";"19:00";"En el parque de El Retiro se pueden encontrar cerca de 170 especies distintas de árboles, un verdadero tesoro de Biodiversidad en pleno centro de Madrid. Durante este itinerario, se muestran de forma sencilla las técnicas empleadas en botánica para el reconocimiento de especies. Para ello, se caracterizan las especies más representativas del parque, comentando sus usos tradicionales, leyendas y curiosidades. Se presta especial atención a los árboles singulares del parque como el Ahuehuete del Parterre o los cipreses de los pantanos del estanque del Palacio de Cristal.  Duración estimada: aproximadamente dos horas.";"http://www.madrid.es/sites/v/index.jsp?vgnextchannel=ca9671ee4a9eb410VgnVCM100000171f5a0aRCRD&vgnextoid=06542407bb777910VgnVCM2000001f4a900aRCRD";"Itinerarios guiados a la luz de la luna";"http://www.madrid.es/sites/v/index.jsp?vgnextchannel=ca9671ee4a9eb410VgnVCM100000171f5a0aRCRD&vgnextoid=af532407bb777910VgnVCM2000001f4a900aRCRD";"http://www.madrid.es/sites/v/index.jsp?vgnextchannel=bfa48ab43d6bb410VgnVCM100000171f5a0aRCRD&vgnextoid=796b8193c73c4210VgnVCM1000000b205a0aRCRD";"Centro de Información y Educación Ambiental de El Huerto de El Retiro";"1";"PASEO";"FERNAN NUÑEZ";"2";"RETIRO";"LOS JERONIMOS";"28009";"441779";"4473428";"40.40943503279114";"-3.6861797800993257";"";""
12048589;"Árboles de El Retiro";"";"1";"0";"";"";"2025-08-02 00:00:00.0";"2025-08-02 23:59:00.0";"10:00";"En el parque de El Retiro se pueden encontrar cerca de 170 especies distintas de árboles, un verdadero tesoro de Biodiversidad en pleno centro de Madrid. Durante este itinerario, se muestran de forma sencilla las técnicas empleadas en botánica para el reconocimiento de especies. Para ello, se caracterizan las especies más representativas del parque, comentando sus usos tradicionales, leyendas y curiosidades. Se presta especial atención a los árboles singulares del parque como el Ahuehuete del Parterre o los cipreses de los pantanos del estanque del Palacio de Cristal.  Duración estimada: aproximadamente dos horas.";"http://www.madrid.es/sites/v/index.jsp?vgnextchannel=ca9671ee4a9eb410VgnVCM100000171f5a0aRCRD&vgnextoid=31af9ea9aeb09810VgnVCM1000001d4a900aRCRD";"Itinerarios guiados por El Retiro";"http://www.madrid.es/sites/v/index.jsp?vgnextchannel=ca9671ee4a9eb410VgnVCM100000171f5a0aRCRD&vgnextoid=e7b01130a93b1810VgnVCM1000001d4a900aRCRD";"http://www.madrid.es/sites/v/index.jsp?vgnextchannel=bfa48ab43d6bb410VgnVCM100000171f5a0aRCRD&vgnextoid=796b8193c73c4210VgnVCM1000000b205a0aRCRD";"Centro de Información y Educación Ambiental de El Huerto de El Retiro";"1";"PASEO";"FERNAN NUÑEZ";"2";"RETIRO";"LOS JERONIMOS";"28009";"441779";"4473428";"40.40943503279114";"-3.6861797800993257";"";""
12802602;"Árboles exóticos de El Retiro";"";"1";"0";"";"";"2025-08-28 00:00:00.0";"2025-08-28 23:59:00.0";"10:00";"De las casi 170 especies botánicas presentes en el Retiro, muchas son foráneas. En este itinerario damos a conocer algunas de las especies exóticas que se cultivan en el jardín, enmarcando el itinerario en el Jardín del Romanticismo y las expediciones botánicas. Actividad dirigida a público adulto.  Duración estimada: aproximadamente dos horas.";"http://www.madrid.es/sites/v/index.jsp?vgnextchannel=ca9671ee4a9eb410VgnVCM100000171f5a0aRCRD&vgnextoid=d33cbdc017867910VgnVCM2000001f4a900aRCRD";"Itinerarios guiados por El Retiro";"http://www.madrid.es/sites/v/index.jsp?vgnextchannel=ca9671ee4a9eb410VgnVCM100000171f5a0aRCRD&vgnextoid=e7b01130a93b1810VgnVCM1000001d4a900aRCRD";"http://www.madrid.es/sites/v/index.jsp?vgnextchannel=bfa48ab43d6bb410VgnVCM100000171f5a0aRCRD&vgnextoid=796b8193c73c4210VgnVCM1000000b205a0aRCRD";"Centro de Información y Educación Ambiental de El Huerto de El Retiro";"1";"PASEO";"FERNAN NUÑEZ";"2";"RETIRO";"LOS JERONIMOS";"28009";"441779";"4473428";"40.40943503279114";"-3.6861797800993257";"";""
11769589;"Árboles exóticos de El Retiro";"";"1";"0";"";"";"2025-07-05 00:00:00.0";"2025-07-05 23:59:00.0";"10:00";"De las casi 170 especies botánicas presentes en el Retiro, muchas son foráneas. En este itinerario damos a conocer algunas de las especies exóticas que se cultivan en el jardín, enmarcando el itinerario en el Jardín del Romanticismo y las expediciones botánicas.  Actividad dirigida a  público adulto .   Duración estimada: aproximadamente dos horas.";"http://www.madrid.es/sites/v/index.jsp?vgnextchannel=ca9671ee4a9eb410VgnVCM100000171f5a0aRCRD&vgnextoid=a3fcaf6138133810VgnVCM2000001f4a900aRCRD";"Itinerarios guiados por El Retiro";"http://www.madrid.es/sites/v/index.jsp?vgnextchannel=ca9671ee4a9eb410VgnVCM100000171f5a0aRCRD&vgnextoid=e7b01130a93b1810VgnVCM1000001d4a900aRCRD";"http://www.madrid.es/sites/v/index.jsp?vgnextchannel=bfa48ab43d6bb410VgnVCM100000171f5a0aRCRD&vgnextoid=796b8193c73c4210VgnVCM1000000b205a0aRCRD";"Centro de Información y Educación Ambiental de El Huerto de El Retiro";"1";"PASEO";"FERNAN NUÑEZ";"2";"RETIRO";"LOS JERONIMOS";"28009";"441779";"4473428";"40.40943503279114";"-3.6861797800993257";"";""
12803579;"Árboles exóticos de El Retiro";"";"1";"0";"";"";"2025-09-04 00:00:00.0";"2025-09-04 23:59:00.0";"19:00";"De las casi 170 especies botánicas presentes en el Retiro, muchas son foráneas. En este itinerario damos a conocer algunas de las especies exóticas que se cultivan en el jardín, enmarcando el itinerario en el Jardín del Romanticismo y las expediciones botánicas. Actividad dirigida a público adulto.  Duración estimada: aproximadamente dos horas.";"http://www.madrid.es/sites/v/index.jsp?vgnextchannel=ca9671ee4a9eb410VgnVCM100000171f5a0aRCRD&vgnextoid=63252407bb777910VgnVCM2000001f4a900aRCRD";"Itinerarios guiados a la luz de la luna";"http://www.madrid.es/sites/v/index.jsp?vgnextchannel=ca9671ee4a9eb410VgnVCM100000171f5a0aRCRD&vgnextoid=af532407bb777910VgnVCM2000001f4a900aRCRD";"http://www.madrid.es/sites/v/index.jsp?vgnextchannel=bfa48ab43d6bb410VgnVCM100000171f5a0aRCRD&vgnextoid=796b8193c73c4210VgnVCM1000000b205a0aRCRD";"Centro de Información y Educación Ambiental de El Huerto de El Retiro";"1";"PASEO";"FERNAN NUÑEZ";"2";"RETIRO";"LOS JERONIMOS";"28009";"441779";"4473428";"40.40943503279114";"-3.6861797800993257";"";""
11970764;"Árboles exóticos de El Retiro";"";"1";"0";"";"";"2025-06-26 00:00:00.0";"2025-06-26 23:59:00.0";"11:00";"De las casi 170 especies botánicas presentes en el Retiro, muchas son foráneas. En este itinerario damos a conocer algunas de las especies exóticas que se cultivan en el jardín, enmarcando el itinerario en el Jardín del Romanticismo y las expediciones botánicas. Actividad dirigida a público adulto.  Duración estimada: aproximadamente dos horas.";"http://www.madrid.es/sites/v/index.jsp?vgnextchannel=ca9671ee4a9eb410VgnVCM100000171f5a0aRCRD&vgnextoid=fb931c74ad227810VgnVCM1000001d4a900aRCRD";"Itinerarios guiados por El Retiro";"http://www.madrid.es/sites/v/index.jsp?vgnextchannel=ca9671ee4a9eb410VgnVCM100000171f5a0aRCRD&vgnextoid=e7b01130a93b1810VgnVCM1000001d4a900aRCRD";"http://www.madrid.es/sites/v/index.jsp?vgnextchannel=bfa48ab43d6bb410VgnVCM100000171f5a0aRCRD&vgnextoid=796b8193c73c4210VgnVCM1000000b205a0aRCRD";"Centro de Información y Educación Ambiental de El Huerto de El Retiro";"1";"PASEO";"FERNAN NUÑEZ";"2";"RETIRO";"LOS JERONIMOS";"28009";"441779";"4473428";"40.40943503279114";"-3.6861797800993257";"";""
12526731;"Árboles notables del Vivero";"";"1";"0";"";"";"2025-09-25 00:00:00.0";"2025-09-25 23:59:00.0";"10:00";"";"http://www.madrid.es/sites/v/index.jsp?vgnextchannel=ca9671ee4a9eb410VgnVCM100000171f5a0aRCRD&vgnextoid=472c8238b9e12910VgnVCM1000001d4a900aRCRD";"Árboles notables del Vivero";"http://www.madrid.es/sites/v/index.jsp?vgnextchannel=ca9671ee4a9eb410VgnVCM100000171f5a0aRCRD&vgnextoid=2f2c8214f7ec5810VgnVCM1000001d4a900aRCRD";"http://www.madrid.es/sites/v/index.jsp?vgnextchannel=bfa48ab43d6bb410VgnVCM100000171f5a0aRCRD&vgnextoid=8a22598d1351c010VgnVCM1000000b205a0aRCRD";"Centro de Información y Educación Ambiental de Casa de Campo";"1";"PARQUE";"CASA DE CAMPO (JUNTO AL EMBARCADERO DEL LAGO)";"";"MONCLOA-ARAVACA";"CASA DE CAMPO";"28011";"437990";"4474399";"40.41789950036311";"-3.7309390858931137";"/contenido/actividades/ExcursionesItinerariosVisitas";""
12039158;"Árboles singulares en torno al Lago";"";"1";"0";"";"";"2025-07-18 00:00:00.0";"2025-07-18 23:59:00.0";"09:30";"Recorrido circular en el que conocer la flora de las inmediaciones del Lago, prestando especial atención a los ejemplares más reconocibles como el Plátano Gordo o el Taray del Humedal u otros árboles notables como los cedros centenarios del Jardín del Centro de Información y Educación Ambiental. Itinerario circular dirigido a usuarios/as a partir de 9 años.  Duración estimada: aproximadamente dos horas y media.";"http://www.madrid.es/sites/v/index.jsp?vgnextchannel=ca9671ee4a9eb410VgnVCM100000171f5a0aRCRD&vgnextoid=93f4099c7c2d8810VgnVCM2000001f4a900aRCRD";"Itinerarios interpretativos y rutas de senderismo";"http://www.madrid.es/sites/v/index.jsp?vgnextchannel=ca9671ee4a9eb410VgnVCM100000171f5a0aRCRD&vgnextoid=38af832e34353810VgnVCM1000001d4a900aRCRD";"http://www.madrid.es/sites/v/index.jsp?vgnextchannel=bfa48ab43d6bb410VgnVCM100000171f5a0aRCRD&vgnextoid=8a22598d1351c010VgnVCM1000000b205a0aRCRD";"Centro de Información y Educación Ambiental de Casa de Campo";"1";"PARQUE";"CASA DE CAMPO (JUNTO AL EMBARCADERO DEL LAGO)";"";"MONCLOA-ARAVACA";"CASA DE CAMPO";"28011";"437990";"4474399";"40.41789950036311";"-3.7309390858931137";"";""
12799029;"Árboles singulares en torno al Lago";"";"1";"0";"";"";"2025-08-24 00:00:00.0";"2025-08-24 23:59:00.0";"09:30";"Recorrido circular en el que conocer la flora de las inmediaciones del Lago, prestando especial atención a los ejemplares más reconocibles como el Plátano Gordo o el Taray del Humedal u otros árboles notables como los cedros centenarios del Jardín del Centro de Información y Educación Ambiental. Itinerario circular dirigido a usuarios/as a partir de 9 años.  Duración estimada: aproximadamente dos horas y media.";"http://www.madrid.es/sites/v/index.jsp?vgnextchannel=ca9671ee4a9eb410VgnVCM100000171f5a0aRCRD&vgnextoid=c31ac02e46457910VgnVCM2000001f4a900aRCRD";"Itinerarios interpretativos y rutas de senderismo";"http://www.madrid.es/sites/v/index.jsp?vgnextchannel=ca9671ee4a9eb410VgnVCM100000171f5a0aRCRD&vgnextoid=38af832e34353810VgnVCM1000001d4a900aRCRD";"http://www.madrid.es/sites/v/index.jsp?vgnextchannel=bfa48ab43d6bb410VgnVCM100000171f5a0aRCRD&vgnextoid=8a22598d1351c010VgnVCM1000000b205a0aRCRD";"Centro de Información y Educación Ambiental de Casa de Campo";"1";"PARQUE";"CASA DE CAMPO (JUNTO AL EMBARCADERO DEL LAGO)";"";"MONCLOA-ARAVACA";"CASA DE CAMPO";"28011";"437990";"4474399";"40.41789950036311";"-3.7309390858931137";"";""
12726230;"Árboles: pasado, presente y futuro de un Madrid envuelto en ramas";"";"1";"1";"M,X,J,V,S,D";"";"2025-04-06 00:00:00.0";"2025-06-30 23:59:00.0";"";"Esta muestra invita a los visitantes a descubrir la historia, la realidad actual y las perspectivas futuras de los árboles en nuestra ciudad, un Madrid que, aunque en constante cambio, sigue siendo un lugar donde la naturaleza y la vida urbana se encuentran.  Inauguración el 6 de abril a las 12 horas.   Recomendado para todos los públicos.";"http://www.madrid.es/sites/v/index.jsp?vgnextchannel=ca9671ee4a9eb410VgnVCM100000171f5a0aRCRD&vgnextoid=ba3060b840ea5910VgnVCM2000001f4a900aRCRD";"Actividades en el Centro de Educación Ambiental y Cultural Maris Stella";"http://www.madrid.es/sites/v/index.jsp?vgnextchannel=ca9671ee4a9eb410VgnVCM100000171f5a0aRCRD&vgnextoid=4e25ce5179e61910VgnVCM1000001d4a900aRCRD";"http://www.madrid.es/sites/v/index.jsp?vgnextchannel=bfa48ab43d6bb410VgnVCM100000171f5a0aRCRD&vgnextoid=85205619bc23d710VgnVCM2000001f4a900aRCRD";"Centro de Educación Ambiental y Cultural Maris Stella (Usera)";"1";"CALLE";"DOCTOR TOLOSA LATOUR";"16";"USERA";"PRADOLONGO";"28026";"440301";"4469524";"40.374166248648216";"-3.7032220308808577";"/contenido/actividades/Exposiciones";""
12790688;"Arnicheando";"";"1";"0";"";"";"2025-06-28 00:00:00.0";"2025-06-28 23:59:00.0";"19:00";"Grupo de Teatro Vuvuzela.  A partir de 16 años.  Homenaje a Carlos Arniches: un sainete original del autor y otros dos inspirados en su manera de interpretar lo castizo, con canciones de zarzuelas intercaladas.";"http://www.madrid.es/sites/v/index.jsp?vgnextchannel=ca9671ee4a9eb410VgnVCM100000171f5a0aRCRD&vgnextoid=aee74e5f94027910VgnVCM2000001f4a900aRCRD";"Actividades en el Centro Cultural Carril del Conde";"http://www.madrid.es/sites/v/index.jsp?vgnextchannel=ca9671ee4a9eb410VgnVCM100000171f5a0aRCRD&vgnextoid=4dc76ed8d8a75610VgnVCM2000001f4a900aRCRD";"http://www.madrid.es/sites/v/index.jsp?vgnextchannel=bfa48ab43d6bb410VgnVCM100000171f5a0aRCRD&vgnextoid=66a7cbf06c81c010VgnVCM1000000b205a0aRCRD";"Centro Cultural Carril del Conde (Hortaleza)";"1";"CALLE";"CARRIL DEL CONDE";"57";"HORTALEZA";"CANILLAS";"28043";"444520";"4479119";"40.46089499555313";"-3.654366821391548";"/contenido/actividades/Musica";""
12040206;"Arroyo Meaques";"";"1";"0";"";"";"2025-09-14 00:00:00.0";"2025-09-14 23:59:00.0";"09:30";"Ruta fluvial a través de la ribera y el bosque caducifolio del arroyo Meaques. Recorrido propicio para observar la flora y fauna asociada a las fresnedas y a las zonas húmedas. El paseo nos permitirá descubrir restos de construcciones de épocas pasadas y los usos que el Parque ha tenido a lo largo del tiempo. Itinerario dirigido a usuarios/as a partir de 9 años.  Duración estimada: dos horas.";"http://www.madrid.es/sites/v/index.jsp?vgnextchannel=ca9671ee4a9eb410VgnVCM100000171f5a0aRCRD&vgnextoid=97ace667e88d8810VgnVCM1000001d4a900aRCRD";"Itinerarios interpretativos y rutas de senderismo";"http://www.madrid.es/sites/v/index.jsp?vgnextchannel=ca9671ee4a9eb410VgnVCM100000171f5a0aRCRD&vgnextoid=38af832e34353810VgnVCM1000001d4a900aRCRD";"http://www.madrid.es/sites/v/index.jsp?vgnextchannel=bfa48ab43d6bb410VgnVCM100000171f5a0aRCRD&vgnextoid=8a22598d1351c010VgnVCM1000000b205a0aRCRD";"Centro de Información y Educación Ambiental de Casa de Campo";"1";"PARQUE";"CASA DE CAMPO (JUNTO AL EMBARCADERO DEL LAGO)";"";"MONCLOA-ARAVACA";"CASA DE CAMPO";"28011";"437990";"4474399";"40.41789950036311";"-3.7309390858931137";"";""
12040204;"Arroyo Meaques";"";"1";"0";"";"";"2025-08-22 00:00:00.0";"2025-08-22 23:59:00.0";"09:30";"Ruta fluvial a través de la ribera y el bosque caducifolio del arroyo Meaques. Recorrido propicio para observar la flora y fauna asociada a las fresnedas y a las zonas húmedas. El paseo nos permitirá descubrir restos de construcciones de épocas pasadas y los usos que el Parque ha tenido a lo largo del tiempo. Itinerario dirigido a usuarios/as a partir de 9 años.  Duración estimada: aproximadamente dos horas.";"http://www.madrid.es/sites/v/index.jsp?vgnextchannel=ca9671ee4a9eb410VgnVCM100000171f5a0aRCRD&vgnextoid=4b5ce667e88d8810VgnVCM1000001d4a900aRCRD";"Itinerarios interpretativos y rutas de senderismo";"http://www.madrid.es/sites/v/index.jsp?vgnextchannel=ca9671ee4a9eb410VgnVCM100000171f5a0aRCRD&vgnextoid=38af832e34353810VgnVCM1000001d4a900aRCRD";"http://www.madrid.es/sites/v/index.jsp?vgnextchannel=bfa48ab43d6bb410VgnVCM100000171f5a0aRCRD&vgnextoid=8a22598d1351c010VgnVCM1000000b205a0aRCRD";"Centro de Información y Educación Ambiental de Casa de Campo";"1";"PARQUE";"CASA DE CAMPO (JUNTO AL EMBARCADERO DEL LAGO)";"";"MONCLOA-ARAVACA";"CASA DE CAMPO";"28011";"437990";"4474399";"40.41789950036311";"-3.7309390858931137";"";""
12411724;"Artemisia. La magia de la luna";"";"1";"1";"L,M,X,J,V,S,D";"";"2024-07-16 00:00:00.0";"2025-12-28 23:59:00.0";"18:00";"";"http://www.madrid.es/sites/v/index.jsp?vgnextchannel=ca9671ee4a9eb410VgnVCM100000171f5a0aRCRD&vgnextoid=91dbd257d6d70910VgnVCM1000001d4a900aRCRD";"Artemisa: La magia de la luna";"http://www.madrid.es/sites/v/index.jsp?vgnextchannel=ca9671ee4a9eb410VgnVCM100000171f5a0aRCRD&vgnextoid=e6c9d257d6d70910VgnVCM1000001d4a900aRCRD";"http://www.madrid.es/sites/v/index.jsp?vgnextchannel=bfa48ab43d6bb410VgnVCM100000171f5a0aRCRD&vgnextoid=c9c5b069a541f010VgnVCM1000000b205a0aRCRD";"Planetario de Madrid";"1,6";"AVENIDA";"PLANETARIO";"16";"ARGANZUELA";"LEGAZPI";"28045";"441868";"4471523";"40.392279999540044";"-3.684956957448299";"/contenido/actividades/Exposiciones";""
11725141;"Artes en el Retiro";"";"1";"0";"";"";"2025-09-11 00:00:00.0";"2025-09-11 23:59:00.0";"10:00";"Los jardines del Buen Retiro han servido como espacio para acoger mecenazgos y expresiones artísticas muy variadas, más de las que los visitantes imaginan. En este itinerario se presenta una obra de cada una de las Artes: Escultura de Ricardo Bellver, prosa de Galdós, poesía de Campoamor, música de Farinelli, arquitectura de Ricardo Velázquez? Actividad destinada a público adulto.  Duración estimada: aproximadamente dos horas.";"http://www.madrid.es/sites/v/index.jsp?vgnextchannel=ca9671ee4a9eb410VgnVCM100000171f5a0aRCRD&vgnextoid=a949c0b0864b1810VgnVCM2000001f4a900aRCRD";"Itinerarios guiados por El Retiro";"http://www.madrid.es/sites/v/index.jsp?vgnextchannel=ca9671ee4a9eb410VgnVCM100000171f5a0aRCRD&vgnextoid=e7b01130a93b1810VgnVCM1000001d4a900aRCRD";"http://www.madrid.es/sites/v/index.jsp?vgnextchannel=bfa48ab43d6bb410VgnVCM100000171f5a0aRCRD&vgnextoid=796b8193c73c4210VgnVCM1000000b205a0aRCRD";"Centro de Información y Educación Ambiental de El Huerto de El Retiro";"1";"PASEO";"FERNAN NUÑEZ";"2";"RETIRO";"LOS JERONIMOS";"28009";"441779";"4473428";"40.40943503279114";"-3.6861797800993257";"";""
12803571;"Artes en el Retiro";"";"1";"0";"";"";"2025-07-10 00:00:00.0";"2025-07-10 23:59:00.0";"20:00";"Los jardines del Buen Retiro han servido como espacio para acoger mecenazgos y expresiones artísticas muy variadas, más de las que los visitantes imaginan. En este itinerario se presenta una obra de cada una de las Artes: Escultura de Ricardo Bellver, prosa de Galdós, poesía de Campoamor, música de Farinelli, arquitectura de Ricardo Velázquez? Actividad destinada a público adulto.  Duración estimada: aproximadamente dos horas.";"http://www.madrid.es/sites/v/index.jsp?vgnextchannel=ca9671ee4a9eb410VgnVCM100000171f5a0aRCRD&vgnextoid=00f32407bb777910VgnVCM2000001f4a900aRCRD";"Itinerarios guiados a la luz de la luna";"http://www.madrid.es/sites/v/index.jsp?vgnextchannel=ca9671ee4a9eb410VgnVCM100000171f5a0aRCRD&vgnextoid=af532407bb777910VgnVCM2000001f4a900aRCRD";"http://www.madrid.es/sites/v/index.jsp?vgnextchannel=bfa48ab43d6bb410VgnVCM100000171f5a0aRCRD&vgnextoid=796b8193c73c4210VgnVCM1000000b205a0aRCRD";"Centro de Información y Educación Ambiental de El Huerto de El Retiro";"1";"PASEO";"FERNAN NUÑEZ";"2";"RETIRO";"LOS JERONIMOS";"28009";"441779";"4473428";"40.40943503279114";"-3.6861797800993257";"";""
12525792;"ArTrics - Laboratorio de Creación 2024/25";"";"1";"1";"L,M,X,J,V,S,D";"";"2024-10-01 00:00:00.0";"2025-07-31 23:59:00.0";"";"";"http://www.madrid.es/sites/v/index.jsp?vgnextchannel=ca9671ee4a9eb410VgnVCM100000171f5a0aRCRD&vgnextoid=7ae9c00a26e12910VgnVCM1000001d4a900aRCRD";"ArTrics - Laboratorio de Creación 2024/25";"http://www.madrid.es/sites/v/index.jsp?vgnextchannel=ca9671ee4a9eb410VgnVCM100000171f5a0aRCRD&vgnextoid=fb85887cdfd12910VgnVCM1000001d4a900aRCRD";"";"";"";"";"";"";"";"";"";"";"";"";"";"/contenido/actividades/TeatroPerformance";"/usuario/Jovenes"
12762660;"Asombroso Jardín";"";"1";"0";"";"";"2025-06-28 00:00:00.0";"2025-06-28 23:59:00.0";"12:00";"André Roldán, presenta, el 'Asombroso Jardín'.    La inquieta y curiosa Eva María está triste porque su jardín está sucio y ha perdido color.     La ayudaremos a devolver todos sus tonos y matices entre cuentos y cantos que nos recuerdan la importancia de cuidar el planeta.    Edad recomendada: a partir de 4 años.";"http://www.madrid.es/sites/v/index.jsp?vgnextchannel=ca9671ee4a9eb410VgnVCM100000171f5a0aRCRD&vgnextoid=30f4dcc0cf976910VgnVCM2000001f4a900aRCRD";"Actividades en el Centro Cultural Miguel Hernández";"http://www.madrid.es/sites/v/index.jsp?vgnextchannel=ca9671ee4a9eb410VgnVCM100000171f5a0aRCRD&vgnextoid=9018d9fbe3c7f510VgnVCM2000001f4a900aRCRD";"http://www.madrid.es/sites/v/index.jsp?vgnextchannel=bfa48ab43d6bb410VgnVCM100000171f5a0aRCRD&vgnextoid=420a1e79ee71c010VgnVCM1000000b205a0aRCRD";"Centro Cultural Miguel Hernández (Latina)";"1";"CALLE";"SERRADILLA";"13";"LATINA";"LAS AGUILAS";"28044";"433622";"4470101";"40.378853797128336";"-3.7819616113032115";"/contenido/actividades/Musica";""
12800572;"Astromitos";"";"1";"0";"";"";"2025-07-31 00:00:00.0";"2025-07-31 23:59:00.0";"22:00";"Compañía: AstroAfición        Ubicación: Bulevar de la Naturaleza, (Calle Bulevar de la Naturaleza, 28031, Madrid)  Duración: 120 minutos  Edad recomendada: De 5 a 12 años.   Imprescindible apuntarse en el correo   calleabierta@tritoma.es   indicando nombre, apellidos y edad del participante antes del 30 de julio. Aforo 50 personas.   Sinopsis: Disfruta de una noche mágica con nuestra actividad familiar de mitología y astronomía. Aprenderemos sobre constelaciones, planetas y leyendas que se esconden entre las estrellas a través de la observación astronómica con telescopios. Una experiencia educativa y emocionante donde el cielo nos regala su mejor versión.";"http://www.madrid.es/sites/v/index.jsp?vgnextchannel=ca9671ee4a9eb410VgnVCM100000171f5a0aRCRD&vgnextoid=11db6ec32dd57910VgnVCM1000001d4a900aRCRD";"Actividades Calle Abierta";"http://www.madrid.es/sites/v/index.jsp?vgnextchannel=ca9671ee4a9eb410VgnVCM100000171f5a0aRCRD&vgnextoid=261af36edd371910VgnVCM2000001f4a900aRCRD";"";"";"";"";"";"";"";"";"";"";"";"";"";"";"/usuario/Niños"
12792280;"Atardeceres en La Dehesa: Itinerario botánico. Conoce las plantas de La Dehesa";"";"1";"0";"";"";"2025-07-25 00:00:00.0";"2025-07-25 23:59:00.0";"20:00";"";"http://www.madrid.es/sites/v/index.jsp?vgnextchannel=ca9671ee4a9eb410VgnVCM100000171f5a0aRCRD&vgnextoid=974d01ef51037910VgnVCM2000001f4a900aRCRD";"Atardeceres en La Dehesa: Itinerario botánico. Conoce las plantas de La Dehesa";"http://www.madrid.es/sites/v/index.jsp?vgnextchannel=ca9671ee4a9eb410VgnVCM100000171f5a0aRCRD&vgnextoid=443ab122fa940910VgnVCM1000001d4a900aRCRD";"http://www.madrid.es/sites/v/index.jsp?vgnextchannel=bfa48ab43d6bb410VgnVCM100000171f5a0aRCRD&vgnextoid=a956fc79622ef010VgnVCM2000000c205a0aRCRD";"Centro de Información y Educación Ambiental de Dehesa de la Villa";"1";"PARQUE";"DEHESA DE LA VILLA";"0";"MONCLOA-ARAVACA";"";"28039";"439102";"4478967";"40.45914104116349";"-3.718270563679269";"/contenido/actividades/ExcursionesItinerariosVisitas";""
12806770;"Aún estoy aquí";"";"1";"0";"";"";"2025-08-16 00:00:00.0";"2025-08-16 23:59:00.0";"22:15";"De Walter Salles. Con Fernanda Torres, Selton Mello, Fernanda Montenegro. Brasil 2024. 135?.  No recomendada para menores de 7 años.    Basada en las memorias de Marcelo Rubens Paiva, en las que narra cómo su madre se vio obligada al activismo político cuando su marido, el diputado izquierdista Rubens Paiva, fue capturado por el régimen durante la Dictadura militar de Brasil, en 1971.";"http://www.madrid.es/sites/v/index.jsp?vgnextchannel=ca9671ee4a9eb410VgnVCM100000171f5a0aRCRD&vgnextoid=7d79aa003c787910VgnVCM2000001f4a900aRCRD";"Ciclo Los sábados de cine. Primavera 2025";"http://www.madrid.es/sites/v/index.jsp?vgnextchannel=ca9671ee4a9eb410VgnVCM100000171f5a0aRCRD&vgnextoid=c0de900069495910VgnVCM2000001f4a900aRCRD";"http://www.madrid.es/sites/v/index.jsp?vgnextchannel=bfa48ab43d6bb410VgnVCM100000171f5a0aRCRD&vgnextoid=a395946be351c010VgnVCM2000000c205a0aRCRD";"Centro Cultural Auditorio Parque El Paraíso (San Blas - Canillejas)";"1";"AVENIDA";"ARCENTALES";"4";"SAN BLAS-CANILLEJAS";"HELLIN";"28037";"447225";"4475667";"40.42997621103139";"-3.6221773579444596";"/contenido/actividades/CineActividadesAudiovisuales";"/usuario/Familias"
12809466;"Aún estoy aquí";"";"1";"0";"";"";"2025-08-22 00:00:00.0";"2025-08-22 23:59:00.0";"22:00";"Dirección: Walter Salles.  Con Fernanda Torres, Selton Mello, Fernanda Montenegro.  Brasil 2024. 135?.       Basada en las memorias de Marcelo Rubens Paiva, en las que narra cómo su madre se vio obligada al activismo político cuando su marido, el diputado izquierdista Rubens Paiva, fue capturado por el régimen durante la Dictadura militar de Brasil, en 1971.     No recomendada para menores de 12 años.";"http://www.madrid.es/sites/v/index.jsp?vgnextchannel=ca9671ee4a9eb410VgnVCM100000171f5a0aRCRD&vgnextoid=b70ce7bc50c97910VgnVCM2000001f4a900aRCRD";"";"";"http://www.madrid.es/sites/v/index.jsp?vgnextchannel=bfa48ab43d6bb410VgnVCM100000171f5a0aRCRD&vgnextoid=598745dbd6891110VgnVCM1000000b205a0aRCRD";"Instalación Deportiva Municipal Básica Parque El Calero";"0";"CALLE";"VIRGEN DE NURIA";"S/N";"CIUDAD LINEAL";"CONCEPCION";"28027";"444643";"4476387";"40.436286671972276";"-3.6526968257803736";"/contenido/actividades/CineActividadesAudiovisuales";""
12781260;"Aventura digital de verano";"";"1";"1";"L,M,X,J,V";"";"2025-06-23 00:00:00.0";"2025-07-18 23:59:00.0";"";"";"http://www.madrid.es/sites/v/index.jsp?vgnextchannel=ca9671ee4a9eb410VgnVCM100000171f5a0aRCRD&vgnextoid=da4a9b6bc27f6910VgnVCM1000001d4a900aRCRD";"Aventura digital de verano";"http://www.madrid.es/sites/v/index.jsp?vgnextchannel=ca9671ee4a9eb410VgnVCM100000171f5a0aRCRD&vgnextoid=b7d7176e307f6910VgnVCM1000001d4a900aRCRD";"http://www.madrid.es/sites/v/index.jsp?vgnextchannel=bfa48ab43d6bb410VgnVCM100000171f5a0aRCRD&vgnextoid=ec750a2153ef9210VgnVCM2000000c205a0aRCRD";"Biblioteca Pública Municipal Ángel González (Latina)";"1,6";"CALLE";"GRANJA DE TORREHERMOSA";"1";"LATINA";"ALUCHE";"28024";"434954";"4472113";"40.397074625115906";"-3.7664885474841556";"/contenido/actividades/CursosTalleres";"/usuario/Niños"
12782675;"Azul y no tan rosa";"";"1";"0";"";"";"2025-07-06 00:00:00.0";"2025-07-06 23:59:00.0";"17:00";"";"http://www.madrid.es/sites/v/index.jsp?vgnextchannel=ca9671ee4a9eb410VgnVCM100000171f5a0aRCRD&vgnextoid=d927888dc9cf6910VgnVCM2000001f4a900aRCRD";"";"";"http://www.madrid.es/sites/v/index.jsp?vgnextchannel=bfa48ab43d6bb410VgnVCM100000171f5a0aRCRD&vgnextoid=35e53d0b5e71c010VgnVCM1000000b205a0aRCRD";"Centro Cultural Casa de Vacas (Retiro)";"1";"PASEO";"COLOMBIA";"1";"RETIRO";"LOS JERONIMOS";"28009";"441967";"4474495";"40.41906571939961";"-3.684053112760816";"/contenido/actividades/LGTBI";""
12786927;"Bailando entre versos";"";"1";"0";"";"";"2025-06-28 00:00:00.0";"2025-06-28 23:59:00.0";"19:00";"CÍA. DE DANZA FIRCA SAFRÁN  Un espectáculo de danza oriental,Bollywood y flamenco árabe, en el quela poesía y la danza van guiando alespectador por un camino lleno deemociones.  60 minutos";"http://www.madrid.es/sites/v/index.jsp?vgnextchannel=ca9671ee4a9eb410VgnVCM100000171f5a0aRCRD&vgnextoid=da8944e6b1717910VgnVCM1000001d4a900aRCRD";"Actividades en el centro cultural La Elipa";"http://www.madrid.es/sites/v/index.jsp?vgnextchannel=ca9671ee4a9eb410VgnVCM100000171f5a0aRCRD&vgnextoid=b7beed0b61217910VgnVCM2000001f4a900aRCRD";"http://www.madrid.es/sites/v/index.jsp?vgnextchannel=bfa48ab43d6bb410VgnVCM100000171f5a0aRCRD&vgnextoid=6c191e79ee71c010VgnVCM1000000b205a0aRCRD";"Centro Cultural la Elipa (Ciudad Lineal)";"1";"CALLE";"SANTA FELICIDAD";"39";"CIUDAD LINEAL";"VENTAS";"28017";"444825";"4475074";"40.42446957496409";"-3.6504201407465917";"/contenido/actividades/DanzaBaile";""
12762656;"Bailando, me paso el día";"";"1";"0";"";"";"2025-06-27 00:00:00.0";"2025-06-27 23:59:00.0";"19:00";"Noches de Neón, presenta, 'Bailando, me paso el día'.  Bailando es un espectáculo que realiza un recorrido por éxitos de la rumba, la salsa, el merengue la copla y el flamenco español.    Si lo tuyo es ponerte a bailar, pasar un buen rato y cantar himnos atemporales....    ¡Este es tu espectáculo!";"http://www.madrid.es/sites/v/index.jsp?vgnextchannel=ca9671ee4a9eb410VgnVCM100000171f5a0aRCRD&vgnextoid=a1b4dcc0cf976910VgnVCM2000001f4a900aRCRD";"Actividades en el Centro Cultural Miguel Hernández";"http://www.madrid.es/sites/v/index.jsp?vgnextchannel=ca9671ee4a9eb410VgnVCM100000171f5a0aRCRD&vgnextoid=9018d9fbe3c7f510VgnVCM2000001f4a900aRCRD";"http://www.madrid.es/sites/v/index.jsp?vgnextchannel=bfa48ab43d6bb410VgnVCM100000171f5a0aRCRD&vgnextoid=420a1e79ee71c010VgnVCM1000000b205a0aRCRD";"Centro Cultural Miguel Hernández (Latina)";"1";"CALLE";"SERRADILLA";"13";"LATINA";"LAS AGUILAS";"28044";"433622";"4470101";"40.378853797128336";"-3.7819616113032115";"/contenido/actividades/Musica";""
12783786;"Bailar nuestra naturaleza";"Entrada gratuita con inscripción previa  ";"0";"0";"";"";"2025-06-28 00:00:00.0";"2025-06-28 23:59:00.0";"12:00";"";"http://www.madrid.es/sites/v/index.jsp?vgnextchannel=ca9671ee4a9eb410VgnVCM100000171f5a0aRCRD&vgnextoid=5471262ec1a07910VgnVCM1000001d4a900aRCRD";"";"";"http://www.madrid.es/sites/v/index.jsp?vgnextchannel=bfa48ab43d6bb410VgnVCM100000171f5a0aRCRD&vgnextoid=ef686a9ee7336110VgnVCM1000000b205a0aRCRD";"Matadero Madrid";"1";"PLAZA";"LEGAZPI";"8";"ARGANZUELA";"CHOPERA";"28045";"440946";"4471422";"40.39130985242181";"-3.6958028442054074";"/contenido/actividades/CursosTalleres";"/usuario/Familias"
10633173;"Baile de Mayores en Centro Cultural Almirante Churruca";"";"1";"1";"V";"";"2024-10-04 00:00:00.0";"2025-06-27 23:59:00.0";"16:30";"Durante los meses de octubre 2024 a junio 2025, todos los viernes no festivos, en horario de 16:30 horas a 19:00 horas. ¡No te lo pierdas!";"http://www.madrid.es/sites/v/index.jsp?vgnextchannel=ca9671ee4a9eb410VgnVCM100000171f5a0aRCRD&vgnextoid=beaf2f9cb66d1610VgnVCM2000001f4a900aRCRD";"Baile de Mayores en Centros Socioculturales del Distrito Latina";"http://www.madrid.es/sites/v/index.jsp?vgnextchannel=ca9671ee4a9eb410VgnVCM100000171f5a0aRCRD&vgnextoid=3dce2f9cb66d1610VgnVCM2000001f4a900aRCRD";"http://www.madrid.es/sites/v/index.jsp?vgnextchannel=bfa48ab43d6bb410VgnVCM100000171f5a0aRCRD&vgnextoid=76c43d0b5e71c010VgnVCM1000000b205a0aRCRD";"Centro Sociocultural Almirante Churruca (Latina)";"1";"CALLE";"FUENTE DEL TIRO";"72";"LATINA";"LAS AGUILAS";"28024";"433786";"4470559";"40.3829835905706";"-3.7800890564106613";"/contenido/actividades/DanzaBaile";"/usuario/Mayores"
10634056;"Baile de Mayores en Centro Sociocultural El Greco";"";"1";"1";"J";"";"2024-10-03 00:00:00.0";"2025-06-26 23:59:00.0";"18:00";"Durante los meses de octubre 2024 a junio 2025, todos los jueves no festivos, de 18:00 horas a 20:30 horas.";"http://www.madrid.es/sites/v/index.jsp?vgnextchannel=ca9671ee4a9eb410VgnVCM100000171f5a0aRCRD&vgnextoid=77922f9cb66d1610VgnVCM2000001f4a900aRCRD";"Baile de Mayores en Centros Socioculturales del Distrito Latina";"http://www.madrid.es/sites/v/index.jsp?vgnextchannel=ca9671ee4a9eb410VgnVCM100000171f5a0aRCRD&vgnextoid=3dce2f9cb66d1610VgnVCM2000001f4a900aRCRD";"http://www.madrid.es/sites/v/index.jsp?vgnextchannel=bfa48ab43d6bb410VgnVCM100000171f5a0aRCRD&vgnextoid=cae2b3e42751c010VgnVCM2000000c205a0aRCRD";"Centro Sociocultural El Greco (Latina)";"1";"CALLE";"EL GRECO";"29";"LATINA";"LUCERO";"28011";"436578";"4473235";"40.407316328180464";"-3.747465416906973";"/contenido/actividades/DanzaBaile";"/usuario/Mayores"
12801262;"Baño de Gong";"";"1";"0";"";"";"2025-06-29 00:00:00.0";"2025-06-29 23:59:00.0";"12:00";"";"http://www.madrid.es/sites/v/index.jsp?vgnextchannel=ca9671ee4a9eb410VgnVCM100000171f5a0aRCRD&vgnextoid=72e973e011067910VgnVCM1000001d4a900aRCRD";"";"";"http://www.madrid.es/sites/v/index.jsp?vgnextchannel=bfa48ab43d6bb410VgnVCM100000171f5a0aRCRD&vgnextoid=ec750a2153ef9210VgnVCM2000000c205a0aRCRD";"Biblioteca Pública Municipal Ángel González (Latina)";"1,6";"CALLE";"GRANJA DE TORREHERMOSA";"1";"LATINA";"ALUCHE";"28024";"434954";"4472113";"40.397074625115906";"-3.7664885474841556";"/contenido/actividades/CursosTalleres";""
12786081;"Barbate con la Escuela de Danza Rocio Zájara Gómez";"";"1";"0";"";"";"2025-06-27 00:00:00.0";"2025-06-27 23:59:00.0";"18:30";"Una obra que representa las festividades de la localidad situada en provincia de Cádiz, mediante la danza española y el flamenco, se realza la tradición y la cultura.  Para la directora y coreografa, Rocío Zájara Gómez, es un proyecto personal donde plasma el aprecio, la admiración y la importancia de este sitio para ella.";"http://www.madrid.es/sites/v/index.jsp?vgnextchannel=ca9671ee4a9eb410VgnVCM100000171f5a0aRCRD&vgnextoid=9c3238d4bb517910VgnVCM2000001f4a900aRCRD";"Actividades en el Centro Cultural Fernando Lázaro Carreter";"http://www.madrid.es/sites/v/index.jsp?vgnextchannel=ca9671ee4a9eb410VgnVCM100000171f5a0aRCRD&vgnextoid=25bff36edd371910VgnVCM2000001f4a900aRCRD";"http://www.madrid.es/sites/v/index.jsp?vgnextchannel=bfa48ab43d6bb410VgnVCM100000171f5a0aRCRD&vgnextoid=340ed2d6fe9a6110VgnVCM1000000b205a0aRCRD";"Centro Cultural Fernando Lázaro Carreter (Carabanchel)";"1";"CALLE";"VERDAD";"29";"CARABANCHEL";"OPAÑEL";"28019";"439136";"4471474";"40.39164455403764";"-3.717137582860074";"/contenido/actividades/DanzaBaile";""
12345235;"Barrio de los Jerónimos. Tramo I";"";"1";"0";"";"";"2025-07-01 00:00:00.0";"2025-07-01 23:59:00.0";"09:30";"Itinerario guiado en el que se conocerá la influencia del parque del Retiro en la arquitectura burguesa de la zona, acompañado de historias y curiosidades de algunos ilustres vecinos del barrio. Pasearemos por espacios tan emblemáticos como la plaza de la Independencia o el Casón del Retiro. Actividad dirigida a público adulto.  Duración aproximada: aproximadamente dos horas y media.";"http://www.madrid.es/sites/v/index.jsp?vgnextchannel=ca9671ee4a9eb410VgnVCM100000171f5a0aRCRD&vgnextoid=897056a8c41de810VgnVCM1000001d4a900aRCRD";"Entre historias y jardines";"http://www.madrid.es/sites/v/index.jsp?vgnextchannel=ca9671ee4a9eb410VgnVCM100000171f5a0aRCRD&vgnextoid=bf8b691bdf7ce810VgnVCM1000001d4a900aRCRD";"";"";"";"";"";"";"";"";"";"";"";"";"";"/contenido/actividades/ExcursionesItinerariosVisitas";""
12345237;"Barrio de los Jerónimos. Tramo II";"";"1";"0";"";"";"2025-07-03 00:00:00.0";"2025-07-03 23:59:00.0";"09:30";"Itinerario guiado a través del que se podrá conocer la influencia del parque de El Retiro y el Jardín Botánico en la arquitectura burguesa de la zona, acompañado de algunas historias y curiosidades de sus vecinos más ilustres. Pasearemos por zonas tan emblemáticas como el Casón del Buen Retiro o el Real Jardín Botánico. Actividad dirigida a público adulto.  Duración estimada: aproximadamente dos horas y media.";"http://www.madrid.es/sites/v/index.jsp?vgnextchannel=ca9671ee4a9eb410VgnVCM100000171f5a0aRCRD&vgnextoid=c8c056a8c41de810VgnVCM1000001d4a900aRCRD";"Entre historias y jardines";"http://www.madrid.es/sites/v/index.jsp?vgnextchannel=ca9671ee4a9eb410VgnVCM100000171f5a0aRCRD&vgnextoid=bf8b691bdf7ce810VgnVCM1000001d4a900aRCRD";"";"";"";"";"";"";"";"";"";"";"";"";"";"/contenido/actividades/ExcursionesItinerariosVisitas";""
12345339;"Barrio de los Jerónimos. Tramo III";"";"1";"0";"";"";"2025-07-08 00:00:00.0";"2025-07-08 23:59:00.0";"09:30";"Itinerario guiado que descubre pequeños rincones verdes y su relación con la configuración del espacio urbano. Se prestará atención al Real Jardín Botánico (Puerta Real) o a la Glorieta del Emperador Carlos V (conocida como glorieta de Atocha), sin olvidar los jardines del Palacio de Fomento, de Javier Winthuysen y los del Observatorio Astronómico Nacional. Actividad dirigida a público adulto.  Duración estimada: dos horas y media.";"http://www.madrid.es/sites/v/index.jsp?vgnextchannel=ca9671ee4a9eb410VgnVCM100000171f5a0aRCRD&vgnextoid=d97d59067b1de810VgnVCM1000001d4a900aRCRD";"Entre historias y jardines";"http://www.madrid.es/sites/v/index.jsp?vgnextchannel=ca9671ee4a9eb410VgnVCM100000171f5a0aRCRD&vgnextoid=bf8b691bdf7ce810VgnVCM1000001d4a900aRCRD";"";"";"";"";"";"";"";"";"";"";"";"";"";"/contenido/actividades/ExcursionesItinerariosVisitas";""
12788705;"Barrio vivo, con-suma responsabilidad";"";"1";"0";"";"";"2025-06-25 00:00:00.0";"2025-06-25 23:59:00.0";"10:00";"";"http://www.madrid.es/sites/v/index.jsp?vgnextchannel=ca9671ee4a9eb410VgnVCM100000171f5a0aRCRD&vgnextoid=6ab8e84e5fb17910VgnVCM2000001f4a900aRCRD";"Barrio vivo, con-suma responsabilidad";"http://www.madrid.es/sites/v/index.jsp?vgnextchannel=ca9671ee4a9eb410VgnVCM100000171f5a0aRCRD&vgnextoid=376aae8e6fe23910VgnVCM2000001f4a900aRCRD";"";"";"";"";"";"";"";"";"";"";"";"";"";"/contenido/actividades/ActividadesCalleArteUrbano";""
12806260;"Batukaos te invita a iniciarte en la batucada / Asociación Cultural Batukaos";"";"1";"0";"";"";"2025-07-13 00:00:00.0";"2025-07-13 23:59:00.0";"11:00";"De 11 a 12:30 horas.  Categoría: Taller musical. Entrada GRATUITA.  Lugar: Explanadas exteriores del Centro de Educación Ambiental y Cultural Maris Stella.  Edad: Orientado a ADULTOS con o sin experiencia en música y percusión. Imprescindible reserva previa.  Sinopsis Experimentar la música brasileña de las batucadas. Te enseñaremos los instrumentos y la técnica con la que se utilizan. Se hará una distribución de instrumentos para que aprendamos uno de los ritmos típicos. Cada instrumento se encargará de interpretar unos patrones básicos y sencillos, avanzando hacía ritmos más elaborados, lo pondremos en práctica con movimiento. Tras el aprendizaje terminaremos tocando todos juntos a ritmo de Samba Reggae.";"http://www.madrid.es/sites/v/index.jsp?vgnextchannel=ca9671ee4a9eb410VgnVCM100000171f5a0aRCRD&vgnextoid=bf8d2cee74787910VgnVCM1000001d4a900aRCRD";"Actividades en el Centro de Educación Ambiental y Cultural Maris Stella";"http://www.madrid.es/sites/v/index.jsp?vgnextchannel=ca9671ee4a9eb410VgnVCM100000171f5a0aRCRD&vgnextoid=4e25ce5179e61910VgnVCM1000001d4a900aRCRD";"http://www.madrid.es/sites/v/index.jsp?vgnextchannel=bfa48ab43d6bb410VgnVCM100000171f5a0aRCRD&vgnextoid=85205619bc23d710VgnVCM2000001f4a900aRCRD";"Centro de Educación Ambiental y Cultural Maris Stella (Usera)";"1";"CALLE";"DOCTOR TOLOSA LATOUR";"16";"USERA";"PRADOLONGO";"28026";"440301";"4469524";"40.374166248648216";"-3.7032220308808577";"/contenido/actividades/DanzaBaile";""
12804577;"Bicis y poesía";"";"1";"1";"X,J,V,S,D";"";"2025-07-02 00:00:00.0";"2025-09-28 23:59:00.0";"10:00";"";"http://www.madrid.es/sites/v/index.jsp?vgnextchannel=ca9671ee4a9eb410VgnVCM100000171f5a0aRCRD&vgnextoid=71fc58fa23d77910VgnVCM2000001f4a900aRCRD";"Bicis y poesía";"http://www.madrid.es/sites/v/index.jsp?vgnextchannel=ca9671ee4a9eb410VgnVCM100000171f5a0aRCRD&vgnextoid=b24858fa23d77910VgnVCM2000001f4a900aRCRD";"http://www.madrid.es/sites/v/index.jsp?vgnextchannel=bfa48ab43d6bb410VgnVCM100000171f5a0aRCRD&vgnextoid=a956fc79622ef010VgnVCM2000000c205a0aRCRD";"Centro de Información y Educación Ambiental de Dehesa de la Villa";"1";"PARQUE";"DEHESA DE LA VILLA";"0";"MONCLOA-ARAVACA";"";"28039";"439102";"4478967";"40.45914104116349";"-3.718270563679269";"/contenido/actividades/Exposiciones";""
12805273;"Bihotza + T.O.C.";"";"1";"0";"";"";"2025-07-26 00:00:00.0";"2025-07-26 23:59:00.0";"20:00";"Lugar: Parque Salvador Allende. Punk urbano, emociones sin filtro y canciones que se clavan. ¡No te lo pierdas!";"http://www.madrid.es/sites/v/index.jsp?vgnextchannel=ca9671ee4a9eb410VgnVCM100000171f5a0aRCRD&vgnextoid=f58dab555f187910VgnVCM1000001d4a900aRCRD";"";"";"http://www.madrid.es/sites/v/index.jsp?vgnextchannel=bfa48ab43d6bb410VgnVCM100000171f5a0aRCRD&vgnextoid=7cfaa531dcf9e210VgnVCM2000000c205a0aRCRD";"Parque de Salvador Allende";"2";"CALLE";"SALVADOR ALLENDE";"3";"CARABANCHEL";"BUENAVISTA";"28054";"435693";"4468472";"40.364341448699825";"-3.757402071835875";"/contenido/actividades/Musica";""
12809125;"Bingo de verano";"";"1";"0";"";"";"2025-06-28 00:00:00.0";"2025-06-28 23:59:00.0";"18:00";"¡Llega el Bingo de Verano al Centro Intergeneracional Río Esmeralda!. El Centro Intergeneracional Río Esmeralda te invita a disfrutar de una tarde diferente, divertida y llena de sorpresas con nuestro Bingo de Verano, una actividad pensada para compartir en familia, sin importar la edad. Una propuesta intergeneracional y familiar, donde mayores, jóvenes y peques podrán participar juntos, disfrutar de un buen rato y ganar premios con mucho cariño. Risas, emoción, convivencia y el mejor ambiente para pasar una tarde de verano en compañía.  Inscripciones: https://forms.gle/WM4VtptMT9a8yfVs9  ¡Ven a jugar, compartir y disfrutar!";"http://www.madrid.es/sites/v/index.jsp?vgnextchannel=ca9671ee4a9eb410VgnVCM100000171f5a0aRCRD&vgnextoid=4ff141fef4a97910VgnVCM1000001d4a900aRCRD";"Actividades en el Centro Intergeneracional Río Esmeralda";"http://www.madrid.es/sites/v/index.jsp?vgnextchannel=ca9671ee4a9eb410VgnVCM100000171f5a0aRCRD&vgnextoid=209713a27b142910VgnVCM2000001f4a900aRCRD";"http://www.madrid.es/sites/v/index.jsp?vgnextchannel=bfa48ab43d6bb410VgnVCM100000171f5a0aRCRD&vgnextoid=e73c49677eab0910VgnVCM1000001d4a900aRCRD";"Centro Intergeneracional Río Esmeralda";"1";"CALLE";"LAGO MARACAIBO";"8";"PUENTE DE VALLECAS";"PORTAZGO";"28018";"444655";"4470494";"40.383202672832304";"-3.6520212485606334";"/contenido/actividades/ActividadesCalleArteUrbano";""
12809391;"Bird";"";"1";"0";"";"";"2025-08-10 00:00:00.0";"2025-08-10 23:59:00.0";"22:00";"Dirección: Andrea Arnold. Con Nikiya Adams, Barry Keoghan, Franz Rogowsky. Drama. Reino Unido 2024. 119?.      Bailey, de 12 años, vive con su padre soltero Bug y su hermano Hunter en una casa ocupada del norte de Kent. Bug no tiene mucho tiempo para sus hijos y Bailey, que se acerca a la pubertad, busca atención y aventuras por su cuenta.     No recomendada para menores de 16 años.";"http://www.madrid.es/sites/v/index.jsp?vgnextchannel=ca9671ee4a9eb410VgnVCM100000171f5a0aRCRD&vgnextoid=c874e7bbebb97910VgnVCM2000001f4a900aRCRD";"XXIX Festival de cine al aire libre de Ciudad Lineal 2025";"http://www.madrid.es/sites/v/index.jsp?vgnextchannel=ca9671ee4a9eb410VgnVCM100000171f5a0aRCRD&vgnextoid=e0d141fef4a97910VgnVCM1000001d4a900aRCRD";"http://www.madrid.es/sites/v/index.jsp?vgnextchannel=bfa48ab43d6bb410VgnVCM100000171f5a0aRCRD&vgnextoid=598745dbd6891110VgnVCM1000000b205a0aRCRD";"Instalación Deportiva Municipal Básica Parque El Calero";"0";"CALLE";"VIRGEN DE NURIA";"S/N";"CIUDAD LINEAL";"CONCEPCION";"28027";"444643";"4476387";"40.436286671972276";"-3.6526968257803736";"/contenido/actividades/CineActividadesAudiovisuales";""
12762938;"Black Adam (2022) dirigida por Jaume Collet Serra";"";"0";"0";"";"";"2025-08-08 00:00:00.0";"2025-08-08 23:59:00.0";"22:00";"Casi 5.000 años después de haber sido dotado de los poderes omnipotentes de los antiguos dioses, Black Adam (Johnson) es liberado de su tumba terrenal, listo para desatar su forma única de justicia en el mundo moderno.  Lugar: Instalación Mercadillo c/ del Gorrión (Vicente Quesada, 11)  Género: Ficción, aventuras  Edad recomendada: No recomendada a menores de 12 años  Duración: 125 minutos";"http://www.madrid.es/sites/v/index.jsp?vgnextchannel=ca9671ee4a9eb410VgnVCM100000171f5a0aRCRD&vgnextoid=17794bcad6b76910VgnVCM1000001d4a900aRCRD";"Cine de verano 2025 en Carabanchel";"http://www.madrid.es/sites/v/index.jsp?vgnextchannel=ca9671ee4a9eb410VgnVCM100000171f5a0aRCRD&vgnextoid=e8a2cd0e24b76910VgnVCM1000001d4a900aRCRD";"";"";"";"";"";"";"";"";"";"";"";"";"";"/contenido/actividades/CineActividadesAudiovisuales";""
12800047;"Blue";"";"0";"0";"";"";"2025-08-20 00:00:00.0";"2025-08-20 23:59:00.0";"21:30";"";"http://www.madrid.es/sites/v/index.jsp?vgnextchannel=ca9671ee4a9eb410VgnVCM100000171f5a0aRCRD&vgnextoid=189bba98e7957910VgnVCM1000001d4a900aRCRD";"Blue";"http://www.madrid.es/sites/v/index.jsp?vgnextchannel=ca9671ee4a9eb410VgnVCM100000171f5a0aRCRD&vgnextoid=7c9bba98e7957910VgnVCM1000001d4a900aRCRD";"http://www.madrid.es/sites/v/index.jsp?vgnextchannel=bfa48ab43d6bb410VgnVCM100000171f5a0aRCRD&vgnextoid=784d8c7c0f91f010VgnVCM1000000b205a0aRCRD";"Teatro Municipal de Títeres. Parque de El Retiro";"1";"AVENIDA";"MÉXICO";"4";"RETIRO";"LOS JERÓNIMOS";"28009";"441748";"4474466";"40.41878362561595";"-3.6866519471003647";"/contenido/actividades/CuentacuentosTiteresMarionetas";""
12800087;"Bobo";"";"1";"0";"";"";"2025-08-30 00:00:00.0";"2025-08-30 23:59:00.0";"";"";"http://www.madrid.es/sites/v/index.jsp?vgnextchannel=ca9671ee4a9eb410VgnVCM100000171f5a0aRCRD&vgnextoid=6de1ba98e7957910VgnVCM1000001d4a900aRCRD";"";"";"http://www.madrid.es/sites/v/index.jsp?vgnextchannel=bfa48ab43d6bb410VgnVCM100000171f5a0aRCRD&vgnextoid=784d8c7c0f91f010VgnVCM1000000b205a0aRCRD";"Teatro Municipal de Títeres. Parque de El Retiro";"1";"AVENIDA";"MÉXICO";"4";"RETIRO";"LOS JERÓNIMOS";"28009";"441748";"4474466";"40.41878362561595";"-3.6866519471003647";"/contenido/actividades/CuentacuentosTiteresMarionetas";"/usuario/Niños,/usuario/Familias"
12798332;"Body Marbling en verano - Villa de Vallecas";"";"1";"0";"";"";"2025-07-02 00:00:00.0";"2025-07-02 23:59:00.0";"10:30";"";"http://www.madrid.es/sites/v/index.jsp?vgnextchannel=ca9671ee4a9eb410VgnVCM100000171f5a0aRCRD&vgnextoid=83839e9b63547910VgnVCM1000001d4a900aRCRD";"";"";"";"";"";"";"";"";"";"";"";"";"";"";"";"/contenido/actividades/1ciudad21distritos";""
12787108;"Boleros, Tangos y Rancheras";"";"1";"0";"";"";"2025-06-26 00:00:00.0";"2025-06-26 23:59:00.0";"19:00";"A cargo de la compañía Dolce Vita. Disfrutar de una velada inolvidable, sumergidos en las melodías, pasajes, frases y letras de obras conocidas por todos que nos despiertan los más bonitos y emotivos de los sentimientos y nos hacen viajar en el tiempo. Los boleros de origen cubano y popular en toda Hispanoamérica, los tangos provenientes de Argentina y las rancheras directamente desde México son tres de los géneros musicales más conocidos, populares y apreciados por el público, formando parte de las bandas sonoras de nuestras vidas. Duración: 60 minutos. Edad recomendada: todos los públicos";"http://www.madrid.es/sites/v/index.jsp?vgnextchannel=ca9671ee4a9eb410VgnVCM100000171f5a0aRCRD&vgnextoid=539ee9131aa17910VgnVCM1000001d4a900aRCRD";"Actividades Centro Cultural José de Espronceda";"http://www.madrid.es/sites/v/index.jsp?vgnextchannel=ca9671ee4a9eb410VgnVCM100000171f5a0aRCRD&vgnextoid=1ba4173467aeb810VgnVCM1000001d4a900aRCRD";"http://www.madrid.es/sites/v/index.jsp?vgnextchannel=bfa48ab43d6bb410VgnVCM100000171f5a0aRCRD&vgnextoid=23881e79ee71c010VgnVCM1000000b205a0aRCRD";"Centro Sociocultural José de Espronceda (Tetuán)";"1";"CALLE";"ALMANSA";"9";"TETUAN";"BELLAS VISTAS";"28039";"440258";"4477792";"40.44864332758775";"-3.704513191828797";"/contenido/actividades/Musica";""
12804914;"Buffalo kids (2024) dirigido por Pedro Solís y Juan Jesús García Galo";"";"0";"0";"";"";"2025-08-23 00:00:00.0";"2025-08-23 23:59:00.0";"22:00";"Tom y Mary, dos hermanos huérfanos, desembarcan en Nueva York a finales del siglo XIX. Para reunirse con su tío, se aventuran como polizones en un tren por el Salvaje Oeste donde conocerán a Nick, un nuevo y extraordinario amigo que cambiará sus vidas para siempre. Juntos se embarcarán en un peligroso viaje, enfrentándose a malvados villanos, haciendo inesperados amigos y viviendo situaciones únicas en una conmovedora y divertida historia sobre la búsqueda de un hogar.  Género: Animación, Cine español  Edad recomendada: apta para todos los públicos y distintivo especialmente recomendada para la infancia   Duración: 81 minutos";"http://www.madrid.es/sites/v/index.jsp?vgnextchannel=ca9671ee4a9eb410VgnVCM100000171f5a0aRCRD&vgnextoid=5e31aa6368d77910VgnVCM2000001f4a900aRCRD";"Cine de verano 2025 en Carabanchel";"http://www.madrid.es/sites/v/index.jsp?vgnextchannel=ca9671ee4a9eb410VgnVCM100000171f5a0aRCRD&vgnextoid=e8a2cd0e24b76910VgnVCM1000001d4a900aRCRD";"http://www.madrid.es/sites/v/index.jsp?vgnextchannel=bfa48ab43d6bb410VgnVCM100000171f5a0aRCRD&vgnextoid=7cfaa531dcf9e210VgnVCM2000000c205a0aRCRD";"Parque de Salvador Allende";"2";"CALLE";"SALVADOR ALLENDE";"3";"CARABANCHEL";"BUENAVISTA";"28054";"435693";"4468472";"40.364341448699825";"-3.757402071835875";"/contenido/actividades/CineActividadesAudiovisuales";"/usuario/Niños"
12760890;"Bulevarte 2025";"";"1";"1";"L,M,X,J,V,S,D";"8/5/2025;27/5/2025;9/5/2025;10/5/2025;11/5/2025;18/5/2025;25/5/2025;24/5/2025;17/5/2025;16/5/2025;15/5/2025;14/5/2025;13/5/2025;12/5/2025;19/5/2025;20/5/2025;21/5/2025;23/5/2025;22/5/2025;26/5/2025;";"2025-05-01 00:00:00.0";"2025-07-31 23:59:00.0";"";"";"http://www.madrid.es/sites/v/index.jsp?vgnextchannel=ca9671ee4a9eb410VgnVCM100000171f5a0aRCRD&vgnextoid=ee0797abaa766910VgnVCM2000001f4a900aRCRD";"Bulevarte 2025";"http://www.madrid.es/sites/v/index.jsp?vgnextchannel=ca9671ee4a9eb410VgnVCM100000171f5a0aRCRD&vgnextoid=f51520c295abb710VgnVCM1000001d4a900aRCRD";"http://www.madrid.es/sites/v/index.jsp?vgnextchannel=bfa48ab43d6bb410VgnVCM100000171f5a0aRCRD&vgnextoid=1aaf38317117e210VgnVCM1000000b205a0aRCRD";"Jardín del Bulevar de Peña Gorbea";"2";"CALLE";"PEÑA GORBEA";"17";"PUENTE DE VALLECAS";"SAN DIEGO";"28053";"443393";"4471901";"40.3957812018463";"-3.6670346724676173";"/contenido/actividades/CuentacuentosTiteresMarionetas";"/usuario/Niños"
12804312;"Buscando a Coque";"";"1";"0";"";"";"2025-07-23 00:00:00.0";"2025-07-23 23:59:00.0";"22:00";"Duración: 87 min.  Dirección: Teresa Bellón, César F. Calvillo.  Sinopsis: César y Teresa son una pareja feliz hasta que una noche ella le confiesa que se ha acostado con Coque Malla, el gran ídolo de César desde su adolescencia. Ella está arrepentida, pero él no sabe cómo reaccionar. ¿Ser infiel con tu mito erótico es algo excusable?. Su novia no se ha acostado con el ídolo de ella, sino con el de él. Y sobre eso no hay legislación vigente. César necesita hablar con Coque, aunque el cantante ya no viva en España. Así que la pareja viaja a Miami en su búsqueda, mientras se replantean su relación de 15 años y sus propias vidas.  Público: mayor de 12 años. Entrada libre hasta completar aforo.";"http://www.madrid.es/sites/v/index.jsp?vgnextchannel=ca9671ee4a9eb410VgnVCM100000171f5a0aRCRD&vgnextoid=cd855de1ee977910VgnVCM1000001d4a900aRCRD";"Verano de cine Retiro 2025";"http://www.madrid.es/sites/v/index.jsp?vgnextchannel=ca9671ee4a9eb410VgnVCM100000171f5a0aRCRD&vgnextoid=cdac62ae0c4a1810VgnVCM1000001d4a900aRCRD";"http://www.madrid.es/sites/v/index.jsp?vgnextchannel=bfa48ab43d6bb410VgnVCM100000171f5a0aRCRD&vgnextoid=675e280d37e2e210VgnVCM1000000b205a0aRCRD";"Parque Roma";"2";"CALLE";"JUAN ESPLANDIU";"4";"RETIRO";"ESTRELLA";"28007";"443786";"4474188";"40.41641041087398";"-3.662606100328213";"/contenido/actividades/CineActividadesAudiovisuales";""
12803440;"Buscando los artópodos del huerto";"";"1";"0";"";"";"2025-07-06 00:00:00.0";"2025-07-06 23:59:00.0";"10:00";"Se trata de una actividad diseñada para familias de acercamiento al mundo de los artrópodos.  Durante dos horas los artrópodos dejarán de ser esos seres que dan asco, miedo, pican o asustan para convertirse en importantes elementos del ecosistema del huerto, con un papel imprescindible en procesos como la polinización y el control de plagas.  Actividad para familias con menores de 6 a 12 años.   Duración estimada: dos horas.";"http://www.madrid.es/sites/v/index.jsp?vgnextchannel=ca9671ee4a9eb410VgnVCM100000171f5a0aRCRD&vgnextoid=75e4475df7777910VgnVCM2000001f4a900aRCRD";"Talleres familiares";"http://www.madrid.es/sites/v/index.jsp?vgnextchannel=ca9671ee4a9eb410VgnVCM100000171f5a0aRCRD&vgnextoid=21d31f7a68a33810VgnVCM1000001d4a900aRCRD";"http://www.madrid.es/sites/v/index.jsp?vgnextchannel=bfa48ab43d6bb410VgnVCM100000171f5a0aRCRD&vgnextoid=796b8193c73c4210VgnVCM1000000b205a0aRCRD";"Centro de Información y Educación Ambiental de El Huerto de El Retiro";"1";"PASEO";"FERNAN NUÑEZ";"2";"RETIRO";"LOS JERONIMOS";"28009";"441779";"4473428";"40.40943503279114";"-3.6861797800993257";"";""
12803451;"Buscando los artrópodos del huerto";"";"1";"0";"";"";"2025-08-03 00:00:00.0";"2025-08-03 23:59:00.0";"10:00";"Se trata de una actividad diseñada para familias de acercamiento al mundo de los artrópodos. Durante dos horas los artrópodos dejarán de ser esos seres que dan asco, miedo, pican o asustan para convertirse en importantes elementos del ecosistema del huerto, con un papel imprescindible en procesos como la polinización y el control de plagas.  Actividad para familias con menores de 6 a 12 años.   Duración estimada: dos horas.";"http://www.madrid.es/sites/v/index.jsp?vgnextchannel=ca9671ee4a9eb410VgnVCM100000171f5a0aRCRD&vgnextoid=8375475df7777910VgnVCM2000001f4a900aRCRD";"Talleres familiares";"http://www.madrid.es/sites/v/index.jsp?vgnextchannel=ca9671ee4a9eb410VgnVCM100000171f5a0aRCRD&vgnextoid=21d31f7a68a33810VgnVCM1000001d4a900aRCRD";"http://www.madrid.es/sites/v/index.jsp?vgnextchannel=bfa48ab43d6bb410VgnVCM100000171f5a0aRCRD&vgnextoid=796b8193c73c4210VgnVCM1000000b205a0aRCRD";"Centro de Información y Educación Ambiental de El Huerto de El Retiro";"1";"PASEO";"FERNAN NUÑEZ";"2";"RETIRO";"LOS JERONIMOS";"28009";"441779";"4473428";"40.40943503279114";"-3.6861797800993257";"";""
12808386;"Calendario solidario AMEB - 2025";"";"1";"1";"L,M,X,J,V,S,D";"";"2025-07-01 00:00:00.0";"2025-07-15 23:59:00.0";"";"Exposicion de la Asociación Madrileña de Espina Bífida";"http://www.madrid.es/sites/v/index.jsp?vgnextchannel=ca9671ee4a9eb410VgnVCM100000171f5a0aRCRD&vgnextoid=2d405df87ec87910VgnVCM1000001d4a900aRCRD";"Actividades en el Centro Cultural José Luis López Vázquez";"http://www.madrid.es/sites/v/index.jsp?vgnextchannel=ca9671ee4a9eb410VgnVCM100000171f5a0aRCRD&vgnextoid=445a70db6da41910VgnVCM2000001f4a900aRCRD";"http://www.madrid.es/sites/v/index.jsp?vgnextchannel=bfa48ab43d6bb410VgnVCM100000171f5a0aRCRD&vgnextoid=b790e37de110f210VgnVCM1000000b205a0aRCRD";"Centro Cultural José Luis López Vázquez (San Blas - Canillejas)";"2";"CALLE";"FEBRERO";"4";"SAN BLAS-CANILLEJAS";"REJAS";"28022";"451431";"4477510";"40.446826729909155";"-3.5727382893523254";"/contenido/actividades/CuentacuentosTiteresMarionetas";"/usuario/Niños,/usuario/Familias"
12518855;"Caminando con Antonio Machado. De los días azules al sol de la infancia";"";"0";"1";"M,X,J,V,S,D";"";"2025-06-24 00:00:00.0";"2025-06-29 23:59:00.0";"";"";"http://www.madrid.es/sites/v/index.jsp?vgnextchannel=ca9671ee4a9eb410VgnVCM100000171f5a0aRCRD&vgnextoid=026fb0f8cebe1910VgnVCM1000001d4a900aRCRD";"";"";"http://www.madrid.es/sites/v/index.jsp?vgnextchannel=bfa48ab43d6bb410VgnVCM100000171f5a0aRCRD&vgnextoid=ba663d0b5e71c010VgnVCM1000000b205a0aRCRD";"Fernán Gómez Centro Cultural de la Villa";"1,6";"PLAZA";"COLON";"4";"SALAMANCA";"RECOLETOS";"28001";"441472";"4475155";"40.4249721516942";"-3.689948085098791";"/contenido/actividades/ProgramacionDestacadaAgendaCultura";""
12345397;"Camino de Santiago";"";"1";"0";"";"";"2025-07-31 00:00:00.0";"2025-07-31 23:59:00.0";"09:30";"Actividad de senderismo urbano por el tramo más monumental e histórico del Camino de Madrid entre las plazas de Santiago y Comendadoras, con especial atención en la evolución urbana y las múltiples curiosidades de algunos palacios. Actividad dirigida a público adulto.  Duración estimada: dos horas y media.";"http://www.madrid.es/sites/v/index.jsp?vgnextchannel=ca9671ee4a9eb410VgnVCM100000171f5a0aRCRD&vgnextoid=82a559067b1de810VgnVCM1000001d4a900aRCRD";"Entre historias y jardines";"http://www.madrid.es/sites/v/index.jsp?vgnextchannel=ca9671ee4a9eb410VgnVCM100000171f5a0aRCRD&vgnextoid=bf8b691bdf7ce810VgnVCM1000001d4a900aRCRD";"";"";"";"";"";"";"";"";"";"";"";"";"";"/contenido/actividades/ExcursionesItinerariosVisitas";""
12760306;"Campamento de verano 2025 de Barajas";"";"0";"1";"L,M,X,J,V,S,D";"";"2025-04-24 00:00:00.0";"2025-09-09 23:59:00.0";"";"";"http://www.madrid.es/sites/v/index.jsp?vgnextchannel=ca9671ee4a9eb410VgnVCM100000171f5a0aRCRD&vgnextoid=c03fbf584f666910VgnVCM1000001d4a900aRCRD";"Campamento de verano 2025 en Barajas";"http://www.madrid.es/sites/v/index.jsp?vgnextchannel=ca9671ee4a9eb410VgnVCM100000171f5a0aRCRD&vgnextoid=020dbf584f666910VgnVCM1000001d4a900aRCRD";"http://www.madrid.es/sites/v/index.jsp?vgnextchannel=bfa48ab43d6bb410VgnVCM100000171f5a0aRCRD&vgnextoid=0daba3f5ca71c010VgnVCM1000000b205a0aRCRD";"Colegio Público Ciudad de Zaragoza";"0";"CALLE";"MANUEL AGUILAR MUÑOZ";"1";"BARAJAS";"ALAMEDA DE OSUNA";"28042";"449875";"4479016";"40.460302151327085";"-3.5912198696737083";"/contenido/actividades/Campamentos";""
12752479;"Campamento de Verano 2025 en Villaverde";"";"1";"1";"L,M,X,J,V";"";"2025-06-23 00:00:00.0";"2025-07-31 23:59:00.0";"";"";"http://www.madrid.es/sites/v/index.jsp?vgnextchannel=ca9671ee4a9eb410VgnVCM100000171f5a0aRCRD&vgnextoid=50838bbda3026910VgnVCM2000001f4a900aRCRD";"Campamentos de Verano 2025 en Villaverde";"http://www.madrid.es/sites/v/index.jsp?vgnextchannel=ca9671ee4a9eb410VgnVCM100000171f5a0aRCRD&vgnextoid=e3cf8bbda3026910VgnVCM2000001f4a900aRCRD";"";"";"";"";"";"";"";"";"";"";"";"";"";"/contenido/actividades/Campamentos";"/usuario/Niños"
12774562;"Campamento de verano de inglés y teatro";"1 SEMANA: 215  euros  2 SEMANAS: 390  euros  3 SEMANAS: 575  euros  4 SEMANAS: 695  euros  5 SEMANAS: 845  euros  COMIDA: 32,5  euros POR SEMANA.";"0";"1";"L,M,X,J,V";"";"2025-06-23 00:00:00.0";"2025-09-05 23:59:00.0";"";"";"http://www.madrid.es/sites/v/index.jsp?vgnextchannel=ca9671ee4a9eb410VgnVCM100000171f5a0aRCRD&vgnextoid=8ceff881629c6910VgnVCM1000001d4a900aRCRD";"";"";"http://www.madrid.es/sites/v/index.jsp?vgnextchannel=bfa48ab43d6bb410VgnVCM100000171f5a0aRCRD&vgnextoid=ef686a9ee7336110VgnVCM1000000b205a0aRCRD";"Matadero Madrid";"1";"PLAZA";"LEGAZPI";"8";"ARGANZUELA";"CHOPERA";"28045";"440946";"4471422";"40.39130985242181";"-3.6958028442054074";"/contenido/actividades/ProgramacionDestacadaAgendaCultura";""
12752215;"Campamento del Price (11 y 12 años)";"";"0";"1";"L,M,X,J,V";"";"2025-06-23 00:00:00.0";"2025-07-18 23:59:00.0";"";"";"http://www.madrid.es/sites/v/index.jsp?vgnextchannel=ca9671ee4a9eb410VgnVCM100000171f5a0aRCRD&vgnextoid=42dc68a247f16910VgnVCM1000001d4a900aRCRD";"Campamento del Price (11 y 12 años)";"http://www.madrid.es/sites/v/index.jsp?vgnextchannel=ca9671ee4a9eb410VgnVCM100000171f5a0aRCRD&vgnextoid=cf0ec6d055f16910VgnVCM1000001d4a900aRCRD";"http://www.madrid.es/sites/v/index.jsp?vgnextchannel=bfa48ab43d6bb410VgnVCM100000171f5a0aRCRD&vgnextoid=432257258ae5d010VgnVCM1000000b205a0aRCRD";"Teatro Circo Price";"1";"RONDA";"ATOCHA";"35";"ARGANZUELA";"PALOS DE LA FRONTERA";"28012";"440722";"4473051";"40.40596936645757";"-3.698589986849812";"/contenido/actividades/CursosTalleres";"/usuario/Niños,/usuario/Familias"
12752167;"Campamento del Price (7 y 8 años)";"";"0";"1";"L,M,X,J,V";"";"2025-06-23 00:00:00.0";"2025-07-18 23:59:00.0";"";"";"http://www.madrid.es/sites/v/index.jsp?vgnextchannel=ca9671ee4a9eb410VgnVCM100000171f5a0aRCRD&vgnextoid=2bd7c6d055f16910VgnVCM1000001d4a900aRCRD";"Campamento del Price (7 y 8 años)";"http://www.madrid.es/sites/v/index.jsp?vgnextchannel=ca9671ee4a9eb410VgnVCM100000171f5a0aRCRD&vgnextoid=de3ec6d055f16910VgnVCM1000001d4a900aRCRD";"http://www.madrid.es/sites/v/index.jsp?vgnextchannel=bfa48ab43d6bb410VgnVCM100000171f5a0aRCRD&vgnextoid=432257258ae5d010VgnVCM1000000b205a0aRCRD";"Teatro Circo Price";"1";"RONDA";"ATOCHA";"35";"ARGANZUELA";"PALOS DE LA FRONTERA";"28012";"440722";"4473051";"40.40596936645757";"-3.698589986849812";"/contenido/actividades/ProgramacionDestacadaAgendaCultura";"/usuario/Niños,/usuario/Familias"
12752207;"Campamento del Price (9 y 10 años)";"";"0";"1";"L,M,X,J,V";"";"2025-06-23 00:00:00.0";"2025-07-18 23:59:00.0";"";"";"http://www.madrid.es/sites/v/index.jsp?vgnextchannel=ca9671ee4a9eb410VgnVCM100000171f5a0aRCRD&vgnextoid=ebdb68a247f16910VgnVCM1000001d4a900aRCRD";"";"";"http://www.madrid.es/sites/v/index.jsp?vgnextchannel=bfa48ab43d6bb410VgnVCM100000171f5a0aRCRD&vgnextoid=432257258ae5d010VgnVCM1000000b205a0aRCRD";"Teatro Circo Price";"1";"RONDA";"ATOCHA";"35";"ARGANZUELA";"PALOS DE LA FRONTERA";"28012";"440722";"4473051";"40.40596936645757";"-3.698589986849812";"/contenido/actividades/ProgramacionDestacadaAgendaCultura";"/usuario/Niños,/usuario/Familias"
12774937;"Campamento digital 'Constelación Internet'";"";"1";"1";"L,M,X,J,V";"";"2025-06-23 00:00:00.0";"2025-07-04 23:59:00.0";"10:00";"Curso de competencias digitales para niños, niñas y adolescentes: fomentar el uso seguro, crítico y responsable de la tecnología a través de la gamificación    Para niñas y niños  nacidos entre los años 2014 y 2016.   Es necesario realizar inscripción previa a través de este   enlace  ,siendo responsable el Programa CODI del tratamiento de los datos personales.";"http://www.madrid.es/sites/v/index.jsp?vgnextchannel=ca9671ee4a9eb410VgnVCM100000171f5a0aRCRD&vgnextoid=66bd773c43ac6910VgnVCM1000001d4a900aRCRD";"Campamentos Digitales para la Infancia - Programa CODI";"http://www.madrid.es/sites/v/index.jsp?vgnextchannel=ca9671ee4a9eb410VgnVCM100000171f5a0aRCRD&vgnextoid=0fad773c43ac6910VgnVCM1000001d4a900aRCRD";"http://www.madrid.es/sites/v/index.jsp?vgnextchannel=bfa48ab43d6bb410VgnVCM100000171f5a0aRCRD&vgnextoid=d7203d0b5e71c010VgnVCM1000000b205a0aRCRD";"Biblioteca Pública Municipal Pozo del Tío Raimundo (Puente de Vallecas)";"1,6";"AVENIDA";"GLORIETAS";"19";"PUENTE DE VALLECAS";"ENTREVIAS";"28053";"443950";"4469433";"40.3735856436473";"-3.6602546064905397";"/contenido/actividades/CursosTalleres";"/usuario/Niños"
12797679;"Campamento digital 'Constelación Internet'";"";"1";"1";"L,M,X,J,V";"";"2025-06-30 00:00:00.0";"2025-07-04 23:59:00.0";"10:00";"Curso de competencias digitales para niños, niñas y adolescentes: fomentar el uso seguro, crítico y responsable de la tecnología a través de la gamificación  Para niñas y niños  nacidos entre los años 2014 y 2016.  Es necesario realizar inscripción previa a través de este  enlace , siendo responsable el Programa CODI del tratamiento de los datos personales.";"http://www.madrid.es/sites/v/index.jsp?vgnextchannel=ca9671ee4a9eb410VgnVCM100000171f5a0aRCRD&vgnextoid=240d21ae94447910VgnVCM1000001d4a900aRCRD";"Campamentos Digitales para la Infancia - Programa CODI";"http://www.madrid.es/sites/v/index.jsp?vgnextchannel=ca9671ee4a9eb410VgnVCM100000171f5a0aRCRD&vgnextoid=0fad773c43ac6910VgnVCM1000001d4a900aRCRD";"http://www.madrid.es/sites/v/index.jsp?vgnextchannel=bfa48ab43d6bb410VgnVCM100000171f5a0aRCRD&vgnextoid=0b60e92be3c5e210VgnVCM1000000b205a0aRCRD";"Biblioteca Pública Municipal Iván de Vargas (Centro)";"1,6";"CALLE";"SAN JUSTO";"5";"CENTRO";"PALACIO";"28005";"439775";"4473962";"40.41410290844665";"-3.7098591212735883";"/contenido/actividades/CursosTalleres";"/usuario/Niños"
12797708;"Campamento digital 'Future city'";"";"1";"1";"L,M,X,J,V";"";"2025-07-14 00:00:00.0";"2025-07-18 23:59:00.0";"10:00";"Curso de competencias digitales para niños, niñas y adolescentes: fomentar el uso seguro, crítico y responsable de la tecnología a través de la gamificación Para niñas y niños nacidos entre los años 2009 y 2011. Es necesario realizar inscripción previa a través de este  enlace , siendo responsable el Programa CODI del tratamiento de los datos personales.";"http://www.madrid.es/sites/v/index.jsp?vgnextchannel=ca9671ee4a9eb410VgnVCM100000171f5a0aRCRD&vgnextoid=2418852936447910VgnVCM1000001d4a900aRCRD";"Campamentos Digitales para la Infancia - Programa CODI -";"http://www.madrid.es/sites/v/index.jsp?vgnextchannel=ca9671ee4a9eb410VgnVCM100000171f5a0aRCRD&vgnextoid=0fad773c43ac6910VgnVCM1000001d4a900aRCRD";"http://www.madrid.es/sites/v/index.jsp?vgnextchannel=bfa48ab43d6bb410VgnVCM100000171f5a0aRCRD&vgnextoid=0b60e92be3c5e210VgnVCM1000000b205a0aRCRD";"Biblioteca Pública Municipal Iván de Vargas (Centro)";"1,6";"CALLE";"SAN JUSTO";"5";"CENTRO";"PALACIO";"28005";"439775";"4473962";"40.41410290844665";"-3.7098591212735883";"/contenido/actividades/CursosTalleres";"/usuario/Niños"
12797734;"Campamento digital 'Odisea en la ciudad'";"";"1";"1";"L,M,X,J,V";"";"2025-07-07 00:00:00.0";"2025-07-18 23:59:00.0";"10:00";"Curso de competencias digitales para niños, niñas y adolescentes: fomentar el uso seguro, crítico y responsable de la tecnología a través de la gamificación   Para niñas y niños nacidos entre los años 2011 y 2013   Es necesario realizar inscripción previa a través de este   enlace  , siendo responsable el Programa CODI del tratamiento de los datos personales.";"http://www.madrid.es/sites/v/index.jsp?vgnextchannel=ca9671ee4a9eb410VgnVCM100000171f5a0aRCRD&vgnextoid=8f104f0ad6447910VgnVCM1000001d4a900aRCRD";"Campamentos Digitales para la Infancia - Programa CODI -";"http://www.madrid.es/sites/v/index.jsp?vgnextchannel=ca9671ee4a9eb410VgnVCM100000171f5a0aRCRD&vgnextoid=0fad773c43ac6910VgnVCM1000001d4a900aRCRD";"http://www.madrid.es/sites/v/index.jsp?vgnextchannel=bfa48ab43d6bb410VgnVCM100000171f5a0aRCRD&vgnextoid=d7203d0b5e71c010VgnVCM1000000b205a0aRCRD";"Biblioteca Pública Municipal Pozo del Tío Raimundo (Puente de Vallecas)";"1,6";"AVENIDA";"GLORIETAS";"19";"PUENTE DE VALLECAS";"ENTREVIAS";"28053";"443950";"4469433";"40.3735856436473";"-3.6602546064905397";"/contenido/actividades/CursosTalleres";"/usuario/Niños"
12797709;"Campamento digital 'Odisea en la ciudad'";"";"1";"1";"L,M,X,J,V";"";"2025-07-07 00:00:00.0";"2025-07-11 23:59:00.0";"10:00";"Curso de competencias digitales para niños, niñas y adolescentes: fomentar el uso seguro, crítico y responsable de la tecnología a través de la gamificación  Para niñas y niños nacidos entre los años 2012 y 2013  Es necesario realizar inscripción previa a través de este  enlace , siendo responsable el Programa CODI del tratamiento de los datos personales.";"http://www.madrid.es/sites/v/index.jsp?vgnextchannel=ca9671ee4a9eb410VgnVCM100000171f5a0aRCRD&vgnextoid=0d1f852936447910VgnVCM1000001d4a900aRCRD";"Campamentos Digitales para la Infancia - Programa CODI -";"http://www.madrid.es/sites/v/index.jsp?vgnextchannel=ca9671ee4a9eb410VgnVCM100000171f5a0aRCRD&vgnextoid=0fad773c43ac6910VgnVCM1000001d4a900aRCRD";"http://www.madrid.es/sites/v/index.jsp?vgnextchannel=bfa48ab43d6bb410VgnVCM100000171f5a0aRCRD&vgnextoid=0b60e92be3c5e210VgnVCM1000000b205a0aRCRD";"Biblioteca Pública Municipal Iván de Vargas (Centro)";"1,6";"CALLE";"SAN JUSTO";"5";"CENTRO";"PALACIO";"28005";"439775";"4473962";"40.41410290844665";"-3.7098591212735883";"/contenido/actividades/CursosTalleres";"/usuario/Niños"
12766573;"Campamento urbano Chamartín Verano 2025";"";"1";"1";"L,M,X,J,V,S,D";"";"2025-04-30 00:00:00.0";"2025-09-07 23:59:00.0";"00:00";"Desde el 23 de junio al 5 de septiembre   Semanas:  - Semana 1: 23 - 27 junio- Semana 2: 30 junio - 4 julio- Semana 3: 7 - 11 julio- Semana 4: 14 - 18 julio- Semana 5: 21 - 25 julio- Semana 6: 28 julio - 1 agosto- Semana 7: 4 - 8 agosto- Semana 8: 11- 15 agosto- Semana 9: 18 - 22 agosto- Semana 10: 25 - 29 agosto- Semana 11: 1 - 5 septiembre   De 08:00 a 17:00.  o Entrada de 08:00 a 08:30 con desayuno.o Entrada de 08:30 a 08:55 sin desayuno.o Salida de 16:00 a 16:55  LUGAR DE REALIZACIÓN- CEIP Pintor Rosales (Calle de María Francisca, 2, Chamartín, 28002 Madrid)";"http://www.madrid.es/sites/v/index.jsp?vgnextchannel=ca9671ee4a9eb410VgnVCM100000171f5a0aRCRD&vgnextoid=2f3ac7a730786910VgnVCM1000001d4a900aRCRD";"Campamentos de verano 2025 en Chamartín";"http://www.madrid.es/sites/v/index.jsp?vgnextchannel=ca9671ee4a9eb410VgnVCM100000171f5a0aRCRD&vgnextoid=f104f5fa94686910VgnVCM2000001f4a900aRCRD";"";"";"";"";"";"";"";"";"";"";"";"";"";"/contenido/actividades/Campamentos";"/usuario/Niños,/usuario/Familias"
12693515;"Campamento urbano de Semana Santa. Distrito Retiro";"";"0";"1";"L,M,X,J,V";"25/7/2025;15/8/2025;";"2025-04-29 00:00:00.0";"2025-09-05 23:59:00.0";"";"";"http://www.madrid.es/sites/v/index.jsp?vgnextchannel=ca9671ee4a9eb410VgnVCM100000171f5a0aRCRD&vgnextoid=63144a9ad0e15910VgnVCM2000001f4a900aRCRD";"Campamentos de verano 2025 en Retiro";"http://www.madrid.es/sites/v/index.jsp?vgnextchannel=ca9671ee4a9eb410VgnVCM100000171f5a0aRCRD&vgnextoid=a2f8e8e06df3e610VgnVCM1000001d4a900aRCRD";"http://www.madrid.es/sites/v/index.jsp?vgnextchannel=bfa48ab43d6bb410VgnVCM100000171f5a0aRCRD&vgnextoid=628ba3f5ca71c010VgnVCM1000000b205a0aRCRD";"Colegio Público Ciudad de Roma";"0";"CALLE";"JUAN ESPLANDIU";"2";"RETIRO";"ESTRELLA";"28007";"443564";"4474129";"40.41586394930115";"-3.665205626185569";"/contenido/actividades/Campamentos";"/usuario/Niños"
12702034;"Campamentos de verano 2025 en Puente de Vallecas";"";"1";"1";"L,M,X,J,V,S,D";"";"2025-06-23 00:00:00.0";"2025-09-05 23:59:00.0";"";"";"http://www.madrid.es/sites/v/index.jsp?vgnextchannel=ca9671ee4a9eb410VgnVCM100000171f5a0aRCRD&vgnextoid=5c4cb1e2d1745910VgnVCM1000001d4a900aRCRD";"Campamentos de verano 2025 en Puente de Vallecas";"http://www.madrid.es/sites/v/index.jsp?vgnextchannel=ca9671ee4a9eb410VgnVCM100000171f5a0aRCRD&vgnextoid=bc9ab1e2d1745910VgnVCM1000001d4a900aRCRD";"";"";"";"";"";"";"";"";"";"";"";"";"";"/contenido/actividades/ActividadesCalleArteUrbano";"/usuario/Niños,/usuario/Familias"
12772353;"Campamentos de verano 2025 en San Blas - Canillejas";"";"1";"1";"L,M,X,J,V";"25/7/2025;15/8/2025;";"2025-06-23 00:00:00.0";"2025-08-29 23:59:00.0";"";"";"http://www.madrid.es/sites/v/index.jsp?vgnextchannel=ca9671ee4a9eb410VgnVCM100000171f5a0aRCRD&vgnextoid=7b41a7e8424b6910VgnVCM1000001d4a900aRCRD";"Campamentos de verano 2025 en San Blas - Canillejas";"http://www.madrid.es/sites/v/index.jsp?vgnextchannel=ca9671ee4a9eb410VgnVCM100000171f5a0aRCRD&vgnextoid=ead6f0db65f96910VgnVCM1000001d4a900aRCRD";"";"";"";"";"";"";"";"";"";"";"";"";"";"/contenido/actividades/Campamentos";"/usuario/Niños"
12765073;"Campamentos de verano 2025 para adolescentes nacidos 2009-2012";"";"1";"1";"L,M,X,J,V";"";"2025-07-07 00:00:00.0";"2025-07-18 23:59:00.0";"08:30";"Dirigido a menores de 13 a 16 años (nacidos entre 2009 y 2012).  Lugar: Todas las actividades serán en el exterior, teniendo como punto de encuentro el Centro de Servicios Sociales, sito en la calle Fuente Carrantona número 12.   Horario: 8:30 a 15:30 horas. Incluye la comida. Se llevarán a cabo en dos periodos en julio: -7 al 11 de julio (5 días laborables). - 14 al 18 de julio (5 días laborables).";"http://www.madrid.es/sites/v/index.jsp?vgnextchannel=ca9671ee4a9eb410VgnVCM100000171f5a0aRCRD&vgnextoid=8c696d2112286910VgnVCM1000001d4a900aRCRD";"Campamentos de verano 2025 en Moratalaz";"http://www.madrid.es/sites/v/index.jsp?vgnextchannel=ca9671ee4a9eb410VgnVCM100000171f5a0aRCRD&vgnextoid=e5240234de086910VgnVCM2000001f4a900aRCRD";"";"";"";"";"";"";"";"";"";"";"";"";"";"/contenido/actividades/Campamentos";"/usuario/Jovenes,/usuario/Niños"
12765048;"Campamentos de verano 2025 para menores nacidos 2013-2021";"";"1";"1";"L,M,X,J,V";"25/7/2025;15/8/2025;";"2025-06-23 00:00:00.0";"2025-08-29 23:59:00.0";"08:30";"Dirigido a menores de 3 a 12 años (nacidos entre 2013 y 2021).   Las actividades se celebrarán en el CEIP MARTÍNEZ MONTAÑÉS (calle Hacienda de Pavones número 223) y en el exterior.     Horario: de 8:30 a 15:30 horas. Incluye la comida.   Se llevarán a cabo en 5 periodos durante los meses de junio, julio y agosto (se seleccionarán como máximo 3 periodos, indicando el orden de prioridad):    - 23 a 30 de junio (6 días laborables). - 1 a 15 de julio (11 días laborables). - 16 a 31 de julio (11 días laborables. El 25 es festivo). - 1 a 14 de agosto (10 días laborables). - 18 a 29 de agosto (10 días laborables).";"http://www.madrid.es/sites/v/index.jsp?vgnextchannel=ca9671ee4a9eb410VgnVCM100000171f5a0aRCRD&vgnextoid=2d886d2112286910VgnVCM1000001d4a900aRCRD";"Campamentos de verano 2025 en Moratalaz";"http://www.madrid.es/sites/v/index.jsp?vgnextchannel=ca9671ee4a9eb410VgnVCM100000171f5a0aRCRD&vgnextoid=e5240234de086910VgnVCM2000001f4a900aRCRD";"http://www.madrid.es/sites/v/index.jsp?vgnextchannel=bfa48ab43d6bb410VgnVCM100000171f5a0aRCRD&vgnextoid=a5d3a3f5ca71c010VgnVCM1000000b205a0aRCRD";"Colegio Público Martínez Montañés";"1";"CALLE";"HACIENDA DE PAVONES";"223";"MORATALAZ";"PAVONES";"28030";"446208";"4472560";"40.40191354205018";"-3.6339103602187524";"/contenido/actividades/Campamentos";"/usuario/Jovenes,/usuario/Niños"
12725763;"Campamentos externos en Puente de Vallecas";"";"1";"1";"L,M,X,J,V,S,D";"";"2025-05-23 00:00:00.0";"2025-08-17 23:59:00.0";"";"";"http://www.madrid.es/sites/v/index.jsp?vgnextchannel=ca9671ee4a9eb410VgnVCM100000171f5a0aRCRD&vgnextoid=fbde7fd0ad9a5910VgnVCM1000001d4a900aRCRD";"";"";"";"";"";"";"";"";"";"";"";"";"";"";"";"/contenido/actividades/ActividadesCalleArteUrbano";""
12803810;"Campamentos Multiactividad 2025 - Distrito de Villaverde";"";"1";"1";"L,M,X,J,V,S,D";"";"2025-08-04 00:00:00.0";"2025-08-16 23:59:00.0";"";"";"http://www.madrid.es/sites/v/index.jsp?vgnextchannel=ca9671ee4a9eb410VgnVCM100000171f5a0aRCRD&vgnextoid=8ca33044b4877910VgnVCM1000001d4a900aRCRD";"Campamentos Multiactividad 2025 - Distrito de Villaverde";"http://www.madrid.es/sites/v/index.jsp?vgnextchannel=ca9671ee4a9eb410VgnVCM100000171f5a0aRCRD&vgnextoid=f8d719e023877910VgnVCM1000001d4a900aRCRD";"";"";"";"";"";"";"";"";"";"";"";"";"";"/contenido/actividades/Campamentos";"/usuario/Jovenes"
12756634;"Campamentos urbanos de verano 2025. Distrito Arganzuela";"";"0";"1";"L,M,X,J,V,S,D";"";"2025-04-21 00:00:00.0";"2025-09-05 23:59:00.0";"";"";"http://www.madrid.es/sites/v/index.jsp?vgnextchannel=ca9671ee4a9eb410VgnVCM100000171f5a0aRCRD&vgnextoid=0f5297c7fe556910VgnVCM2000001f4a900aRCRD";"Campamentos de verano 2025 en Arganzuela";"http://www.madrid.es/sites/v/index.jsp?vgnextchannel=ca9671ee4a9eb410VgnVCM100000171f5a0aRCRD&vgnextoid=8fbd97c7fe556910VgnVCM2000001f4a900aRCRD";"http://www.madrid.es/sites/v/index.jsp?vgnextchannel=bfa48ab43d6bb410VgnVCM100000171f5a0aRCRD&vgnextoid=81ecf6fddbf04210VgnVCM1000000b205a0aRCRD";"Colegio Público Plácido Domingo";"0";"CALLE";"TEJO";"5";"ARGANZUELA";"ATOCHA";"28045";"442433";"4472093";"40.39744510759389";"-3.678351566632272";"/contenido/actividades/Campamentos";"/usuario/Niños"
12794143;"Campamentos urbanos infantiles de verano";"";"1";"1";"L,M,X,J,V,S,D";"";"2025-07-01 00:00:00.0";"2025-08-29 23:59:00.0";"08:00";"Campamento infantil de 3 a 12 años en el Centro Cultural Galileo.   Campamento juvenil de 13 a 17 años en el Centro de Servicios Sociales Marta Esquivias.";"http://www.madrid.es/sites/v/index.jsp?vgnextchannel=ca9671ee4a9eb410VgnVCM100000171f5a0aRCRD&vgnextoid=6a89d2ee2b437910VgnVCM1000001d4a900aRCRD";"Actividades de verano en el Distrito de Chamberí";"http://www.madrid.es/sites/v/index.jsp?vgnextchannel=ca9671ee4a9eb410VgnVCM100000171f5a0aRCRD&vgnextoid=a9d769ea76117910VgnVCM1000001d4a900aRCRD";"http://www.madrid.es/sites/v/index.jsp?vgnextchannel=bfa48ab43d6bb410VgnVCM100000171f5a0aRCRD&vgnextoid=30181e79ee71c010VgnVCM1000000b205a0aRCRD";"Centro Cultural Galileo (Chamberí)";"1";"CALLE";"GALILEO";"39";"CHAMBERI";"ARAPILES";"28015";"439741";"4476139";"40.433719454283505";"-3.7104468992841753";"";"/usuario/Niños"
12811538;"CampeoneX";"";"1";"0";"";"";"2025-06-28 00:00:00.0";"2025-06-28 23:59:00.0";"22:00";"Lugar: Parque Guardias Civiles David Pérez y Miguel Ángel González. Todos los públicos. 2023.";"http://www.madrid.es/sites/v/index.jsp?vgnextchannel=ca9671ee4a9eb410VgnVCM100000171f5a0aRCRD&vgnextoid=277b0739f86a7910VgnVCM1000001d4a900aRCRD";"Cine de verano en Hortaleza";"http://www.madrid.es/sites/v/index.jsp?vgnextchannel=ca9671ee4a9eb410VgnVCM100000171f5a0aRCRD&vgnextoid=26306c93646a7910VgnVCM1000001d4a900aRCRD";"";"";"";"";"";"";"";"";"";"";"";"";"";"/contenido/actividades/ActividadesCalleArteUrbano";""
12783639;"Canciones de verano";"";"0";"0";"";"";"2025-06-29 00:00:00.0";"2025-06-29 23:59:00.0";"19:30";"Sala Borau.";"http://www.madrid.es/sites/v/index.jsp?vgnextchannel=ca9671ee4a9eb410VgnVCM100000171f5a0aRCRD&vgnextoid=cbcca370e2a07910VgnVCM2000001f4a900aRCRD";"Canciones de verano";"http://www.madrid.es/sites/v/index.jsp?vgnextchannel=ca9671ee4a9eb410VgnVCM100000171f5a0aRCRD&vgnextoid=bd3301d381107910VgnVCM1000001d4a900aRCRD";"http://www.madrid.es/sites/v/index.jsp?vgnextchannel=bfa48ab43d6bb410VgnVCM100000171f5a0aRCRD&vgnextoid=2dbd1fe44c5ee310VgnVCM2000000c205a0aRCRD";"Cineteca Madrid";"1";"PLAZA";"LEGAZPI";"8";"ARGANZUELA";"CHOPERA";"28045";"440946";"4471422";"40.39130985242181";"-3.6958028442054074";"/contenido/actividades/ProgramacionDestacadaAgendaCultura";""
12783430;"Canciones de verano";"";"0";"0";"";"";"2025-06-27 00:00:00.0";"2025-06-27 23:59:00.0";"20:00";"Sala Plató.";"http://www.madrid.es/sites/v/index.jsp?vgnextchannel=ca9671ee4a9eb410VgnVCM100000171f5a0aRCRD&vgnextoid=8f2301d381107910VgnVCM1000001d4a900aRCRD";"Canciones de verano";"http://www.madrid.es/sites/v/index.jsp?vgnextchannel=ca9671ee4a9eb410VgnVCM100000171f5a0aRCRD&vgnextoid=bd3301d381107910VgnVCM1000001d4a900aRCRD";"http://www.madrid.es/sites/v/index.jsp?vgnextchannel=bfa48ab43d6bb410VgnVCM100000171f5a0aRCRD&vgnextoid=2dbd1fe44c5ee310VgnVCM2000000c205a0aRCRD";"Cineteca Madrid";"1";"PLAZA";"LEGAZPI";"8";"ARGANZUELA";"CHOPERA";"28045";"440946";"4471422";"40.39130985242181";"-3.6958028442054074";"/contenido/actividades/ProgramacionDestacadaAgendaCultura";""
12783638;"Canciones de verano";"";"0";"0";"";"";"2025-06-28 00:00:00.0";"2025-06-28 23:59:00.0";"19:00";"Sala Plató.";"http://www.madrid.es/sites/v/index.jsp?vgnextchannel=ca9671ee4a9eb410VgnVCM100000171f5a0aRCRD&vgnextoid=67bca370e2a07910VgnVCM2000001f4a900aRCRD";"Canciones de verano";"http://www.madrid.es/sites/v/index.jsp?vgnextchannel=ca9671ee4a9eb410VgnVCM100000171f5a0aRCRD&vgnextoid=bd3301d381107910VgnVCM1000001d4a900aRCRD";"http://www.madrid.es/sites/v/index.jsp?vgnextchannel=bfa48ab43d6bb410VgnVCM100000171f5a0aRCRD&vgnextoid=2dbd1fe44c5ee310VgnVCM2000000c205a0aRCRD";"Cineteca Madrid";"1";"PLAZA";"LEGAZPI";"8";"ARGANZUELA";"CHOPERA";"28045";"440946";"4471422";"40.39130985242181";"-3.6958028442054074";"/contenido/actividades/ProgramacionDestacadaAgendaCultura";""
12792983;"Cañón del río Guadalix";"";"1";"0";"";"";"2025-09-13 00:00:00.0";"2025-09-13 23:59:00.0";"09:00";"La ruta por el cañón del río Guadalix , en septiembre es una de las más bonitas a realizar. Como ya sabemos se la considera la ruta del agua y de primavera, al final de la época estival nos encontraremos un paisaje que sigue desprendiendo belleza por doquier. La ruta va a atravesarel cañón formado por el río, viendo numerosas cascadas, siendo la más representativa la cascada del hervidero y la Presa del Mesto. Todo ello, siguiendo una senda local llamada Senda del Mesto, que se inicia y finaliza en San Agustín de Guadalix, siendo una ruta circular. Podremos apreciar una pequeña muestra de la riqueza arbórea del lugar, con varios grandes chopos, algunos alisos y abedules, será una jornada en la que disfrutaremos de la naturaleza desde dentro. También podremos contemplar magníficas veredas e importantes infraestructuras hidráulicas, con acueductos como el de la Retuerta, el de Valcaliente y La Sima. Se combinan con almenaras ysifones. Inscripciones a partir del 5 de septiembre en el enlace";"http://www.madrid.es/sites/v/index.jsp?vgnextchannel=ca9671ee4a9eb410VgnVCM100000171f5a0aRCRD&vgnextoid=f4eff80bf1137910VgnVCM1000001d4a900aRCRD";"Actividades de verano en el Distrito de Chamberí";"http://www.madrid.es/sites/v/index.jsp?vgnextchannel=ca9671ee4a9eb410VgnVCM100000171f5a0aRCRD&vgnextoid=a9d769ea76117910VgnVCM1000001d4a900aRCRD";"http://www.madrid.es/sites/v/index.jsp?vgnextchannel=bfa48ab43d6bb410VgnVCM100000171f5a0aRCRD&vgnextoid=30181e79ee71c010VgnVCM1000000b205a0aRCRD";"Centro Cultural Galileo (Chamberí)";"1";"CALLE";"GALILEO";"39";"CHAMBERI";"ARAPILES";"28015";"439741";"4476139";"40.433719454283505";"-3.7104468992841753";"/contenido/actividades/TeatroPerformance";""
12784386;"Caparazón: ficción sonora en cinco partes";"Entrada gratuita con inscripción previa";"0";"0";"";"";"2025-06-28 00:00:00.0";"2025-06-28 23:59:00.0";"19:00";"";"http://www.madrid.es/sites/v/index.jsp?vgnextchannel=ca9671ee4a9eb410VgnVCM100000171f5a0aRCRD&vgnextoid=26e976ef83c07910VgnVCM1000001d4a900aRCRD";"";"";"http://www.madrid.es/sites/v/index.jsp?vgnextchannel=bfa48ab43d6bb410VgnVCM100000171f5a0aRCRD&vgnextoid=ef686a9ee7336110VgnVCM1000000b205a0aRCRD";"Matadero Madrid";"1";"PLAZA";"LEGAZPI";"8";"ARGANZUELA";"CHOPERA";"28045";"440946";"4471422";"40.39130985242181";"-3.6958028442054074";"/contenido/actividades/ProgramacionDestacadaAgendaCultura";""
12518824;"CaraBEteras";"Entrada libre hasta completar aforo.";"0";"1";"M,X,J,V,S,D";"";"2025-07-01 00:00:00.0";"2025-07-30 23:59:00.0";"";"";"http://www.madrid.es/sites/v/index.jsp?vgnextchannel=ca9671ee4a9eb410VgnVCM100000171f5a0aRCRD&vgnextoid=1e2eb0f8cebe1910VgnVCM1000001d4a900aRCRD";"CaraBEteras";"http://www.madrid.es/sites/v/index.jsp?vgnextchannel=ca9671ee4a9eb410VgnVCM100000171f5a0aRCRD&vgnextoid=b23eb0f8cebe1910VgnVCM1000001d4a900aRCRD";"http://www.madrid.es/sites/v/index.jsp?vgnextchannel=bfa48ab43d6bb410VgnVCM100000171f5a0aRCRD&vgnextoid=ba663d0b5e71c010VgnVCM1000000b205a0aRCRD";"Fernán Gómez Centro Cultural de la Villa";"1,6";"PLAZA";"COLON";"4";"SALAMANCA";"RECOLETOS";"28001";"441472";"4475155";"40.4249721516942";"-3.689948085098791";"/contenido/actividades/ProgramacionDestacadaAgendaCultura";""
12685034;"Carmen Martín Gaite y el collage: un diario en libertad";"Gratuito";"0";"0";"";"";"2025-03-18 00:00:00.0";"2025-06-30 23:59:00.0";"";"Con motivo del centenario del nacimiento de la gran escritora salmantina Carmen Martín Gaite, Casa del Lector, Fundación Carmen Martín Gaite y Ediciones Siruela, han preparado una muestra expositiva en torno a su obra Visión de Nueva York.  Carmen Martín Gaite, ante el vértigo de imágenes con el que se encuentra en Manhattan, experimenta cómo una narración lineal o secuencial no le basta y acepta el desafío de contar lo simultáneo e inabarcable a través de la técnica del collage, porque Nueva York no se puede captar ni transferir solo con la pluma, se necesitan imágenes y estas corren más deprisa que las palabras, e incluso que los pensamientos, hasta llegar a desplazarlos.  Sin perder detalle ni la capacidad de sorpresa que siempre la caracterizó, la escritora se aventura a cazar instantes por las calles de la gran ciudad y también se las arregla para encontrar la ranura por donde asomarse en el interior de sí misma. 'Soy como una mujer de un cuadro de Hopper comiéndome una manzana en soledad', se puede leer en uno de sus collages.   Visión de Nueva York responde a la pregunta de cómo convertir en narración el ritmo vertiginoso, cambiante y simultáneo de lo que se perfilaba ante sus ojos y memoria por su periplo norteamericano. Quizá sea su libro con los ojos más abiertos y estos, como las ventanas de Edward Hopper, muestran, se internan y parpadean.  Este diario en libertad de más de 80 collages (fechados entre el 17 de septiembre de 1980 y el 24 de enero de 1981) fue elaborado desde Nueva York (durante su estancia como escritora visitante en Barnard College) hasta Los Ángeles (donde fue a visitar a su amigo José Luis Borau en Sherman Oaks).  La exposición demuestra que el taller literario de Carmen Martín Gaite es mucho más experimental de lo que usualmente se ha considerado y plantea su necesidad de utilizar un lenguaje icónico para acercarse a ese ideal de la narración abierta más próxima al sentir, tan estrechamente vinculado con su posterior ensayo y auténtica clave de bóveda de su obra: El cuento de nunca acabar (apuntes sobre la narración, el amor y la mentira).  La muestra expositiva estará acompañada por un completo programa de talleres (tanto para familias como para adultos), espectáculos dirigidos a estudiantes de segundo ciclo de la ESO, Bachillerato y público general y conferencias con el fin de que el espectador pueda ver con mayores elementos de juicio qué supuso Visión de Nueva York y la técnica del collage en la trayectoria creativa de una de las autoras más relevantes y vigentes de la cultura española contemporánea.   Comisario: José Teruel.   Organizan: Casa del Lector/Fundación Germán Sánchez Ruipérez, Fundación Carmen Martín Gaite y Ediciones Siruela.  Actividad adeucada para todos los públicos.";"http://www.madrid.es/sites/v/index.jsp?vgnextchannel=ca9671ee4a9eb410VgnVCM100000171f5a0aRCRD&vgnextoid=72ee253fbe9f4910VgnVCM1000001d4a900aRCRD";"Centenario Carmen Martín Gaite";"http://www.madrid.es/sites/v/index.jsp?vgnextchannel=ca9671ee4a9eb410VgnVCM100000171f5a0aRCRD&vgnextoid=c629d49bf3325910VgnVCM1000001d4a900aRCRD";"http://www.madrid.es/sites/v/index.jsp?vgnextchannel=bfa48ab43d6bb410VgnVCM100000171f5a0aRCRD&vgnextoid=ef686a9ee7336110VgnVCM1000000b205a0aRCRD";"Matadero Madrid";"1";"PLAZA";"LEGAZPI";"8";"ARGANZUELA";"CHOPERA";"28045";"440946";"4471422";"40.39130985242181";"-3.6958028442054074";"/contenido/actividades/RecitalesPresentacionesActosLiterarios";""
12804857;"Carruaje a Viena";"";"0";"0";"";"";"2025-09-21 00:00:00.0";"2025-09-21 23:59:00.0";"19:00";"Un soldado austríaco asalta el carruaje de una campesina y la fuerza a llevarlo a él y a su compañero herido hasta Viena. La mujer busca una oportunidad de neutralizarlos, acercándolos a las tropas soviéticas y aprovechando un descuido para abatirlos.   Karel Kachy?a (1924 ? 2004) se vio sometido a trabajos forzados en una fábrica alemana durante la Segunda Guerra Mundial. Tras la guerra, acabó el bachillerato y pudo trabajar en anuncios publicitarios en los estudios cinematográficos Ba?a de Zlín. Después, Kachy?a fue aceptado en la recién fundada Escuela de Cine y Televisión de la Academia de Artes Escénicas de Praga (FAMU) para estudiar cinematografía y dirección. Entre sus compañeros de estudios estaban Vojt?ch Jasný, Zden?k Podskalský y Antonín Kachlík. Tras graduarse, dirigió documentales de propaganda de realismo socialista con Jasný. A lo largo de la década de los cincuenta ambos trabajaron para la unidad de cine del ejército checoslovaco. En 1952 viajaron a China con el Grupo Artístico del Ejército Popular Checoslovaco y realizaron tres documentales sobre el país. Kachy?a realizó sus películas más célebres con el guionista Jan Procházka. Tras la invasión de Checoslovaquia por el Pacto de Varsovia y en el posterior periodo de normalización, sus películas políticamente críticas ¡Que viva la república! (1965), Carruaje a Viena (1966), Noc nevesty (La noche de la monja, 1967) y La oreja (1970) fueron prohibidas. Kachy?a fue despedido de su puesto de profesor en la FAMU, después de que la película Nezvaný host (Huésped no invitado, 1969), de su alumno Vlastimil Venclík, fuera interpretada como una crítica a la invasión soviética. A partir de la década de los setenta dirigió sobre todo películas históricas centradas en la vida de la gente corriente y filmes infantiles. Tras la Revolución de Terciopelo fue contratado de nuevo en la FAMU, donde siguió dando clases hasta su jubilación.   Premios y festivales Karlovy Vary 1966 - Sección oficial   Idioma: V.O.S.E.    Formato: Archivo Digital";"http://www.madrid.es/sites/v/index.jsp?vgnextchannel=ca9671ee4a9eb410VgnVCM100000171f5a0aRCRD&vgnextoid=776d082228d77910VgnVCM1000001d4a900aRCRD";"";"";"http://www.madrid.es/sites/v/index.jsp?vgnextchannel=bfa48ab43d6bb410VgnVCM100000171f5a0aRCRD&vgnextoid=2dbd1fe44c5ee310VgnVCM2000000c205a0aRCRD";"Cineteca Madrid";"1";"PLAZA";"LEGAZPI";"8";"ARGANZUELA";"CHOPERA";"28045";"440946";"4471422";"40.39130985242181";"-3.6958028442054074";"/contenido/actividades/ProgramacionDestacadaAgendaCultura";""
12345367;"Casino de La Reina y Lavapiés";"";"1";"0";"";"";"2025-07-30 00:00:00.0";"2025-07-30 23:59:00.0";"09:30";"Itinerario por la historia social del barrio de Embajadores para entender la creación del Real Sitio del Casino de la Reina como un oasis dentro de un territorio marginal, situado en el borde la ciudad. Actividad dirigida a público adulto.  Duración estimada: dos horas y media.";"http://www.madrid.es/sites/v/index.jsp?vgnextchannel=ca9671ee4a9eb410VgnVCM100000171f5a0aRCRD&vgnextoid=6d4159067b1de810VgnVCM1000001d4a900aRCRD";"Entre historias y jardines";"http://www.madrid.es/sites/v/index.jsp?vgnextchannel=ca9671ee4a9eb410VgnVCM100000171f5a0aRCRD&vgnextoid=bf8b691bdf7ce810VgnVCM1000001d4a900aRCRD";"";"";"";"";"";"";"";"";"";"";"";"";"";"/contenido/actividades/ExcursionesItinerariosVisitas";""
12804323;"Cazafantasmas Imperio Helado";"";"1";"0";"";"";"2025-08-13 00:00:00.0";"2025-08-13 23:59:00.0";"22:00";"Duración: 115 min.  Dirección: Gil Kenan  Sinopsis: Después de los eventos de Oklahoma, el equipo de Cazafantasmas regresa a donde comenzó todo: ¡Nueva York! La historia de la familia Spengler continúa con un nuevo grupo de Cazafantasmas.  Público: mayor de 7 años.  Entrada libre hasta completar aforo.";"http://www.madrid.es/sites/v/index.jsp?vgnextchannel=ca9671ee4a9eb410VgnVCM100000171f5a0aRCRD&vgnextoid=4a075de1ee977910VgnVCM1000001d4a900aRCRD";"Verano de cine Retiro 2025";"http://www.madrid.es/sites/v/index.jsp?vgnextchannel=ca9671ee4a9eb410VgnVCM100000171f5a0aRCRD&vgnextoid=cdac62ae0c4a1810VgnVCM1000001d4a900aRCRD";"http://www.madrid.es/sites/v/index.jsp?vgnextchannel=bfa48ab43d6bb410VgnVCM100000171f5a0aRCRD&vgnextoid=675e280d37e2e210VgnVCM1000000b205a0aRCRD";"Parque Roma";"2";"CALLE";"JUAN ESPLANDIU";"4";"RETIRO";"ESTRELLA";"28007";"443786";"4474188";"40.41641041087398";"-3.662606100328213";"/contenido/actividades/CineActividadesAudiovisuales";""
12806670;"Cazafantasmas: Imperio helado";"";"1";"0";"";"";"2025-08-02 00:00:00.0";"2025-08-02 23:59:00.0";"22:15";"De Gil Kenan. Con Paul Rudd, Carrie Coon, Finn Wolfhard, Kumail Nanjiani. EEUU y Canadá 2024. 115?   No recomendada para menores de 7 años  Después de los eventos de Oklahoma, el equipo de Cazafantasmas regresa a donde comenzó todo: ¡Nueva York!";"http://www.madrid.es/sites/v/index.jsp?vgnextchannel=ca9671ee4a9eb410VgnVCM100000171f5a0aRCRD&vgnextoid=a791c8aa09787910VgnVCM2000001f4a900aRCRD";"Ciclo Los sábados de cine. Primavera 2025";"http://www.madrid.es/sites/v/index.jsp?vgnextchannel=ca9671ee4a9eb410VgnVCM100000171f5a0aRCRD&vgnextoid=c0de900069495910VgnVCM2000001f4a900aRCRD";"http://www.madrid.es/sites/v/index.jsp?vgnextchannel=bfa48ab43d6bb410VgnVCM100000171f5a0aRCRD&vgnextoid=a395946be351c010VgnVCM2000000c205a0aRCRD";"Centro Cultural Auditorio Parque El Paraíso (San Blas - Canillejas)";"1";"AVENIDA";"ARCENTALES";"4";"SAN BLAS-CANILLEJAS";"HELLIN";"28037";"447225";"4475667";"40.42997621103139";"-3.6221773579444596";"/contenido/actividades/CineActividadesAudiovisuales";"/usuario/Familias"
12805412;"Celebración del 50.º aniversario del establecimiento de relaciones diplomáticas entre China y Europa. Gira europea por España. Por Artistas chinos reconocidos de creación en directo";"";"1";"1";"L,M,X,J,V,S,D";"";"2025-06-24 00:00:00.0";"2025-06-27 23:59:00.0";"";"Ceremonia de apertura el 25 de junio. La escritura de sellos de Jiang Meng. La pintura a tinta de Zeng Yi. Patrimonio cultural inmaterial de Shujin.";"http://www.madrid.es/sites/v/index.jsp?vgnextchannel=ca9671ee4a9eb410VgnVCM100000171f5a0aRCRD&vgnextoid=fda56da4fd187910VgnVCM2000001f4a900aRCRD";"Actividades en el Centro Cultural Usera I";"http://www.madrid.es/sites/v/index.jsp?vgnextchannel=ca9671ee4a9eb410VgnVCM100000171f5a0aRCRD&vgnextoid=e4db106762794910VgnVCM1000001d4a900aRCRD";"http://www.madrid.es/sites/v/index.jsp?vgnextchannel=bfa48ab43d6bb410VgnVCM100000171f5a0aRCRD&vgnextoid=54fb1e79ee71c010VgnVCM1000000b205a0aRCRD";"Centro Cultural Usera 1";"1";"AVENIDA";"RAFAELA YBARRA";"49";"USERA";"PRADOLONGO";"28026";"439635";"4470301";"40.381114597104194";"-3.711149675992656";"/contenido/actividades/Exposiciones";""
12676586;"Celeste en Carabanchel";"";"0";"0";"";"";"2025-09-21 00:00:00.0";"2025-09-21 23:59:00.0";"12:30";"";"http://www.madrid.es/sites/v/index.jsp?vgnextchannel=ca9671ee4a9eb410VgnVCM100000171f5a0aRCRD&vgnextoid=a85cdaba65bc4910VgnVCM1000001d4a900aRCRD";"";"";"http://www.madrid.es/sites/v/index.jsp?vgnextchannel=bfa48ab43d6bb410VgnVCM100000171f5a0aRCRD&vgnextoid=340ed2d6fe9a6110VgnVCM1000000b205a0aRCRD";"Centro Cultural Fernando Lázaro Carreter (Carabanchel)";"1";"CALLE";"VERDAD";"29";"CARABANCHEL";"OPAÑEL";"28019";"439136";"4471474";"40.39164455403764";"-3.717137582860074";"/contenido/actividades/1ciudad21distritos";""
12811600;"Centro Coreografico Nazionale / Aterballetto";"Desde 18  euros.";"0";"1";"J,V";"";"2025-07-17 00:00:00.0";"2025-07-18 23:59:00.0";"20:00";"";"http://www.madrid.es/sites/v/index.jsp?vgnextchannel=ca9671ee4a9eb410VgnVCM100000171f5a0aRCRD&vgnextoid=8f740739f86a7910VgnVCM1000001d4a900aRCRD";"";"";"http://www.madrid.es/sites/v/index.jsp?vgnextchannel=bfa48ab43d6bb410VgnVCM100000171f5a0aRCRD&vgnextoid=2b09c47ca9572910VgnVCM1000001d4a900aRCRD";"Centro Danza Matadero - CDM";"1";"PASEO";"CHOPERA";"14";"ARGANZUELA";"CHOPERA";"28045";"440828";"4471551";"40.39245798191536";"-3.6972067902718897";"/contenido/actividades/DanzaBaile";"/usuario/Familias"
11967237;"Centro de insectos";"";"1";"0";"";"";"2025-07-05 00:00:00.0";"2025-07-05 23:59:00.0";"10:30";"";"http://www.madrid.es/sites/v/index.jsp?vgnextchannel=ca9671ee4a9eb410VgnVCM100000171f5a0aRCRD&vgnextoid=e67079a623e07810VgnVCM2000001f4a900aRCRD";"Centro de insectos";"http://www.madrid.es/sites/v/index.jsp?vgnextchannel=ca9671ee4a9eb410VgnVCM100000171f5a0aRCRD&vgnextoid=63fc79a623e07810VgnVCM2000001f4a900aRCRD";"http://www.madrid.es/sites/v/index.jsp?vgnextchannel=bfa48ab43d6bb410VgnVCM100000171f5a0aRCRD&vgnextoid=8a22598d1351c010VgnVCM1000000b205a0aRCRD";"Centro de Información y Educación Ambiental de Casa de Campo";"1";"PARQUE";"CASA DE CAMPO (JUNTO AL EMBARCADERO DEL LAGO)";"";"MONCLOA-ARAVACA";"CASA DE CAMPO";"28011";"437990";"4474399";"40.41789950036311";"-3.7309390858931137";"/contenido/actividades/ExcursionesItinerariosVisitas";""
11875736;"Centro de Interpretación del Paisaje de la Luz";"";"0";"1";"M,X,J,V,S,D";"";"2022-12-14 00:00:00.0";"2026-01-14 23:59:00.0";"";"";"http://www.madrid.es/sites/v/index.jsp?vgnextchannel=ca9671ee4a9eb410VgnVCM100000171f5a0aRCRD&vgnextoid=842dc5eb8e915810VgnVCM1000001d4a900aRCRD";"";"";"http://www.madrid.es/sites/v/index.jsp?vgnextchannel=bfa48ab43d6bb410VgnVCM100000171f5a0aRCRD&vgnextoid=5ff519cd7bcee210VgnVCM1000000b205a0aRCRD";"CentroCentro";"1";"PLAZA";"CIBELES";"1";"RETIRO";"LOS JERONIMOS";"28014";"441277";"4474496";"40.419011767401095";"-3.692206111679657";"/contenido/actividades/ProgramacionDestacadaAgendaCultura";""
12810767;"CentroCentro en podcast";"";"0";"0";"";"";"2025-06-23 00:00:00.0";"2026-06-23 23:59:00.0";"";"";"http://www.madrid.es/sites/v/index.jsp?vgnextchannel=ca9671ee4a9eb410VgnVCM100000171f5a0aRCRD&vgnextoid=1fb7425f291a7910VgnVCM1000001d4a900aRCRD";"";"";"http://www.madrid.es/sites/v/index.jsp?vgnextchannel=bfa48ab43d6bb410VgnVCM100000171f5a0aRCRD&vgnextoid=5ff519cd7bcee210VgnVCM1000000b205a0aRCRD";"CentroCentro";"1";"PLAZA";"CIBELES";"1";"RETIRO";"LOS JERONIMOS";"28014";"441277";"4474496";"40.41902261618159";"-3.692188193693138";"/contenido/actividades/ConferenciasColoquios";""
12800892;"Cibeles de cine";"Entrada general: 6  euros en taquilla y 7  euros online Entradas combinadas desde13  euros";"0";"1";"L,M,X,J,V,S,D";"";"2025-06-11 00:00:00.0";"2025-09-11 23:59:00.0";"";"";"http://www.madrid.es/sites/v/index.jsp?vgnextchannel=ca9671ee4a9eb410VgnVCM100000171f5a0aRCRD&vgnextoid=a521deff79e57910VgnVCM1000001d4a900aRCRD";"Cibeles de cine";"http://www.madrid.es/sites/v/index.jsp?vgnextchannel=ca9671ee4a9eb410VgnVCM100000171f5a0aRCRD&vgnextoid=bb21deff79e57910VgnVCM1000001d4a900aRCRD";"http://www.madrid.es/sites/v/index.jsp?vgnextchannel=bfa48ab43d6bb410VgnVCM100000171f5a0aRCRD&vgnextoid=5ff519cd7bcee210VgnVCM1000000b205a0aRCRD";"CentroCentro";"1";"PLAZA";"CIBELES";"1";"RETIRO";"LOS JERONIMOS";"28014";"441277";"4474496";"40.41902261618159";"-3.692188193693138";"/contenido/actividades/ProgramacionDestacadaAgendaCultura";""
12806985;"Ciclo Aula encuentros con la ciencia: 'Un paseo por el Universo. Pequeña introducción a la astronomía'";"";"1";"0";"";"";"2025-09-23 00:00:00.0";"2025-09-23 23:59:00.0";"11:00";"";"http://www.madrid.es/sites/v/index.jsp?vgnextchannel=ca9671ee4a9eb410VgnVCM100000171f5a0aRCRD&vgnextoid=2e614d08d1887910VgnVCM1000001d4a900aRCRD";"";"";"http://www.madrid.es/sites/v/index.jsp?vgnextchannel=bfa48ab43d6bb410VgnVCM100000171f5a0aRCRD&vgnextoid=70d879262ef5d010VgnVCM1000000b205a0aRCRD";"Biblioteca Pública Municipal José Saramago (Fuencarral-El Pardo)";"1,5,6";"AVENIDA";"MONFORTE DE LEMOS";"38";"FUENCARRAL-EL PARDO";"EL PILAR";"28029";"439867";"4481122";"40.47860087334554";"-3.7094408342979954";"/contenido/actividades/ConferenciasColoquios";""
12781483;"Ciclo ciudades del mundo: Valencia";"";"1";"0";"";"";"2025-06-25 00:00:00.0";"2025-06-25 23:59:00.0";"18:30";"Ponente: Bárbara Linares.    Sinopsis: Valencia es sinónimo de museos y cultura, de cine y teatro, de música y vida nocturna, de playa y actividades al aire libre, de comercio y negocios. Es un centro de diseño industrial y de movimientos de vanguardia.";"http://www.madrid.es/sites/v/index.jsp?vgnextchannel=ca9671ee4a9eb410VgnVCM100000171f5a0aRCRD&vgnextoid=016092c2677f6910VgnVCM1000001d4a900aRCRD";"";"";"http://www.madrid.es/sites/v/index.jsp?vgnextchannel=bfa48ab43d6bb410VgnVCM100000171f5a0aRCRD&vgnextoid=f3073d0b5e71c010VgnVCM1000000b205a0aRCRD";"Centro Cultural el Torito (Moratalaz)";"1";"AVENIDA";"MORATALAZ";"130";"MORATALAZ";"VINATEROS";"28030";"445141";"4473033";"40.40610655994401";"-3.646521482592748";"/contenido/actividades/ExcursionesItinerariosVisitas";""
12808499;"Ciclo Indagaciones atmosféricas. Con Atractores Extraños, Lucia Rebolino, Abelardo Gil-Fournier";"";"0";"1";"L,M,X,J,V,S,D";"";"2025-06-27 00:00:00.0";"2025-06-28 23:59:00.0";"";"";"http://www.madrid.es/sites/v/index.jsp?vgnextchannel=ca9671ee4a9eb410VgnVCM100000171f5a0aRCRD&vgnextoid=c72e52a730d87910VgnVCM1000001d4a900aRCRD";"";"";"http://www.madrid.es/sites/v/index.jsp?vgnextchannel=bfa48ab43d6bb410VgnVCM100000171f5a0aRCRD&vgnextoid=79f59dacff4d7110VgnVCM1000000b205a0aRCRD";"Matadero Medialab";"1";"PASEO";"CHOPERA";"14";"ARGANZUELA";"CHOPERA";"28045";"440828";"4471551";"40.39245798191536";"-3.6972067902718897";"/contenido/actividades/TeatroPerformance";""
12730729;"Ciclo: Historia del cine clásico";"";"1";"1";"X";"";"2025-04-01 00:00:00.0";"2025-06-30 23:59:00.0";"17:30";"";"http://www.madrid.es/sites/v/index.jsp?vgnextchannel=ca9671ee4a9eb410VgnVCM100000171f5a0aRCRD&vgnextoid=92ce3e785acc5910VgnVCM2000001f4a900aRCRD";"Ciclo: Historia del cine clásico";"http://www.madrid.es/sites/v/index.jsp?vgnextchannel=ca9671ee4a9eb410VgnVCM100000171f5a0aRCRD&vgnextoid=d619c20f93eb2910VgnVCM1000001d4a900aRCRD";"http://www.madrid.es/sites/v/index.jsp?vgnextchannel=bfa48ab43d6bb410VgnVCM100000171f5a0aRCRD&vgnextoid=068e598d1351c010VgnVCM1000000b205a0aRCRD";"Centro Cultural Buenavista (Salamanca)";"1,5,6";"AVENIDA";"TOREROS";"5";"SALAMANCA";"GUINDALERA";"28028";"443094";"4475922";"40.43200001609297";"-3.670904677285496";"/contenido/actividades/CineActividadesAudiovisuales";""
12805242;"Cinco lunas con Federico";"";"1";"0";"";"";"2025-06-27 00:00:00.0";"2025-06-27 23:59:00.0";"18:00";"";"http://www.madrid.es/sites/v/index.jsp?vgnextchannel=ca9671ee4a9eb410VgnVCM100000171f5a0aRCRD&vgnextoid=7de51a2c8c187910VgnVCM1000001d4a900aRCRD";"Corazón: abandono y refugio";"http://www.madrid.es/sites/v/index.jsp?vgnextchannel=ca9671ee4a9eb410VgnVCM100000171f5a0aRCRD&vgnextoid=7386faa132464910VgnVCM1000001d4a900aRCRD";"http://www.madrid.es/sites/v/index.jsp?vgnextchannel=bfa48ab43d6bb410VgnVCM100000171f5a0aRCRD&vgnextoid=d482270f58c6c310VgnVCM2000000c205a0aRCRD";"Biblioteca Musical Víctor Espinós";"1,6";"CALLE";"CONDE DUQUE";"9";"CENTRO";"UNIVERSIDAD";"28015";"439723";"4475437";"40.42737760210632";"-3.7106116887809817";"/contenido/actividades/Musica";""
12687469;"Cinefórum con Sergio de Vega en la Biblioteca Iván de Vargas: proyección de 'Plácido' de Luis García Berlanga";"";"1";"0";"";"";"2025-06-27 00:00:00.0";"2025-06-27 23:59:00.0";"18:00";"";"http://www.madrid.es/sites/v/index.jsp?vgnextchannel=ca9671ee4a9eb410VgnVCM100000171f5a0aRCRD&vgnextoid=c65f91bed4ff4910VgnVCM1000001d4a900aRCRD";"Cinefórum con Sergio de Vega en la Biblioteca Iván de Vargas";"http://www.madrid.es/sites/v/index.jsp?vgnextchannel=ca9671ee4a9eb410VgnVCM100000171f5a0aRCRD&vgnextoid=7997917db1ff4910VgnVCM2000001f4a900aRCRD";"http://www.madrid.es/sites/v/index.jsp?vgnextchannel=bfa48ab43d6bb410VgnVCM100000171f5a0aRCRD&vgnextoid=0b60e92be3c5e210VgnVCM1000000b205a0aRCRD";"Biblioteca Pública Municipal Iván de Vargas (Centro)";"1,6";"CALLE";"SAN JUSTO";"5";"CENTRO";"PALACIO";"28005";"439775";"4473962";"40.41410290844665";"-3.7098591212735883";"/contenido/actividades/CineActividadesAudiovisuales";""
12805821;"Cinefórum en la Biblioteca Francisco Ayala: 'La chica danesa'";"";"1";"0";"";"";"2025-07-03 00:00:00.0";"2025-07-03 23:59:00.0";"10:00";"";"http://www.madrid.es/sites/v/index.jsp?vgnextchannel=ca9671ee4a9eb410VgnVCM100000171f5a0aRCRD&vgnextoid=25a7552708387910VgnVCM1000001d4a900aRCRD";"";"";"http://www.madrid.es/sites/v/index.jsp?vgnextchannel=bfa48ab43d6bb410VgnVCM100000171f5a0aRCRD&vgnextoid=f05279262ef5d010VgnVCM1000000b205a0aRCRD";"Biblioteca Pública Municipal Francisco Ayala (Vicálvaro)";"1,6";"BULEVAR";"INDALECIO PRIETO";"21";"VICALVARO";"VALDEBERNARDO";"28032";"447278";"4472321";"40.39982891410407";"-3.621281890570377";"/contenido/actividades/CineActividadesAudiovisuales";""
12809121;"Cineforum 'Día Mundial de la Diversidad Sexual'";"";"1";"0";"";"";"2025-07-03 00:00:00.0";"2025-07-03 23:59:00.0";"10:00";"";"http://www.madrid.es/sites/v/index.jsp?vgnextchannel=ca9671ee4a9eb410VgnVCM100000171f5a0aRCRD&vgnextoid=fd63ccc116a97910VgnVCM2000001f4a900aRCRD";"Cineforum 'Día Mundial de la Diversidad Sexual'";"http://www.madrid.es/sites/v/index.jsp?vgnextchannel=ca9671ee4a9eb410VgnVCM100000171f5a0aRCRD&vgnextoid=631feaf8a1c24910VgnVCM1000001d4a900aRCRD";"http://www.madrid.es/sites/v/index.jsp?vgnextchannel=bfa48ab43d6bb410VgnVCM100000171f5a0aRCRD&vgnextoid=f05279262ef5d010VgnVCM1000000b205a0aRCRD";"Biblioteca Pública Municipal Francisco Ayala (Vicálvaro)";"1,6";"BULEVAR";"INDALECIO PRIETO";"21";"VICALVARO";"VALDEBERNARDO";"28032";"447278";"4472321";"40.39982891410407";"-3.621281890570377";"/contenido/actividades/CineActividadesAudiovisuales";""
12797990;"CinePlaza: Superestrellas 2 &gt; Cine comentado 10 de julio: Paloma Rando comenta Cabaret";"";"0";"0";"";"";"2025-07-10 00:00:00.0";"2025-07-10 23:59:00.0";"22:15";"Berlín, años treinta. El partido nazi domina una ciudad donde el amor, el baile y la música se mezclan en la animada vida nocturna del Kit Kat Club. Un refugio mágico donde la joven Sally Bowles y un divertido maestro de ceremonias hacen olvidar las tristezas de la vida.  Paloma Rando es periodista, guionista y columnista de la sección de televisión de El País. Escribe series que espera no tener que criticar jamás y critica muchas series que le gustaría escribir. Gran amante del musical (ella es una de las mentes detrás de Mariliendre, la última sorpresa sacada de la chistera de Los Javis) ha elegido para el ciclo Superestrellas repasar la carrera de la incomparable Liza Minelli y comentar una de las obras maestras del cine musical, Cabaret. Ganadora de ocho oscars, incluyendo el de mejor actriz para la hija de Judy Garland (otra Superestrella), esta película no ha perdido un ápice vigencia. Números como 'Tomorrow Belongs to me' posiblemente pongan los pelos como escarpias a los lectores habituales de las noticias. Pero, además, de contar con una diva en estado de gracia (nadie como ella para interpretar a Sally Bowles) para el recuerdo quedan el maestro de ceremonias interpretado por el ambiguo Joel Grey y las coreografías de Bob Fosse. Así que Willkommen, bienvenu, welcome.  Sesión no recomendada para menores de 13 años";"http://www.madrid.es/sites/v/index.jsp?vgnextchannel=ca9671ee4a9eb410VgnVCM100000171f5a0aRCRD&vgnextoid=b8c3db3e7b447910VgnVCM1000001d4a900aRCRD";"Superestrellas 2";"http://www.madrid.es/sites/v/index.jsp?vgnextchannel=ca9671ee4a9eb410VgnVCM100000171f5a0aRCRD&vgnextoid=78d3db3e7b447910VgnVCM1000001d4a900aRCRD";"http://www.madrid.es/sites/v/index.jsp?vgnextchannel=bfa48ab43d6bb410VgnVCM100000171f5a0aRCRD&vgnextoid=2dbd1fe44c5ee310VgnVCM2000000c205a0aRCRD";"Cineteca Madrid";"1";"PLAZA";"LEGAZPI";"8";"ARGANZUELA";"CHOPERA";"28045";"440946";"4471422";"40.39130985242181";"-3.6958028442054074";"/contenido/actividades/ProgramacionDestacadaAgendaCultura";""
12797986;"CinePlaza: Superestrellas 2 &gt; Cine comentado 24 de julio: Lidia García comenta El balcón de la luna";"";"0";"0";"";"";"2025-07-24 00:00:00.0";"2025-07-24 23:59:00.0";"22:15";"Mítica película de números musicales donde Luis Saslavsky juntó a las tres folclóricas más populares de la España de los sesenta: Lola Flores, Paquita Rico y Carmen Sevilla. Charo, Cora y Pili son tres chicas que cantan en un cabaret llamado El balcón de la luna. Las tres viven distintas historias en sus tres últimos meses en el local. Si hablamos de superestrellas de la música es obvio que, en España, durante décadas, nos referíamos a las folclóricas. Desde la cupletera que puso a sus pies a Nueva York, Concha Piquer, hasta la última de esta estirpe, Isabel Pantoja, estas artistas fueron las reinas de los escenarios y las revistas de una España en blanco y negro. Para desgranar su arte, nadie como Lidia García, conductora del exitoso podcast Ay Campaneras y autora del reciente libro Tarantella sevillana, que narra las aventuras de Carmen Sevilla, Sara Montiel y Lola Flores en Cinecittà. Para esta sesión especial ha escogido El balcón de la luna, donde se dieron cita tres supernovas del star system español de los años cincuenta y sesenta: Lola Flores, Carmen Sevilla y Paquita Rico, ¿quién da más?  Sesión no recomendada para menores de 13 años";"http://www.madrid.es/sites/v/index.jsp?vgnextchannel=ca9671ee4a9eb410VgnVCM100000171f5a0aRCRD&vgnextoid=85a3db3e7b447910VgnVCM1000001d4a900aRCRD";"Superestrellas 2";"http://www.madrid.es/sites/v/index.jsp?vgnextchannel=ca9671ee4a9eb410VgnVCM100000171f5a0aRCRD&vgnextoid=78d3db3e7b447910VgnVCM1000001d4a900aRCRD";"http://www.madrid.es/sites/v/index.jsp?vgnextchannel=bfa48ab43d6bb410VgnVCM100000171f5a0aRCRD&vgnextoid=2dbd1fe44c5ee310VgnVCM2000000c205a0aRCRD";"Cineteca Madrid";"1";"PLAZA";"LEGAZPI";"8";"ARGANZUELA";"CHOPERA";"28045";"440946";"4471422";"40.39130985242181";"-3.6958028442054074";"/contenido/actividades/ProgramacionDestacadaAgendaCultura";""
12797983;"CinePlaza: Superestrellas 2 &gt; Concierto 17 de julio: Joe Crepúsculo, una noche quinqui";"";"0";"0";"";"";"2025-07-17 00:00:00.0";"2025-07-17 23:59:00.0";"22:15";"Joël Iriarte, también conocido como Joe Crepúsculo, o como Crepus, o como Supercrepus, lo mismo da, es uno de los músicos más imprevisibles y prolíficos de la escena española. En más de una década de carrera se ha hecho indispensable gracias a su capacidad para avanzar las tendencias que estaban por venir. Fue uno de los primeros en mezclar ritmos latinos cuando casi nadie lo hacía pero también el country, el folk, el tecno o la cabecera de los dibujos animados. En 2025, este trovador tecno ha publicado su último trabajo, 'El museo de las desilusiones', un disco melancólico y agridulce con el que ha vuelto a rendir a la crítica. Pero durante esta noche en CinePlaza dejará tristezas a un lado para entregarse al cine quinqui, una de sus pasiones, versionando canciones de títulos míticos de este género y completando el repertorio con rumbas y otras sorpresas. Una sesión imperdible para perros callejeros y demás fauna urbana.  No recomendado para menores de 16 años";"http://www.madrid.es/sites/v/index.jsp?vgnextchannel=ca9671ee4a9eb410VgnVCM100000171f5a0aRCRD&vgnextoid=ae73db3e7b447910VgnVCM1000001d4a900aRCRD";"Superestrellas 2";"http://www.madrid.es/sites/v/index.jsp?vgnextchannel=ca9671ee4a9eb410VgnVCM100000171f5a0aRCRD&vgnextoid=78d3db3e7b447910VgnVCM1000001d4a900aRCRD";"http://www.madrid.es/sites/v/index.jsp?vgnextchannel=bfa48ab43d6bb410VgnVCM100000171f5a0aRCRD&vgnextoid=2dbd1fe44c5ee310VgnVCM2000000c205a0aRCRD";"Cineteca Madrid";"1";"PLAZA";"LEGAZPI";"8";"ARGANZUELA";"CHOPERA";"28045";"440946";"4471422";"40.39130985242181";"-3.6958028442054074";"/contenido/actividades/ProgramacionDestacadaAgendaCultura";""
12797974;"CinePlaza: Superestrellas 2 &gt; Concierto 3 de julio: Hidrogenesse: Un concierto de cine";"";"0";"0";"";"";"2025-07-03 00:00:00.0";"2025-07-03 23:59:00.0";"22:15";"Carlos Ballesteros y Genís Segarra son los componentes de Hidrogenesse, el grupo más arty de la escena indie patria. Este año, en el que cumplen 25 años de carrera, aterrizan en Cine Plaza con una propuesta preparada ad hoc para esta ocasión. Tocarán canciones que muestran su vena cinéfila y su admiración por sus estrellas (esa 'SuperSara') con un montaje audiovisual creado para cada una de ellas. Después de haber puesto banda sonora a la vida de la muchachada moderna de este país, también lo han hecho a series de culto como La mesías. Parafraseando su mítica canción: No habría nada más triste que perderse este homenaje al séptimo arte y a su universo único.  No recomendado para menores de 16 años";"http://www.madrid.es/sites/v/index.jsp?vgnextchannel=ca9671ee4a9eb410VgnVCM100000171f5a0aRCRD&vgnextoid=0a03db3e7b447910VgnVCM1000001d4a900aRCRD";"Superestrellas 2";"http://www.madrid.es/sites/v/index.jsp?vgnextchannel=ca9671ee4a9eb410VgnVCM100000171f5a0aRCRD&vgnextoid=78d3db3e7b447910VgnVCM1000001d4a900aRCRD";"http://www.madrid.es/sites/v/index.jsp?vgnextchannel=bfa48ab43d6bb410VgnVCM100000171f5a0aRCRD&vgnextoid=2dbd1fe44c5ee310VgnVCM2000000c205a0aRCRD";"Cineteca Madrid";"1";"PLAZA";"LEGAZPI";"8";"ARGANZUELA";"CHOPERA";"28045";"440946";"4471422";"40.39130985242181";"-3.6958028442054074";"/contenido/actividades/ProgramacionDestacadaAgendaCultura";""
12797976;"CinePlaza: Superestrellas 2 &gt; Proyección: 24 Hour Party People";"";"0";"0";"";"";"2025-07-05 00:00:00.0";"2025-07-05 23:59:00.0";"22:15";"Tras asistir a un legendario concierto de los Sex Pistols en 1976, el periodista Tony Wilson descubre su verdadera vocación: la música. Junto a un grupo de amigos, pone en marcha un plan que cambiará para siempre la escena pop británica. Así nace Factory Records, el icónico sello de Manchester que lanzó a bandas como Joy Division (cuya carrera quedó marcada por el suicidio de su cantante, Ian Curtis), New Order (surgidos de las cenizas de Joy Division y autores de 'Blue Monday', el maxi-single más vendido de todos los tiempos) o los gamberros Happy Mondays. Con el éxito del sello, Wilson impulsa también la apertura de la mítica discoteca The Haçienda, epicentro de la cultura rave y uno de los clubes más influyentes del mundo.  No recomendada para menores de 18 años";"http://www.madrid.es/sites/v/index.jsp?vgnextchannel=ca9671ee4a9eb410VgnVCM100000171f5a0aRCRD&vgnextoid=8c43db3e7b447910VgnVCM1000001d4a900aRCRD";"Superestrellas 2";"http://www.madrid.es/sites/v/index.jsp?vgnextchannel=ca9671ee4a9eb410VgnVCM100000171f5a0aRCRD&vgnextoid=78d3db3e7b447910VgnVCM1000001d4a900aRCRD";"http://www.madrid.es/sites/v/index.jsp?vgnextchannel=bfa48ab43d6bb410VgnVCM100000171f5a0aRCRD&vgnextoid=2dbd1fe44c5ee310VgnVCM2000000c205a0aRCRD";"Cineteca Madrid";"1";"PLAZA";"LEGAZPI";"8";"ARGANZUELA";"CHOPERA";"28045";"440946";"4471422";"40.39130985242181";"-3.6958028442054074";"/contenido/actividades/ProgramacionDestacadaAgendaCultura";""
12797985;"CinePlaza: Superestrellas 2 &gt; Proyección: A propósito de Llewyn Davis";"";"0";"0";"";"";"2025-07-19 00:00:00.0";"2025-07-19 23:59:00.0";"22:15";"Nueva York, 1961. Llewyn Davis es un joven cantante de folk que vive de mala manera en el Greenwich Village. Durante un gélido invierno, con su guitarra a cuestas, sin casa fija y sin apenas dinero lucha por ganarse la vida como músico. Sobrevive cantando en pequeños garitos, pero, sobre todo, gracias a la ayuda de algunos amigos que le prestan su sofá para pasar las frías noches. De repente, decide viajar a Chicago para hacer una prueba para el magnate de la música Bud Grossman? Para el protagonista de la película, los hermanos Coen se inspiraron libremente en el cantautor Dave Van Ronk, figura clave pero poco reconocida de la escena folk neoyorquina del Greenwich Village a comienzos de los años sesenta.  No recomendada para menores de 13 años";"http://www.madrid.es/sites/v/index.jsp?vgnextchannel=ca9671ee4a9eb410VgnVCM100000171f5a0aRCRD&vgnextoid=fc93db3e7b447910VgnVCM1000001d4a900aRCRD";"Superestrellas 2";"http://www.madrid.es/sites/v/index.jsp?vgnextchannel=ca9671ee4a9eb410VgnVCM100000171f5a0aRCRD&vgnextoid=78d3db3e7b447910VgnVCM1000001d4a900aRCRD";"http://www.madrid.es/sites/v/index.jsp?vgnextchannel=bfa48ab43d6bb410VgnVCM100000171f5a0aRCRD&vgnextoid=2dbd1fe44c5ee310VgnVCM2000000c205a0aRCRD";"Cineteca Madrid";"1";"PLAZA";"LEGAZPI";"8";"ARGANZUELA";"CHOPERA";"28045";"440946";"4471422";"40.39130985242181";"-3.6958028442054074";"/contenido/actividades/ProgramacionDestacadaAgendaCultura";""
12797980;"CinePlaza: Superestrellas 2 &gt; Proyección: Corazonada";"";"0";"0";"";"";"2025-07-11 00:00:00.0";"2025-07-11 23:59:00.0";"22:15";"Tras cinco años de matrimonio, una pareja se divorcia. Ella es cortejada por un camarero pianista que le promete llevarla de vacaciones muy lejos. Mientras tanto, él conoce a una bella artista de circo. El azar hace que las dos parejas se encuentren bailando por las calles de Las Vegas un 4 de Julio? Tras el éxito masivo de Apocalypse Now, Coppola firmó este ambicioso musical visualmente deslumbrante que, pese a su innovación formal y a la banda sonora de Tom Waits, fracasó estrepitosamente en taquilla. Su alto coste llevó a la bancarrota a Zoetrope Studios, la productora del propio Coppola, marcando un giro crucial en su carrera.  No recomendada para menores de 13 años";"http://www.madrid.es/sites/v/index.jsp?vgnextchannel=ca9671ee4a9eb410VgnVCM100000171f5a0aRCRD&vgnextoid=ff53db3e7b447910VgnVCM1000001d4a900aRCRD";"Superestrellas 2";"http://www.madrid.es/sites/v/index.jsp?vgnextchannel=ca9671ee4a9eb410VgnVCM100000171f5a0aRCRD&vgnextoid=78d3db3e7b447910VgnVCM1000001d4a900aRCRD";"http://www.madrid.es/sites/v/index.jsp?vgnextchannel=bfa48ab43d6bb410VgnVCM100000171f5a0aRCRD&vgnextoid=2dbd1fe44c5ee310VgnVCM2000000c205a0aRCRD";"Cineteca Madrid";"1";"PLAZA";"LEGAZPI";"8";"ARGANZUELA";"CHOPERA";"28045";"440946";"4471422";"40.39130985242181";"-3.6958028442054074";"/contenido/actividades/ProgramacionDestacadaAgendaCultura";""
12797981;"CinePlaza: Superestrellas 2 &gt; Proyección: C.R.A.Z.Y.";"";"0";"0";"";"";"2025-07-12 00:00:00.0";"2025-07-12 23:59:00.0";"22:15";"En pleno auge del rock y las camisas psicodélicas, C.R.A.Z.Y. narra el turbulento viaje hacia la madurez de Zachary, el cuarto de cinco hermanos en una familia canadiense marcada por la religión, la masculinidad tradicional y una pasión compartida por la música. Entre 1960 y 1980, Zach intenta encajar en un entorno que no está preparado para aceptar su identidad sexual. Mientras suena David Bowie o los Rolling Stones, reprime sus deseos y emociones para no decepcionar a su padre, al que idolatra. Con sensibilidad y humor, Jean-Marc Vallée firma un coming of age que ha sido celebrado por su retrato honesto y conmovedor de la diferencia, el amor filial y la búsqueda de uno mismo.  No recomendada para menores de 16 años";"http://www.madrid.es/sites/v/index.jsp?vgnextchannel=ca9671ee4a9eb410VgnVCM100000171f5a0aRCRD&vgnextoid=7963db3e7b447910VgnVCM1000001d4a900aRCRD";"Superestrellas 2";"http://www.madrid.es/sites/v/index.jsp?vgnextchannel=ca9671ee4a9eb410VgnVCM100000171f5a0aRCRD&vgnextoid=78d3db3e7b447910VgnVCM1000001d4a900aRCRD";"http://www.madrid.es/sites/v/index.jsp?vgnextchannel=bfa48ab43d6bb410VgnVCM100000171f5a0aRCRD&vgnextoid=2dbd1fe44c5ee310VgnVCM2000000c205a0aRCRD";"Cineteca Madrid";"1";"PLAZA";"LEGAZPI";"8";"ARGANZUELA";"CHOPERA";"28045";"440946";"4471422";"40.39130985242181";"-3.6958028442054074";"/contenido/actividades/ProgramacionDestacadaAgendaCultura";""
12797988;"CinePlaza: Superestrellas 2 &gt; Proyección: Eden: Lost in Music";"";"0";"0";"";"";"2025-07-26 00:00:00.0";"2025-07-26 23:59:00.0";"22:15";"Eden narra el recorrido vital y emocional de Paul, un joven DJ parisino que se sumerge en la escena French Touch desde los años noventa hasta principios de los dos mil. A través de clubs, fiestas after y relaciones intensas, la película retrata el auge de la música electrónica francesa y su impacto en una generación. Entre los personajes encontramos a unos jóvenes Daft Punk en sus inicios pinchando en pequeñas fiestas caseras. Eden es tanto una crónica musical como un relato íntimo sobre el paso del tiempo, las ilusiones juveniles y la búsqueda de sentido, que se inspiró en la vida del hermano de la directora, el DJ Sven Løve.  No recomendada para menores de 16 años";"http://www.madrid.es/sites/v/index.jsp?vgnextchannel=ca9671ee4a9eb410VgnVCM100000171f5a0aRCRD&vgnextoid=d5b3db3e7b447910VgnVCM1000001d4a900aRCRD";"Superestrellas 2";"http://www.madrid.es/sites/v/index.jsp?vgnextchannel=ca9671ee4a9eb410VgnVCM100000171f5a0aRCRD&vgnextoid=78d3db3e7b447910VgnVCM1000001d4a900aRCRD";"http://www.madrid.es/sites/v/index.jsp?vgnextchannel=bfa48ab43d6bb410VgnVCM100000171f5a0aRCRD&vgnextoid=2dbd1fe44c5ee310VgnVCM2000000c205a0aRCRD";"Cineteca Madrid";"1";"PLAZA";"LEGAZPI";"8";"ARGANZUELA";"CHOPERA";"28045";"440946";"4471422";"40.39130985242181";"-3.6958028442054074";"/contenido/actividades/ProgramacionDestacadaAgendaCultura";""
12797982;"CinePlaza: Superestrellas 2 &gt; Proyección: Grace Jones. La pantera del pop";"";"0";"0";"";"";"2025-07-13 00:00:00.0";"2025-07-13 23:59:00.0";"22:15";"Filmado a lo largo de una década, este documental ofrece una mirada elegante y poco convencional a Grace Jones, figura icónica de la música, la moda y la cultura pop. Modelo, cantante, actriz y musa de artistas como Jean-Paul Goude o Andy Warhol, Jones rompió barreras con su estética andrógina, su presencia magnética y su fusión de disco, reggae y electrónica. Grace Jones: La pantera del pop no es un retrato convencional, sino una inmersión en la complejidad de una artista que desafió los estereotipos de raza, género y celebridad, dejando una huella imborrable en la cultura contemporánea.  No recomendada para menores de 13 años";"http://www.madrid.es/sites/v/index.jsp?vgnextchannel=ca9671ee4a9eb410VgnVCM100000171f5a0aRCRD&vgnextoid=1173db3e7b447910VgnVCM1000001d4a900aRCRD";"Superestrellas 2";"http://www.madrid.es/sites/v/index.jsp?vgnextchannel=ca9671ee4a9eb410VgnVCM100000171f5a0aRCRD&vgnextoid=78d3db3e7b447910VgnVCM1000001d4a900aRCRD";"http://www.madrid.es/sites/v/index.jsp?vgnextchannel=bfa48ab43d6bb410VgnVCM100000171f5a0aRCRD&vgnextoid=2dbd1fe44c5ee310VgnVCM2000000c205a0aRCRD";"Cineteca Madrid";"1";"PLAZA";"LEGAZPI";"8";"ARGANZUELA";"CHOPERA";"28045";"440946";"4471422";"40.39130985242181";"-3.6958028442054074";"/contenido/actividades/ProgramacionDestacadaAgendaCultura";""
12797975;"CinePlaza: Superestrellas 2 &gt; Proyección: Principiantes";"";"0";"0";"";"";"2025-07-04 00:00:00.0";"2025-07-04 23:59:00.0";"22:15";"Ambientada en el Londres de finales de los cincuenta, un joven fotógrafo se ve envuelto en el mundo del jazz y la moda mientras enfrenta tensiones raciales y busca el amor. La película reunió en sus papeles principales a destacadas figuras de la música como Ray Davies (The Kinks), Sade, una jovencísima Patsy Kensit o David Bowie. Este último no solo interpretó a uno de los personajes clave, sino que también compuso e interpretó el tema principal, que se convirtió en uno de los grandes éxitos musicales de la década y en emblema de la película.  No recomendada para menores de 13 años";"http://www.madrid.es/sites/v/index.jsp?vgnextchannel=ca9671ee4a9eb410VgnVCM100000171f5a0aRCRD&vgnextoid=4e33db3e7b447910VgnVCM1000001d4a900aRCRD";"Superestrellas 2";"http://www.madrid.es/sites/v/index.jsp?vgnextchannel=ca9671ee4a9eb410VgnVCM100000171f5a0aRCRD&vgnextoid=78d3db3e7b447910VgnVCM1000001d4a900aRCRD";"http://www.madrid.es/sites/v/index.jsp?vgnextchannel=bfa48ab43d6bb410VgnVCM100000171f5a0aRCRD&vgnextoid=2dbd1fe44c5ee310VgnVCM2000000c205a0aRCRD";"Cineteca Madrid";"1";"PLAZA";"LEGAZPI";"8";"ARGANZUELA";"CHOPERA";"28045";"440946";"4471422";"40.39130985242181";"-3.6958028442054074";"/contenido/actividades/ProgramacionDestacadaAgendaCultura";""
12797984;"CinePlaza: Superestrellas 2 &gt; Proyección: Sid y Nancy";"";"0";"0";"";"";"2025-07-18 00:00:00.0";"2025-07-18 23:59:00.0";"22:15";"Alex Cox reconstruye los últimos y turbulentos meses de Sid Vicious, bajista del grupo punk británico por excelencia, Sex Pistols, a través de su autodestructiva historia de amor con Nancy Spungen. Marcados por la adicción y la violencia, su relación se convirtió en un símbolo trágico de los excesos del punk. Ambientada entre Londres y Nueva York, la película recoge el crimen ocurrido en el hotel Chelsea en 1978, cuando Nancy aparece apuñalada. Sid, abatido de pena, es arrestado y acusado de su asesinato, y muere de sobredosis antes del comienzo de su proceso judicial? Aclamada por la interpretación de Gary Oldman, que cimentó su carrera, el film fue recibido con polémica por parte de antiguos miembros del grupo, pero ha terminado por convertirse en un retrato esencial del fin del punk y la construcción del mito.  No recomendada para menores de 18 años";"http://www.madrid.es/sites/v/index.jsp?vgnextchannel=ca9671ee4a9eb410VgnVCM100000171f5a0aRCRD&vgnextoid=3493db3e7b447910VgnVCM1000001d4a900aRCRD";"Superestrellas 2";"http://www.madrid.es/sites/v/index.jsp?vgnextchannel=ca9671ee4a9eb410VgnVCM100000171f5a0aRCRD&vgnextoid=78d3db3e7b447910VgnVCM1000001d4a900aRCRD";"http://www.madrid.es/sites/v/index.jsp?vgnextchannel=bfa48ab43d6bb410VgnVCM100000171f5a0aRCRD&vgnextoid=2dbd1fe44c5ee310VgnVCM2000000c205a0aRCRD";"Cineteca Madrid";"1";"PLAZA";"LEGAZPI";"8";"ARGANZUELA";"CHOPERA";"28045";"440946";"4471422";"40.39130985242181";"-3.6958028442054074";"/contenido/actividades/ProgramacionDestacadaAgendaCultura";""
12797978;"CinePlaza: Superestrellas 2 &gt; Proyección: Summer of Soul";"";"0";"0";"";"";"2025-07-06 00:00:00.0";"2025-07-06 23:59:00.0";"22:15";"En 1969, mientras el mundo miraba hacia Woodstock, en Harlem se celebraba otro festival histórico: el Harlem Cultural Festival, seis semanas de conciertos con el soul como eje, pero que también dieron cabida al jazz, el góspel y la música latina. Durante décadas, las 50 horas de metraje grabadas quedaron archivadas y olvidadas por cuestiones de derechos, hasta que Ahmir ?Questlove? Thompson ?músico y miembro fundador de la banda de hip hop The Roots? las recuperó para dar forma a este poderoso documental. Summer of Soul no solo rescata actuaciones legendarias, sino que reivindica la fuerza cultural y política de la música negra en los años setenta.  No recomendada para menores de 7 años";"http://www.madrid.es/sites/v/index.jsp?vgnextchannel=ca9671ee4a9eb410VgnVCM100000171f5a0aRCRD&vgnextoid=d453db3e7b447910VgnVCM1000001d4a900aRCRD";"Superestrellas 2";"http://www.madrid.es/sites/v/index.jsp?vgnextchannel=ca9671ee4a9eb410VgnVCM100000171f5a0aRCRD&vgnextoid=78d3db3e7b447910VgnVCM1000001d4a900aRCRD";"http://www.madrid.es/sites/v/index.jsp?vgnextchannel=bfa48ab43d6bb410VgnVCM100000171f5a0aRCRD&vgnextoid=2dbd1fe44c5ee310VgnVCM2000000c205a0aRCRD";"Cineteca Madrid";"1";"PLAZA";"LEGAZPI";"8";"ARGANZUELA";"CHOPERA";"28045";"440946";"4471422";"40.39130985242181";"-3.6958028442054074";"/contenido/actividades/ProgramacionDestacadaAgendaCultura";""
12797989;"CinePlaza: Superestrellas 2 &gt; Proyección: Una mano sola no aplaude";"";"0";"0";"";"";"2025-07-27 00:00:00.0";"2025-07-27 23:59:00.0";"22:15";"Una estimulante e irreverente celebración de la música calypso, que viaja desde los estudios de Nueva York hasta las calles en el Carnaval de Trinidad y Tobago. De la mano de las leyendas Lord Kitchener y Calypso Rose, que nos deleitan con los ritmos contagiosos del icónico género musical trinitense. Entre ensayos, conciertos y recuerdos ?incluido el Londres de los años cuarenta, donde el calypso ganó fama internacional?, el film traza la historia del género, con apariciones de otros artistas como Lord Pretender y Growling Tiger, y escenas del carnaval y concursos de jóvenes talentos. Estreno en España de la copia restaurada.  No recomendada para menores de 7 años";"http://www.madrid.es/sites/v/index.jsp?vgnextchannel=ca9671ee4a9eb410VgnVCM100000171f5a0aRCRD&vgnextoid=adb3db3e7b447910VgnVCM1000001d4a900aRCRD";"Superestrellas 2";"http://www.madrid.es/sites/v/index.jsp?vgnextchannel=ca9671ee4a9eb410VgnVCM100000171f5a0aRCRD&vgnextoid=78d3db3e7b447910VgnVCM1000001d4a900aRCRD";"http://www.madrid.es/sites/v/index.jsp?vgnextchannel=bfa48ab43d6bb410VgnVCM100000171f5a0aRCRD&vgnextoid=2dbd1fe44c5ee310VgnVCM2000000c205a0aRCRD";"Cineteca Madrid";"1";"PLAZA";"LEGAZPI";"8";"ARGANZUELA";"CHOPERA";"28045";"440946";"4471422";"40.39130985242181";"-3.6958028442054074";"/contenido/actividades/ProgramacionDestacadaAgendaCultura";""
12797991;"CinePlaza: Superestrellas 2 &gt; Proyección: Wattstax";"";"0";"0";"";"";"2025-07-20 00:00:00.0";"2025-07-20 23:59:00.0";"22:15";"Los Ángeles, 1972. Siete años después del asesinato de Malcolm X, cuatro tras el de Martin Luther King Jr. y con las cicatrices aún recientes de los disturbios raciales en el barrio de Watts, el legendario sello discográfico Stax Records ?epicentro del soul sureño y la música negra de resistencia? organizó un concierto multitudinario en el Coliseo de Los Ángeles: Wattstax. Conocido como 'el Woodstock negro', el evento fue un canto a la unidad, la dignidad y el orgullo afroamericano. El documental recoge actuaciones memorables de Isaac Hayes, The Staple Singers, Rufus Thomas, Albert King o Carla Thomas, y está hilado por los comentarios lúcidos y provocadores del cómico Richard Pryor. Más que un concierto, Wattstax es un documento sociopolítico que celebra el poder cultural de la comunidad negra en un momento de efervescencia social.  No recomendada para menores de 13 años";"http://www.madrid.es/sites/v/index.jsp?vgnextchannel=ca9671ee4a9eb410VgnVCM100000171f5a0aRCRD&vgnextoid=e2d3db3e7b447910VgnVCM1000001d4a900aRCRD";"Superestrellas 2";"http://www.madrid.es/sites/v/index.jsp?vgnextchannel=ca9671ee4a9eb410VgnVCM100000171f5a0aRCRD&vgnextoid=78d3db3e7b447910VgnVCM1000001d4a900aRCRD";"http://www.madrid.es/sites/v/index.jsp?vgnextchannel=bfa48ab43d6bb410VgnVCM100000171f5a0aRCRD&vgnextoid=2dbd1fe44c5ee310VgnVCM2000000c205a0aRCRD";"Cineteca Madrid";"1";"PLAZA";"LEGAZPI";"8";"ARGANZUELA";"CHOPERA";"28045";"440946";"4471422";"40.39130985242181";"-3.6958028442054074";"/contenido/actividades/ProgramacionDestacadaAgendaCultura";""
12797987;"CinePlaza: Superestrellas 2 &gt; Proyección: Xanadu";"";"0";"0";"";"";"2025-07-25 00:00:00.0";"2025-07-25 23:59:00.0";"22:15";"Kira, musa de las artes e hija de Zeus, desciende del Olimpo para inspirar al joven pintor Sonny Malone, pero su misión se complica cuando ambos se enamoran, desafiando las reglas divinas. Paralelamente, un músico retirado sueña con abrir un club nocturno que combine el glamour de los años cuarenta con la energía de los ochenta, dando lugar al fantástico mundo de Xanadu. Esta extravagante mezcla de fantasía mitológica, musical disco y patinaje sobre ruedas fue concebida como un vehículo para consolidar el estrellato de Olivia Newton-John tras el éxito de Grease (1978), pero resultó un sonoro fracaso de taquilla y crítica. Con el tiempo, sin embargo, se ha convertido en una película de culto por su estética kitsch, su nostálgica mirada al Hollywood clásico y su banda sonora, firmada por Electric Light Orchestra y la propia Newton-John.  Apta para todos los públicos";"http://www.madrid.es/sites/v/index.jsp?vgnextchannel=ca9671ee4a9eb410VgnVCM100000171f5a0aRCRD&vgnextoid=90b3db3e7b447910VgnVCM1000001d4a900aRCRD";"Superestrellas 2";"http://www.madrid.es/sites/v/index.jsp?vgnextchannel=ca9671ee4a9eb410VgnVCM100000171f5a0aRCRD&vgnextoid=78d3db3e7b447910VgnVCM1000001d4a900aRCRD";"http://www.madrid.es/sites/v/index.jsp?vgnextchannel=bfa48ab43d6bb410VgnVCM100000171f5a0aRCRD&vgnextoid=2dbd1fe44c5ee310VgnVCM2000000c205a0aRCRD";"Cineteca Madrid";"1";"PLAZA";"LEGAZPI";"8";"ARGANZUELA";"CHOPERA";"28045";"440946";"4471422";"40.39130985242181";"-3.6958028442054074";"/contenido/actividades/ProgramacionDestacadaAgendaCultura";""
12701438;"Circo Raluy Legacy";"";"0";"1";"X,J,V,S,D";"";"2025-05-30 00:00:00.0";"2025-06-28 23:59:00.0";"";"";"http://www.madrid.es/sites/v/index.jsp?vgnextchannel=ca9671ee4a9eb410VgnVCM100000171f5a0aRCRD&vgnextoid=993974a4a6645910VgnVCM1000001d4a900aRCRD";"";"";"http://www.madrid.es/sites/v/index.jsp?vgnextchannel=bfa48ab43d6bb410VgnVCM100000171f5a0aRCRD&vgnextoid=432257258ae5d010VgnVCM1000000b205a0aRCRD";"Teatro Circo Price";"1";"RONDA";"ATOCHA";"35";"ARGANZUELA";"PALOS DE LA FRONTERA";"28012";"440722";"4473051";"40.40596936645757";"-3.698589986849812";"/contenido/actividades/ProgramacionDestacadaAgendaCultura";""
12801858;"Circo teatro: 'Chup chup'.";"";"1";"0";"";"";"2025-07-11 00:00:00.0";"2025-07-11 23:59:00.0";"20:00";"A cargo de la compañía Tina Mandarina. Dos afamados cocineros compiten por conseguir el título de super chef en un programa de televisión. Para ello, cada uno, deberán realizar el plato más sorprendente y espectacular. Magia, malabares y acrobacia, un diente de ajo, aceite y una pizquita de sal, serán los ingredientes que utilizarán. Duración: 60 minutos. Edad recomendada: todos los públicos.";"http://www.madrid.es/sites/v/index.jsp?vgnextchannel=ca9671ee4a9eb410VgnVCM100000171f5a0aRCRD&vgnextoid=55b97c18cc367910VgnVCM2000001f4a900aRCRD";"";"";"";"";"";"";"";"";"";"";"";"";"";"";"";"";""
12801861;"Circo-teatro: 'Mandarina Jam Jam'.";"";"1";"0";"";"";"2025-07-18 00:00:00.0";"2025-07-18 23:59:00.0";"20:00";"A cargo de la compañía Tina Mandarina.  La Famosa 'mermeladista', Tina Mandarina, fabrica sus exclusivas mermeladas con una revolucionaria técnica llamada velocifusión, pero lo que parecía fácil, cada vez será más complicado, y los niños y niñas tendrán que ayudar a nuestra amiga a realizar la gran receta final. Magia, malabares y acrobacia, azúcar, fruta y mucha velocidad, serán los ingredientes que utilizará. Duración: 60 minutos. Edad recomendada: todos los públicos.";"http://www.madrid.es/sites/v/index.jsp?vgnextchannel=ca9671ee4a9eb410VgnVCM100000171f5a0aRCRD&vgnextoid=ddc97c18cc367910VgnVCM2000001f4a900aRCRD";"";"";"";"";"";"";"";"";"";"";"";"";"";"";"";"";""
12671341;"Círculo de ciudadanos";"";"1";"1";"M";"18/2/2025;25/2/2025;4/3/2025;25/3/2025;18/3/2025;1/4/2025;8/4/2025;15/4/2025;29/4/2025;6/5/2025;20/5/2025;27/5/2025;3/6/2025;10/6/2025;24/6/2025;1/7/2025;8/7/2025;15/7/2025;22/7/2025;29/7/2025;5/8/2025;12/8/2025;19/8/2025;26/8/2025;2/9/2025;9/9/2025;23/9/2025;30/9/2025;7/10/2025;21/10/2025;28/10/2025;4/11/2025;18/11/2025;25/11/2025;2/12/2025;9/12/2025;23/12/2025;30/12/2025;";"2025-02-11 00:00:00.0";"2025-12-16 23:59:00.0";"17:00";"";"http://www.madrid.es/sites/v/index.jsp?vgnextchannel=ca9671ee4a9eb410VgnVCM100000171f5a0aRCRD&vgnextoid=ba197bfae6da4910VgnVCM2000001f4a900aRCRD";"Círculo de ciudadanos";"http://www.madrid.es/sites/v/index.jsp?vgnextchannel=ca9671ee4a9eb410VgnVCM100000171f5a0aRCRD&vgnextoid=84097bfae6da4910VgnVCM2000001f4a900aRCRD";"http://www.madrid.es/sites/v/index.jsp?vgnextchannel=bfa48ab43d6bb410VgnVCM100000171f5a0aRCRD&vgnextoid=70d879262ef5d010VgnVCM1000000b205a0aRCRD";"Biblioteca Pública Municipal José Saramago (Fuencarral-El Pardo)";"1,6";"AVENIDA";"MONFORTE DE LEMOS";"38";"FUENCARRAL-EL PARDO";"EL PILAR";"28029";"439867";"4481122";"40.47860087334554";"-3.7094408342979954";"/contenido/actividades/ConferenciasColoquios";""
12807131;"Cita a ciegas - Arganzuela";"";"1";"0";"";"";"2025-06-28 00:00:00.0";"2025-06-28 23:59:00.0";"20:30";"";"http://www.madrid.es/sites/v/index.jsp?vgnextchannel=ca9671ee4a9eb410VgnVCM100000171f5a0aRCRD&vgnextoid=da644faaadb87910VgnVCM1000001d4a900aRCRD";"";"";"";"";"";"";"";"";"";"";"";"";"";"";"";"/contenido/actividades/1ciudad21distritos";""
12805045;"Civilizaciones antiguas desconocidas";"";"1";"0";"";"";"2025-07-08 00:00:00.0";"2025-07-08 23:59:00.0";"19:00";"";"http://www.madrid.es/sites/v/index.jsp?vgnextchannel=ca9671ee4a9eb410VgnVCM100000171f5a0aRCRD&vgnextoid=93290039cfd77910VgnVCM2000001f4a900aRCRD";"Día del Libro en Retiro";"http://www.madrid.es/sites/v/index.jsp?vgnextchannel=ca9671ee4a9eb410VgnVCM100000171f5a0aRCRD&vgnextoid=f09e9125d147a810VgnVCM1000001d4a900aRCRD";"http://www.madrid.es/sites/v/index.jsp?vgnextchannel=bfa48ab43d6bb410VgnVCM100000171f5a0aRCRD&vgnextoid=35e53d0b5e71c010VgnVCM1000000b205a0aRCRD";"Centro Cultural Casa de Vacas (Retiro)";"1";"PASEO";"COLOMBIA";"1";"RETIRO";"LOS JERONIMOS";"28009";"441967";"4474495";"40.41906571939961";"-3.684053112760816";"/contenido/actividades/RecitalesPresentacionesActosLiterarios";""
12778956;"Cleo y el mar - Hilando Títeres (Madrid)";"";"1";"1";"L,M,X,J,V,S,D";"";"2025-07-12 00:00:00.0";"2025-07-13 23:59:00.0";"20:00";"";"http://www.madrid.es/sites/v/index.jsp?vgnextchannel=ca9671ee4a9eb410VgnVCM100000171f5a0aRCRD&vgnextoid=12f83e7040de6910VgnVCM1000001d4a900aRCRD";"Cleo y el mar - Hilando Títeres (Madrid)";"http://www.madrid.es/sites/v/index.jsp?vgnextchannel=ca9671ee4a9eb410VgnVCM100000171f5a0aRCRD&vgnextoid=a646a3d6bcce6910VgnVCM1000001d4a900aRCRD";"http://www.madrid.es/sites/v/index.jsp?vgnextchannel=bfa48ab43d6bb410VgnVCM100000171f5a0aRCRD&vgnextoid=784d8c7c0f91f010VgnVCM1000000b205a0aRCRD";"Teatro Municipal de Títeres. Parque de El Retiro";"1";"AVENIDA";"MÉXICO";"4";"RETIRO";"LOS JERÓNIMOS";"28009";"441748";"4474466";"40.41878362561595";"-3.6866519471003647";"/contenido/actividades/CuentacuentosTiteresMarionetas";"/usuario/Niños"
12697762;"Club de lectura de Joyas de la literatura universal";"";"1";"1";"L,M,X,J,V,S,D";"";"2025-03-10 00:00:00.0";"2025-12-15 23:59:00.0";"16:30";"";"http://www.madrid.es/sites/v/index.jsp?vgnextchannel=ca9671ee4a9eb410VgnVCM100000171f5a0aRCRD&vgnextoid=b7d7ef5066735910VgnVCM2000001f4a900aRCRD";"Club de lectura de Joyas de la literatura universal";"http://www.madrid.es/sites/v/index.jsp?vgnextchannel=ca9671ee4a9eb410VgnVCM100000171f5a0aRCRD&vgnextoid=1080e1e899d63910VgnVCM2000001f4a900aRCRD";"http://www.madrid.es/sites/v/index.jsp?vgnextchannel=bfa48ab43d6bb410VgnVCM100000171f5a0aRCRD&vgnextoid=dc8d531521b74810VgnVCM1000001d4a900aRCRD";"Centro Cultural Emilia Pardo Bazán (Salamanca)";"1";"CALLE";"GOYA";"1";"SALAMANCA";"RECOLETOS";"28001";"441502";"4475253";"40.42585800515975";"-3.689601594290468";"/contenido/actividades/ConferenciasColoquios";""
12737866;"Club de lectura en Espacio de Igualdad Elena Arnedo. Ciclo 'Escritoras Generación del 50'";"";"1";"1";"J";"1/5/2025;/5/2025;8/5/2025;15/5/2025;22/5/2025;12/6/2025;26/6/2025;";"2025-04-24 00:00:00.0";"2025-07-03 23:59:00.0";"17:30";"";"http://www.madrid.es/sites/v/index.jsp?vgnextchannel=ca9671ee4a9eb410VgnVCM100000171f5a0aRCRD&vgnextoid=e528fa3273ce5910VgnVCM2000001f4a900aRCRD";"Club de lectura en Espacio de Igualdad Elena Arnedo. Ciclo escritoras africanas";"http://www.madrid.es/sites/v/index.jsp?vgnextchannel=ca9671ee4a9eb410VgnVCM100000171f5a0aRCRD&vgnextoid=b9d9f8c1f866a710VgnVCM1000001d4a900aRCRD";"http://www.madrid.es/sites/v/index.jsp?vgnextchannel=bfa48ab43d6bb410VgnVCM100000171f5a0aRCRD&vgnextoid=cb3655d1b6742610VgnVCM1000001d4a900aRCRD";"Espacio de Igualdad Elena Arnedo Soriano. Retiro";"1";"CALLE";"ARREGUI Y ARUEJ";"31";"RETIRO";"ADELFAS";"28007";"443307";"4472652";"40.40254931370529";"-3.668092320219012";"/contenido/actividades/ClubesLectura";"/usuario/Mujeres"
12576969;"Club de lectura Naomi Klein";"";"1";"0";"";"";"2025-06-25 00:00:00.0";"2025-06-25 23:59:00.0";"18:00";"";"http://www.madrid.es/sites/v/index.jsp?vgnextchannel=ca9671ee4a9eb410VgnVCM100000171f5a0aRCRD&vgnextoid=342b3a03802e2910VgnVCM1000001d4a900aRCRD";"Club de lectura Naomi Klein";"http://www.madrid.es/sites/v/index.jsp?vgnextchannel=ca9671ee4a9eb410VgnVCM100000171f5a0aRCRD&vgnextoid=eefa83681f052910VgnVCM1000001d4a900aRCRD";"http://www.madrid.es/sites/v/index.jsp?vgnextchannel=bfa48ab43d6bb410VgnVCM100000171f5a0aRCRD&vgnextoid=0b60e92be3c5e210VgnVCM1000000b205a0aRCRD";"Biblioteca Pública Municipal Iván de Vargas (Centro)";"1,6";"CALLE";"SAN JUSTO";"5";"CENTRO";"PALACIO";"28005";"439775";"4473962";"40.41410290844665";"-3.7098591212735883";"/contenido/actividades/ClubesLectura";""
12523987;"Club de lectura 'Veinte deseos'";"";"1";"1";"X";"";"2024-10-02 00:00:00.0";"2025-06-25 23:59:00.0";"19:00";"";"http://www.madrid.es/sites/v/index.jsp?vgnextchannel=ca9671ee4a9eb410VgnVCM100000171f5a0aRCRD&vgnextoid=b75aa37147a02910VgnVCM2000001f4a900aRCRD";"Club de lectura 'Veinte deseos'";"http://www.madrid.es/sites/v/index.jsp?vgnextchannel=ca9671ee4a9eb410VgnVCM100000171f5a0aRCRD&vgnextoid=7c3d93f8d3a02910VgnVCM2000001f4a900aRCRD";"http://www.madrid.es/sites/v/index.jsp?vgnextchannel=bfa48ab43d6bb410VgnVCM100000171f5a0aRCRD&vgnextoid=338879262ef5d010VgnVCM1000000b205a0aRCRD";"Biblioteca Pública Municipal José Hierro (San Blas-Canillejas)";"1,6";"CALLE";"MARIA SEVILLA DIAGO";"15";"SAN BLAS-CANILLEJAS";"ROSAS";"28022";"448214";"4476029";"40.433291625973624";"-3.6105662311927453";"/contenido/actividades/ClubesLectura";""
12047089;"Club de teatro 'Vargas Llosa'";"";"1";"1";"X";"";"2025-09-17 00:00:00.0";"2026-06-17 23:59:00.0";"17:00";"";"http://www.madrid.es/sites/v/index.jsp?vgnextchannel=ca9671ee4a9eb410VgnVCM100000171f5a0aRCRD&vgnextoid=65f8180eb5209810VgnVCM2000001f4a900aRCRD";"";"";"http://www.madrid.es/sites/v/index.jsp?vgnextchannel=bfa48ab43d6bb410VgnVCM100000171f5a0aRCRD&vgnextoid=6c4dbc2658739410VgnVCM2000000c205a0aRCRD";"Biblioteca Pública Municipal Mario Vargas Llosa (Centro)";"1,6";"CALLE";"BARCELO";"4";"CENTRO";"JUSTICIA";"28004";"440645";"4475347";"40.426642215368176";"-3.699722994908341";"/contenido/actividades/TeatroPerformance";""
12721990;"Cocina general";"";"1";"1";"V";"";"2025-04-01 00:00:00.0";"2025-06-30 23:59:00.0";"10:00";"";"http://www.madrid.es/sites/v/index.jsp?vgnextchannel=ca9671ee4a9eb410VgnVCM100000171f5a0aRCRD&vgnextoid=2d9deb30c5a85910VgnVCM2000001f4a900aRCRD";"";"";"http://www.madrid.es/sites/v/index.jsp?vgnextchannel=bfa48ab43d6bb410VgnVCM100000171f5a0aRCRD&vgnextoid=1947371b6e958110VgnVCM1000000b205a0aRCRD";"Sala de estudio Centro cultural Quinta del Berro - Rafael Altamira (Salamanca)";"1";"CALLE";"ENRIQUE D'ALMONTE";"1";"SALAMANCA";"FUENTE DEL BERRO";"28028";"443759";"4474815";"40.42206923419431";"-3.6629608041639368";"/contenido/actividades/CursosTalleres";""
12574153;"Coder Dojo · Grupo de trabajo 2024-2025";"Gratuito previa inscripción";"0";"1";"S";"";"2024-11-16 00:00:00.0";"2025-07-26 23:59:00.0";"";"";"http://www.madrid.es/sites/v/index.jsp?vgnextchannel=ca9671ee4a9eb410VgnVCM100000171f5a0aRCRD&vgnextoid=8c98b60f928d2910VgnVCM1000001d4a900aRCRD";"Coder Dojo · Grupo de trabajo 2024-2025";"http://www.madrid.es/sites/v/index.jsp?vgnextchannel=ca9671ee4a9eb410VgnVCM100000171f5a0aRCRD&vgnextoid=01a8b60f928d2910VgnVCM1000001d4a900aRCRD";"http://www.madrid.es/sites/v/index.jsp?vgnextchannel=bfa48ab43d6bb410VgnVCM100000171f5a0aRCRD&vgnextoid=79f59dacff4d7110VgnVCM1000000b205a0aRCRD";"Medialab Matadero";"1";"PASEO";"CHOPERA";"14";"ARGANZUELA";"CHOPERA";"28045";"440828";"4471551";"40.39245798191536";"-3.6972067902718897";"/contenido/actividades/ProgramacionDestacadaAgendaCultura";"/usuario/Jovenes,/usuario/Niños,/usuario/Familias"
12807037;"Código de Birras, Caravanachel, Hechizo y DJ Varoc";"";"1";"0";"";"";"2025-06-28 00:00:00.0";"2025-06-28 23:59:00.0";"";"12:30 horas Código de birras:  El grupo 'Código de Birras', de la Escuela de Música Isaac Albéniz, ofrece un vibrante espectáculo musical lleno de energía y talento. Una actuación cargada de ritmo, frescura y pasión que hará vibrar al público desde la primera nota.  20:30 horas Caravanachel:  Un grupo de talentosos músicos vinculados a la Sala Ipanema, nos ofrece un recorrido sonoro por los grandes temas del pop-rock.  22 horas Hechizo, tributo Héroes del silencio:  La respuesta del público en cada presentación es abrumadora, abarrotando los aforos en los que actúan con público entregado en este homenaje a la banda más importante del rock en castellano: Héroes del silencio.  23:45 horas Dj Varoc  Joven DJ afincado en Madrid. Su nombre ha comenzado a resonar fuerte en la escena de la música eléctronica, particularmente en los géneros Afro, House y Tech House. Con tan solo 10 años, comenzó a destacar como una promesa emergente, lo que lo convirtió en uno de los Djs más jóvenes de la escena nacional.";"http://www.madrid.es/sites/v/index.jsp?vgnextchannel=ca9671ee4a9eb410VgnVCM100000171f5a0aRCRD&vgnextoid=be479ba162887910VgnVCM2000001f4a900aRCRD";"";"";"";"";"";"";"";"";"";"";"";"";"";"";"";"/contenido/actividades/Musica";""
12806306;"Cómo ayudar a nuestra fauna silvestre";"";"1";"0";"";"";"2025-07-20 00:00:00.0";"2025-07-20 23:59:00.0";"11:00";"De 11 a 12:30 horas.  Categoría: Taller. Entrada GRATUITA.  Lugar: Centro de Educación Ambiental y Cultural Maris Stella.  Edad: Familias con niños y niñas a partir de 5 años (menores acompañados con un adulto). Imprescindible reserva previa.  Sinopsis: ¿Te apasionan los animales y te gustaría ayudarlos, pero a veces no sabes cómo ni a quién recurrir? ?sobre todo en estas épocas de calor, en las que es muy fácil encontrarnos algún polluelo sin plumas y en apuros?entonces este taller es para ti! Veremos algunos casos muy habituales y te enseñaremos dónde se encuentran los centros de rescate de fauna de Madrid.";"http://www.madrid.es/sites/v/index.jsp?vgnextchannel=ca9671ee4a9eb410VgnVCM100000171f5a0aRCRD&vgnextoid=32c02cee74787910VgnVCM1000001d4a900aRCRD";"Actividades en el Centro de Educación Ambiental y Cultural Maris Stella";"http://www.madrid.es/sites/v/index.jsp?vgnextchannel=ca9671ee4a9eb410VgnVCM100000171f5a0aRCRD&vgnextoid=4e25ce5179e61910VgnVCM1000001d4a900aRCRD";"http://www.madrid.es/sites/v/index.jsp?vgnextchannel=bfa48ab43d6bb410VgnVCM100000171f5a0aRCRD&vgnextoid=85205619bc23d710VgnVCM2000001f4a900aRCRD";"Centro de Educación Ambiental y Cultural Maris Stella (Usera)";"1";"CALLE";"DOCTOR TOLOSA LATOUR";"16";"USERA";"PRADOLONGO";"28026";"440301";"4469524";"40.374166248648216";"-3.7032220308808577";"/contenido/actividades/CursosTalleres";"/usuario/Niños,/usuario/Familias"
12806979;"Cómo hablar de la muerte y del duelo con menores";"";"1";"0";"";"";"2025-06-25 00:00:00.0";"2025-06-25 23:59:00.0";"17:30";"";"http://www.madrid.es/sites/v/index.jsp?vgnextchannel=ca9671ee4a9eb410VgnVCM100000171f5a0aRCRD&vgnextoid=fba29ba162887910VgnVCM2000001f4a900aRCRD";"";"";"http://www.madrid.es/sites/v/index.jsp?vgnextchannel=bfa48ab43d6bb410VgnVCM100000171f5a0aRCRD&vgnextoid=e791bed05ceed310VgnVCM1000000b205a0aRCRD";"Biblioteca Pública Municipal Eugenio Trías. Casa de Fieras de El Retiro (Retiro)";"1,6";"PASEO";"FERNÁN NÚÑEZ";"24";"RETIRO";"LOS JERONIMOS";"28009";"442345";"4474221";"40.4166091081099";"-3.6795930368034804";"/contenido/actividades/ConferenciasColoquios";""
12792452;"Compañía La Soledad | USTEDES BRILLAN EN LO OSCURO";"10 euros";"0";"0";"";"";"2025-06-26 00:00:00.0";"2025-06-26 23:59:00.0";"20:00";"";"http://www.madrid.es/sites/v/index.jsp?vgnextchannel=ca9671ee4a9eb410VgnVCM100000171f5a0aRCRD&vgnextoid=136e429854037910VgnVCM1000001d4a900aRCRD";"";"";"http://www.madrid.es/sites/v/index.jsp?vgnextchannel=bfa48ab43d6bb410VgnVCM100000171f5a0aRCRD&vgnextoid=64463d0b5e71c010VgnVCM1000000b205a0aRCRD";"Centro de Cultura Contemporánea Conde Duque";"1";"CALLE";"CONDE DUQUE";"9";"CENTRO";"UNIVERSIDAD";"28015";"439723";"4475438";"40.42739911262292";"-3.710589286287491";"/contenido/actividades/TeatroPerformance";""
12779995;"Compost y vermicompost";"";"1";"0";"";"";"2025-07-18 00:00:00.0";"2025-07-18 23:59:00.0";"11:00";"?Horario: De 11 a 12:30 horas.  Edad: A partir de 10 años (menores acompañados con un adulto). Imprescindible reserva previa.  Sinopsis: ¿Te gusta la jardinería? En cambio, no sabes qué hacer con los desechos de tus plantas o no tienes jardín, pero te preocupa el medio ambiente y te gustaría reducir la cantidad de restos orgánicos de tu hogar; aquí te ofrecemos varias alternativas muy ecológicas para aprovechar al máximo los desperdicios de frutas y verduras, tanto si tienes mucho espacio como si vives en un piso.   ¡Apúntate y aprenderás cómo realizar tu propio compost y vermicompost es muy sencillo!";"http://www.madrid.es/sites/v/index.jsp?vgnextchannel=ca9671ee4a9eb410VgnVCM100000171f5a0aRCRD&vgnextoid=fc469b64171f6910VgnVCM2000001f4a900aRCRD";"Actividades en el Centro de Educación Ambiental y Cultural Maris Stella";"http://www.madrid.es/sites/v/index.jsp?vgnextchannel=ca9671ee4a9eb410VgnVCM100000171f5a0aRCRD&vgnextoid=4e25ce5179e61910VgnVCM1000001d4a900aRCRD";"http://www.madrid.es/sites/v/index.jsp?vgnextchannel=bfa48ab43d6bb410VgnVCM100000171f5a0aRCRD&vgnextoid=85205619bc23d710VgnVCM2000001f4a900aRCRD";"Centro de Educación Ambiental y Cultural Maris Stella (Usera)";"1";"CALLE";"DOCTOR TOLOSA LATOUR";"16";"USERA";"PRADOLONGO";"28026";"440301";"4469524";"40.374166248648216";"-3.7032220308808577";"/contenido/actividades/CursosTalleres";"/usuario/Niños"
12792363;"Compostagram. La red social (y trófica) del suelo";"";"1";"0";"";"";"2025-07-13 00:00:00.0";"2025-07-13 23:59:00.0";"11:00";"";"http://www.madrid.es/sites/v/index.jsp?vgnextchannel=ca9671ee4a9eb410VgnVCM100000171f5a0aRCRD&vgnextoid=d21201ef51037910VgnVCM2000001f4a900aRCRD";"Compostagram. La red social (y trófica) del suelo";"http://www.madrid.es/sites/v/index.jsp?vgnextchannel=ca9671ee4a9eb410VgnVCM100000171f5a0aRCRD&vgnextoid=cee35b04f2be7810VgnVCM2000001f4a900aRCRD";"http://www.madrid.es/sites/v/index.jsp?vgnextchannel=bfa48ab43d6bb410VgnVCM100000171f5a0aRCRD&vgnextoid=a956fc79622ef010VgnVCM2000000c205a0aRCRD";"Centro de Información y Educación Ambiental de Dehesa de la Villa";"1";"PARQUE";"DEHESA DE LA VILLA";"0";"MONCLOA-ARAVACA";"";"28039";"439102";"4478967";"40.45914104116349";"-3.718270563679269";"";""
12782547;"Concierto lírico";"";"1";"0";"";"";"2025-06-27 00:00:00.0";"2025-06-27 23:59:00.0";"19:00";"Sinopsis: Un grupo de aficionados al canto lírico, instruidos por la pedagoga vocálica Nedka Kanorova y guiados por el director de escena David Dorta, interpretarán arias, dúos y coros líricos de distintas épocas y estilos acompañados al piano por el maestro Dimitar Kanorov. Una oportunidad para disfrutar de la música coral de, entre otros, Purcell, Händel o Saint-Saëns con el atractivo del directo, que aporta más emoción a la interpretación de esta música, para disfrute de los asistentes que acudan al concierto. Las entradas se repartirán desde dos días antes de la actuación y hasta dos días antes del inicio de la misma.";"http://www.madrid.es/sites/v/index.jsp?vgnextchannel=ca9671ee4a9eb410VgnVCM100000171f5a0aRCRD&vgnextoid=96124f699acf6910VgnVCM1000001d4a900aRCRD";"";"";"http://www.madrid.es/sites/v/index.jsp?vgnextchannel=bfa48ab43d6bb410VgnVCM100000171f5a0aRCRD&vgnextoid=f3073d0b5e71c010VgnVCM1000000b205a0aRCRD";"Centro Cultural el Torito (Moratalaz)";"1";"AVENIDA";"MORATALAZ";"130";"MORATALAZ";"VINATEROS";"28030";"445141";"4473033";"40.40610655994401";"-3.646521482592748";"/contenido/actividades/Musica";""
12808987;"Concierto nº 7 del Retiro";"";"1";"0";"";"";"2025-06-29 00:00:00.0";"2025-06-29 23:59:00.0";"12:00";"";"http://www.madrid.es/sites/v/index.jsp?vgnextchannel=ca9671ee4a9eb410VgnVCM100000171f5a0aRCRD&vgnextoid=b1195a1387797910VgnVCM1000001d4a900aRCRD";"Concierto nº 7 del Retiro";"http://www.madrid.es/sites/v/index.jsp?vgnextchannel=ca9671ee4a9eb410VgnVCM100000171f5a0aRCRD&vgnextoid=d53fe75dcb31f810VgnVCM2000001f4a900aRCRD";"http://www.madrid.es/sites/v/index.jsp?vgnextchannel=bfa48ab43d6bb410VgnVCM100000171f5a0aRCRD&vgnextoid=38caa9889e51f810VgnVCM2000001f4a900aRCRD";"Templete del Parque del Retiro";"3";"PLAZA";"MAESTRO VILLA";"1";"RETIRO";"LOS JERONIMOS";"28009";"441886";"4474535";"40.41941736281525";"-3.6850082736557983";"";""
12782532;"Concierto orquesta Margarita López";"";"1";"0";"";"";"2025-06-28 00:00:00.0";"2025-06-28 23:59:00.0";"19:00";"Sinopsis: La Orquesta Margarita López nace hace más de 10 años en la Fundación Musicarte. Fue fundada y dirigida por Margarita López con el objetivo de acercar la música a todas aquellas personas que tuvieran un instrumento y quisieran hacer música colectiva. Ella falleció hace tres años y su actual directora Alba Clemente junto con otros componentes de la orquesta decidieron dar continuidad a este precioso proyecto. Las entradas se repartirán desde dos días antes de la actuación y hasta dos días antes del inicio de la misma.";"http://www.madrid.es/sites/v/index.jsp?vgnextchannel=ca9671ee4a9eb410VgnVCM100000171f5a0aRCRD&vgnextoid=b2414f699acf6910VgnVCM1000001d4a900aRCRD";"";"";"http://www.madrid.es/sites/v/index.jsp?vgnextchannel=bfa48ab43d6bb410VgnVCM100000171f5a0aRCRD&vgnextoid=f3073d0b5e71c010VgnVCM1000000b205a0aRCRD";"Centro Cultural el Torito (Moratalaz)";"1";"AVENIDA";"MORATALAZ";"130";"MORATALAZ";"VINATEROS";"28030";"445141";"4473033";"40.40610655994401";"-3.646521482592748";"/contenido/actividades/Musica";""
12806521;"Concierto Rumba 3";"";"1";"0";"";"";"2025-07-15 00:00:00.0";"2025-07-15 23:59:00.0";"22:00";"Rumba señora. Festival El Pozo del Flamenco.  Lugar: plaza Padre Llanos, junto al Centro Cultural El Pozo, avenida de las glorietas.";"http://www.madrid.es/sites/v/index.jsp?vgnextchannel=ca9671ee4a9eb410VgnVCM100000171f5a0aRCRD&vgnextoid=f8d008a9f6787910VgnVCM1000001d4a900aRCRD";"";"";"";"";"";"";"";"";"";"";"";"";"";"";"";"/contenido/actividades/Fiestas";""
12788263;"Concierto: Goldensax";"";"1";"0";"";"";"2025-06-28 00:00:00.0";"2025-06-28 23:59:00.0";"18:30";"Asociación TODOAUNARTE. Dirección Sergio Bienzobas. Clásicos de jazz y pop  rock a cargo de esta agrupación de hasta 30 saxofones.";"http://www.madrid.es/sites/v/index.jsp?vgnextchannel=ca9671ee4a9eb410VgnVCM100000171f5a0aRCRD&vgnextoid=f193f543e8b17910VgnVCM1000001d4a900aRCRD";"Actividades en el Centro Cultural Alfredo Kraus";"http://www.madrid.es/sites/v/index.jsp?vgnextchannel=ca9671ee4a9eb410VgnVCM100000171f5a0aRCRD&vgnextoid=a196a399e519c810VgnVCM1000001d4a900aRCRD";"http://www.madrid.es/sites/v/index.jsp?vgnextchannel=bfa48ab43d6bb410VgnVCM100000171f5a0aRCRD&vgnextoid=7337cbf06c81c010VgnVCM1000000b205a0aRCRD";"Centro Cultural Alfredo Kraus (Fuencarral - El Pardo)";"1";"GLORIETA";"PRADERA DE VAQUERIZAS";"9";"FUENCARRAL-EL PARDO";"MIRASIERRA";"28035";"438848";"4482487";"40.49082275610172";"-3.7216054330053647";"/contenido/actividades/ComemoracionesHomenajes";""
12791396;"Concierto: Hollywood musical";"";"1";"0";"";"";"2025-06-27 00:00:00.0";"2025-06-27 23:59:00.0";"19:00";"A cargo de Tatiana Komar (violín) y Yan Komar (guitarra). Repertorio de bandas sonoras con un sonido excepcional y equilibrado.";"http://www.madrid.es/sites/v/index.jsp?vgnextchannel=ca9671ee4a9eb410VgnVCM100000171f5a0aRCRD&vgnextoid=db198b5aa6127910VgnVCM2000001f4a900aRCRD";"Actividades en el Centro Sociocultural Valle-Inclán";"http://www.madrid.es/sites/v/index.jsp?vgnextchannel=ca9671ee4a9eb410VgnVCM100000171f5a0aRCRD&vgnextoid=42d7e0e00419c810VgnVCM1000001d4a900aRCRD";"http://www.madrid.es/sites/v/index.jsp?vgnextchannel=bfa48ab43d6bb410VgnVCM100000171f5a0aRCRD&vgnextoid=aa1c1e79ee71c010VgnVCM1000000b205a0aRCRD";"Centro Sociocultural Valle Inclán (Fuencarral - El Pardo)";"1";"CALLE";"ARZOBISPO MORCILLO";"7";"FUENCARRAL-EL PARDO";"LA PAZ";"28029";"441233";"4481384";"40.48106787416528";"-3.6933504628706095";"/contenido/actividades/DanzaBaile";""
12795286;"Conectar generaciones para enfrentar los TCA. Jóvenes con TCA y Personas Mayores en un proyecto que transforma vidas.";"";"1";"0";"";"";"2025-07-01 00:00:00.0";"2025-07-01 23:59:00.0";"17:30";"";"http://www.madrid.es/sites/v/index.jsp?vgnextchannel=ca9671ee4a9eb410VgnVCM100000171f5a0aRCRD&vgnextoid=f7b827af5d637910VgnVCM2000001f4a900aRCRD";"";"";"http://www.madrid.es/sites/v/index.jsp?vgnextchannel=bfa48ab43d6bb410VgnVCM100000171f5a0aRCRD&vgnextoid=e791bed05ceed310VgnVCM1000000b205a0aRCRD";"Biblioteca Pública Municipal Eugenio Trías. Casa de Fieras de El Retiro (Retiro)";"1,6";"PASEO";"FERNÁN NÚÑEZ";"24";"RETIRO";"LOS JERONIMOS";"28009";"442345";"4474221";"40.4166091081099";"-3.6795930368034804";"/contenido/actividades/CineActividadesAudiovisuales";""
12788502;"Conferencia: El Siglo XIX en el Museo del Prado 2ª parte";"";"1";"0";"";"";"2025-06-25 00:00:00.0";"2025-06-25 23:59:00.0";"19:00";"A cargo de Belén G. Naharro  El Siglo XIX en el Museo del Prado. Segunda parte.  Cautivas en el Casón del Buen Retiro durante diez años hace ya unos años salían para ser contempladas en el Museo unas obras llenas de esplendor conformando un viaje por distintas décadas y distintos géneros artísticos del llamado Siglo decimonónico de la pintura española.";"http://www.madrid.es/sites/v/index.jsp?vgnextchannel=ca9671ee4a9eb410VgnVCM100000171f5a0aRCRD&vgnextoid=cfffc5ec4ab17910VgnVCM2000001f4a900aRCRD";"Conferencias en el Centro Cultural Nicolás Salmerón";"http://www.madrid.es/sites/v/index.jsp?vgnextchannel=ca9671ee4a9eb410VgnVCM100000171f5a0aRCRD&vgnextoid=226dbbde88c7c510VgnVCM2000001f4a900aRCRD";"http://www.madrid.es/sites/v/index.jsp?vgnextchannel=bfa48ab43d6bb410VgnVCM100000171f5a0aRCRD&vgnextoid=ee4a1e79ee71c010VgnVCM1000000b205a0aRCRD";"Centro Cultural Nicolás Salmerón (Chamartín)";"1";"CALLE";"MANTUANO";"51";"CHAMARTIN";"CIUDAD JARDIN";"28002";"442658";"4477740";"40.44834125150792";"-3.6761992414203526";"/contenido/actividades/ZMUPI";""
12791420;"Conferencia: Hilma Af Klimt. La pionera del arte abstracto";"";"1";"0";"";"";"2025-06-26 00:00:00.0";"2025-06-26 23:59:00.0";"19:00";"A cargo de Patricia Alonso, historiadora. Una reconocidísima artista que no quiso que su obra fuera expuesta hasta mucho después de su fallecimiento.";"http://www.madrid.es/sites/v/index.jsp?vgnextchannel=ca9671ee4a9eb410VgnVCM100000171f5a0aRCRD&vgnextoid=dd6b8b5aa6127910VgnVCM2000001f4a900aRCRD";"Actividades en el Centro Sociocultural Valle-Inclán";"http://www.madrid.es/sites/v/index.jsp?vgnextchannel=ca9671ee4a9eb410VgnVCM100000171f5a0aRCRD&vgnextoid=42d7e0e00419c810VgnVCM1000001d4a900aRCRD";"http://www.madrid.es/sites/v/index.jsp?vgnextchannel=bfa48ab43d6bb410VgnVCM100000171f5a0aRCRD&vgnextoid=aa1c1e79ee71c010VgnVCM1000000b205a0aRCRD";"Centro Sociocultural Valle Inclán (Fuencarral - El Pardo)";"1";"CALLE";"ARZOBISPO MORCILLO";"7";"FUENCARRAL-EL PARDO";"LA PAZ";"28029";"441233";"4481384";"40.48106787416528";"-3.6933504628706095";"/contenido/actividades/ConferenciasColoquios";""
12789691;"Conferencia: 'España y los países árabes de oriente medio, una amistad inesperada'";"";"1";"0";"";"";"2025-06-25 00:00:00.0";"2025-06-25 23:59:00.0";"18:00";"Organizada por la Sociedad de Estudios Internacionales. A cargo del profesor y analista especializado en geopolítica y relaciones internacionales y Vicerrector de la Sociedad de Estudios Internacionales, Borja de Arístegui.";"http://www.madrid.es/sites/v/index.jsp?vgnextchannel=ca9671ee4a9eb410VgnVCM100000171f5a0aRCRD&vgnextoid=3a52bd9ef2c17910VgnVCM1000001d4a900aRCRD";"Actividades en el Centro Sociocultural Montecarmelo";"http://www.madrid.es/sites/v/index.jsp?vgnextchannel=ca9671ee4a9eb410VgnVCM100000171f5a0aRCRD&vgnextoid=14e048187451c810VgnVCM1000001d4a900aRCRD";"http://www.madrid.es/sites/v/index.jsp?vgnextchannel=bfa48ab43d6bb410VgnVCM100000171f5a0aRCRD&vgnextoid=30f2b51ae6295210VgnVCM2000000c205a0aRCRD";"Centro Sociocultural Montecarmelo (Fuencarral - El Pardo)";"1";"Carretera";"M-607 Km 13 L-10";"";"FUENCARRAL-EL PARDO";"EL GOLOSO";"28049";"441892";"4485296";"40.515712291624084";"-3.6860532895354448";"/contenido/actividades/ConferenciasColoquios";""
12792412;"Conoce la Dehesa en bici";"";"1";"0";"";"";"2025-08-17 00:00:00.0";"2025-08-17 23:59:00.0";"10:00";"";"http://www.madrid.es/sites/v/index.jsp?vgnextchannel=ca9671ee4a9eb410VgnVCM100000171f5a0aRCRD&vgnextoid=784701ef51037910VgnVCM2000001f4a900aRCRD";"Conoce la Dehesa en bici";"http://www.madrid.es/sites/v/index.jsp?vgnextchannel=ca9671ee4a9eb410VgnVCM100000171f5a0aRCRD&vgnextoid=8131e2ac055ac810VgnVCM1000001d4a900aRCRD";"http://www.madrid.es/sites/v/index.jsp?vgnextchannel=bfa48ab43d6bb410VgnVCM100000171f5a0aRCRD&vgnextoid=a956fc79622ef010VgnVCM2000000c205a0aRCRD";"Centro de Información y Educación Ambiental de Dehesa de la Villa";"1";"PARQUE";"DEHESA DE LA VILLA";"0";"MONCLOA-ARAVACA";"";"28039";"439102";"4478967";"40.45914104116349";"-3.718270563679269";"/contenido/actividades/ExcursionesItinerariosVisitas";""
12792185;"Conoce la Dehesa: ruta por su historia y naturaleza";"";"1";"0";"";"";"2025-07-18 00:00:00.0";"2025-07-18 23:59:00.0";"20:00";"";"http://www.madrid.es/sites/v/index.jsp?vgnextchannel=ca9671ee4a9eb410VgnVCM100000171f5a0aRCRD&vgnextoid=e195c744fcf27910VgnVCM2000001f4a900aRCRD";"Conoce la Dehesa: ruta por su historia y naturaleza";"http://www.madrid.es/sites/v/index.jsp?vgnextchannel=ca9671ee4a9eb410VgnVCM100000171f5a0aRCRD&vgnextoid=7cc78f4414758810VgnVCM2000001f4a900aRCRD";"http://www.madrid.es/sites/v/index.jsp?vgnextchannel=bfa48ab43d6bb410VgnVCM100000171f5a0aRCRD&vgnextoid=a956fc79622ef010VgnVCM2000000c205a0aRCRD";"Centro de Información y Educación Ambiental de Dehesa de la Villa";"1";"PARQUE";"DEHESA DE LA VILLA";"0";"MONCLOA-ARAVACA";"";"28039";"439102";"4478967";"40.45914104116349";"-3.718270563679269";"/contenido/actividades/ExcursionesItinerariosVisitas";""
12769120;"Convocatoria de los Premios Arganzuela 2025 XXXIX Edición de Pintura y XVII Edición de Fotografía del Distrito de Arganzuela";"";"1";"1";"L,M,X,J,V,S,D";"";"2025-06-09 00:00:00.0";"2025-06-27 23:59:00.0";"";"";"http://www.madrid.es/sites/v/index.jsp?vgnextchannel=ca9671ee4a9eb410VgnVCM100000171f5a0aRCRD&vgnextoid=9c2c70b7345a6910VgnVCM2000001f4a900aRCRD";"Convocatoria de los Premios Arganzuela 2025 XXXIX Edición de Pintura y XVII Edición de Fotografía del Distrito de Arganzuela";"http://www.madrid.es/sites/v/index.jsp?vgnextchannel=ca9671ee4a9eb410VgnVCM100000171f5a0aRCRD&vgnextoid=f43970b7345a6910VgnVCM2000001f4a900aRCRD";"http://www.madrid.es/sites/v/index.jsp?vgnextchannel=bfa48ab43d6bb410VgnVCM100000171f5a0aRCRD&vgnextoid=3de6d4ddebac6810VgnVCM1000001d4a900aRCRD";"Sala de exposiciones La Lonja. Centro Cultural Casa del Reloj (Arganzuela)";"1";"PASEO";"CHOPERA";"10";"ARGANZUELA";"CHOPERA";"28045";"440676";"4471620";"40.39307289237465";"-3.699005654074825";"/contenido/actividades/ConcursosCertamenes";""
12788137;"Coro Singerhook. Amor y Naturaleza";"";"1";"0";"";"";"2025-06-29 00:00:00.0";"2025-06-29 23:59:00.0";"19:00";"El coro interpretará las obras de Toudion (Anónimo), Capricciata/Contrapunto bestiale (Banchieri), seis nocturnos (Mozart, madrigal, Fauré) y Les Fleuurs et les Arbres (Saint- Saens).";"http://www.madrid.es/sites/v/index.jsp?vgnextchannel=ca9671ee4a9eb410VgnVCM100000171f5a0aRCRD&vgnextoid=03c6a6cc17b17910VgnVCM1000001d4a900aRCRD";"Actividades en el Centro Cultural El Pozo del Tío Raimundo";"http://www.madrid.es/sites/v/index.jsp?vgnextchannel=ca9671ee4a9eb410VgnVCM100000171f5a0aRCRD&vgnextoid=5c0f16c17a87f610VgnVCM2000001f4a900aRCRD";"http://www.madrid.es/sites/v/index.jsp?vgnextchannel=bfa48ab43d6bb410VgnVCM100000171f5a0aRCRD&vgnextoid=add63d0b5e71c010VgnVCM1000000b205a0aRCRD";"Centro Cultural El Pozo del tío Raimundo (Puente de Vallecas)";"1";"AVENIDA";"GLORIETAS";"19";"PUENTE DE VALLECAS";"ENTREVIAS";"28053";"443976";"4469457";"40.37381624358889";"-3.6599325731670977";"/contenido/actividades/Musica";""
12811717;"Corre como una chica";"";"1";"0";"";"";"2025-07-12 00:00:00.0";"2025-07-12 23:59:00.0";"22:00";"Todos los públicos. 2020.";"http://www.madrid.es/sites/v/index.jsp?vgnextchannel=ca9671ee4a9eb410VgnVCM100000171f5a0aRCRD&vgnextoid=1a9be93d7d6a7910VgnVCM1000001d4a900aRCRD";"Cine de verano en Hortaleza";"http://www.madrid.es/sites/v/index.jsp?vgnextchannel=ca9671ee4a9eb410VgnVCM100000171f5a0aRCRD&vgnextoid=26306c93646a7910VgnVCM1000001d4a900aRCRD";"http://www.madrid.es/sites/v/index.jsp?vgnextchannel=bfa48ab43d6bb410VgnVCM100000171f5a0aRCRD&vgnextoid=14a8d36de4cca510VgnVCM2000001f4a900aRCRD";"Parque Alfredo Kraus";"2";"CALLE";"MAR ADRIATICO";"5";"HORTALEZA";"PINAR DEL REY";"28033";"445804";"4480230";"40.47098300036034";"-3.6393251567222045";"/contenido/actividades/ActividadesCalleArteUrbano";""
12800034;"Cortos palestinos";"";"0";"0";"";"";"2025-06-26 00:00:00.0";"2025-06-26 23:59:00.0";"20:00";"Programa:   Abgad Hawaz  (Robin Riad, Canadá, 2004, 1') Riad usa el humor para jugar y conectar con su lengua materna, ofreciendo una 'falsa' lección de pronunciación. Abgad Hawad es una respuesta a una manifestación digital del odio antiárabe que Riad presenció online tras el genocidio en Gaza, le permite aferrarse a su lengua, cultura y raíces.   Out of Gaza  (Seza Tiyara Selen, Jannis Osterburg, Alemania, 2025, 9') Una joven palestina quiere huir de Gaza con sus amigos, con la esperanza de encontrar la libertad en Occidente. Como ingeniera talentosa, logra escapar, pero surgen dudas sobre si irse es la decisión correcta. Al cruzar el muro, se encuentran con un mundo inesperado.   Blood Like Water  (Dima Hamdan, Palestina, 2023, 14') Shadi se embarca en una aventura secreta y, sin querer, arrastra a su familia a una trampa donde solo tienen dos opciones: colaborar con la ocupación israelí o ser humillados por su propia gente. Basada en hechos reales.   a tangled web drowning in honey  (Tara Hakim, Hannah Hull, Canadá, 2023, 9') Cortometraje experiencial y textural que invita a los espectadores a adentrarse en el funcionamiento interno de una mente para reflexionar sobre las formas en las que nos amamos y nos desamamos a nosotres mismes.   Aliens in Beirut  (Raghed Charabaty, Canadá, 2025, 16') Aliens in Beirut fusiona documental y ficción, explorando la alienación y el deseo en casa a través de improvisación con guion, cinematografía de vida silvestre y experimentación visual. Charabaty reimagina los eventos de su vida que condujeron a la fatídica explosión del puerto de Beirut en 2020. Al regresar a Beirut desde Toronto, en busca desesperada de sus raíces, Amir se enamora de una desconocida junto al mar. Al final, la explosión no le importa a nadie, dejando tras de sí huellas de un deseo imborrable.   Palcorecore  (Dana Dawud, Palestina, 2023, 8') Palcorecore es una fusión hipnótica de danza, material de archivo y vídeos difundidos por internet que fusiona pasado y presente en un retrato visceral de la vida palestina. Iniciando con The Lovers Songs Band y fragmentos de Jenin, Jenin (2003), la película reúne imágenes fugaces pero impactantes: jinetes ondeando banderas, familias en la playa, adolescentes bailando en llamas y actos de resistencia contra la ocupación. A través del desorden rítmico y el movimiento, la película captura la resiliencia, la rebelión y las alegrías cotidianas de la existencia palestina, centrándose especialmente en los jóvenes y las mujeres en su desafiante reivindicación de la vida.   I never promised you a Jasmine Garden  (Teyama AlKamli, Canadá, 2023, 20') Tara, una mujer palestina homosexual de veintitantos años, intenta reprimir su turbulencia emocional interna durante una llamada telefónica con su mejor amiga Sarab, de quien está enamorada.   Don?t take my joy away  (Omar Gabriel, Líbano, 2024, 7') Ambientada en Chatila, un campo de refugiados palestinos en el Líbano, dos amigos disfrutan de las pequeñas alegrías de la vida hasta que la violencia perturba repentinamente su mundo. Obligados a huir, se embarcan en un peligroso viaje de supervivencia, enfrentándose al miedo, al caos y a la cruda realidad que los rodea. En el camino, deberán elegir entre permanecer en la sombra o buscar la luz.";"http://www.madrid.es/sites/v/index.jsp?vgnextchannel=ca9671ee4a9eb410VgnVCM100000171f5a0aRCRD&vgnextoid=de1bba98e7957910VgnVCM1000001d4a900aRCRD";"";"";"http://www.madrid.es/sites/v/index.jsp?vgnextchannel=bfa48ab43d6bb410VgnVCM100000171f5a0aRCRD&vgnextoid=2dbd1fe44c5ee310VgnVCM2000000c205a0aRCRD";"Cineteca Madrid";"1";"PLAZA";"LEGAZPI";"8";"ARGANZUELA";"CHOPERA";"28045";"440946";"4471422";"40.39130985242181";"-3.6958028442054074";"/contenido/actividades/ProgramacionDestacadaAgendaCultura";""
12807026;"Coser y cantar, Voy pasármelo G, DJ Rainyell";"";"1";"0";"";"";"2025-06-27 00:00:00.0";"2025-06-27 23:59:00.0";"";"20 horas 'Coser y cantar' por Ainhoa Limón:  Concierto didáctico de Folclore infantil. A través de sus canciones interpretadas con instrumentos tradicionales como cucharas, sartenes, dedales, botellas de anís y panaderas descubriremos la historia del 'Hilo de la Memoria'.  Edad recomendada: a partir de 4 años.  22 horas Voy pasármelo G, tributo a Hombres G:  Un show renovado, fresco y potente, que recorre la trayectoria de este grupo mítico con temas como 'Suéltate el pelo', 'Sufre mamón', 'Venezia' o 'Voy a pasármelo bien'. Canciones, casi himnos, que hacen de puente de unión entre generaciones.  23:45 horas Dj Rainyell:  DJ apasionada de la música electrónica. Combina sus sesiones con experiencias sensoriales inmersivas a través de visuales. Actualmente, se ha consolidado como una de las DJ referente de la escena madrileña con sus más de 200 sesiones anuales.";"http://www.madrid.es/sites/v/index.jsp?vgnextchannel=ca9671ee4a9eb410VgnVCM100000171f5a0aRCRD&vgnextoid=e6179ba162887910VgnVCM2000001f4a900aRCRD";"";"";"";"";"";"";"";"";"";"";"";"";"";"";"";"/contenido/actividades/Musica";""
12790999;"Costa Brava";"";"0";"0";"";"";"2025-06-25 00:00:00.0";"2025-06-25 23:59:00.0";"19:30";"";"http://www.madrid.es/sites/v/index.jsp?vgnextchannel=ca9671ee4a9eb410VgnVCM100000171f5a0aRCRD&vgnextoid=c6f220bcab027910VgnVCM1000001d4a900aRCRD";"";"";"http://www.madrid.es/sites/v/index.jsp?vgnextchannel=bfa48ab43d6bb410VgnVCM100000171f5a0aRCRD&vgnextoid=2dbd1fe44c5ee310VgnVCM2000000c205a0aRCRD";"Cineteca Madrid";"1";"PLAZA";"LEGAZPI";"8";"ARGANZUELA";"CHOPERA";"28045";"440946";"4471422";"40.39130985242181";"-3.6958028442054074";"/contenido/actividades/ProgramacionDestacadaAgendaCultura";""
12806157;"Creación de marionetas con materiales reutilizados";"";"1";"0";"";"";"2025-07-12 00:00:00.0";"2025-07-12 23:59:00.0";"11:00";"De 11 a 12:30 horas.  Categoría: Taller de reutilización de materiales. Entrada GRATUITA.  Lugar: Sala de talleres del Centro de Educación Ambiental y Cultural Maris Stella.  Edad: Familias con peques a partir de 3 años (menores acompañados con un adulto). Imprescindible reserva previa.  Sinopsis: ¿Qué hacemos con el pobre calcetín desparejado del cajón? ¿Y si le ponemos unos cuantos adornos y le pegamos dos ojos? ¡Tachán! Sorpréndete con la creatividad que llevas dentro participando en este divertido taller.";"http://www.madrid.es/sites/v/index.jsp?vgnextchannel=ca9671ee4a9eb410VgnVCM100000171f5a0aRCRD&vgnextoid=fbe038a3b1787910VgnVCM1000001d4a900aRCRD";"Actividades en el Centro de Educación Ambiental y Cultural Maris Stella";"http://www.madrid.es/sites/v/index.jsp?vgnextchannel=ca9671ee4a9eb410VgnVCM100000171f5a0aRCRD&vgnextoid=4e25ce5179e61910VgnVCM1000001d4a900aRCRD";"http://www.madrid.es/sites/v/index.jsp?vgnextchannel=bfa48ab43d6bb410VgnVCM100000171f5a0aRCRD&vgnextoid=85205619bc23d710VgnVCM2000001f4a900aRCRD";"Centro de Educación Ambiental y Cultural Maris Stella (Usera)";"1";"CALLE";"DOCTOR TOLOSA LATOUR";"16";"USERA";"PRADOLONGO";"28026";"440301";"4469524";"40.374166248648216";"-3.7032220308808577";"/contenido/actividades/ItinerariosOtrasActividadesAmbientales";"/usuario/Niños,/usuario/Familias"
12809617;"CUACvención";"";"0";"0";"";"";"2025-07-20 00:00:00.0";"2025-07-20 23:59:00.0";"19:00";"";"http://www.madrid.es/sites/v/index.jsp?vgnextchannel=ca9671ee4a9eb410VgnVCM100000171f5a0aRCRD&vgnextoid=e37ce8c216c97910VgnVCM1000001d4a900aRCRD";"";"";"http://www.madrid.es/sites/v/index.jsp?vgnextchannel=bfa48ab43d6bb410VgnVCM100000171f5a0aRCRD&vgnextoid=432257258ae5d010VgnVCM1000000b205a0aRCRD";"Teatro Circo Price";"1";"RONDA";"ATOCHA";"35";"ARGANZUELA";"PALOS DE LA FRONTERA";"28012";"440722";"4473051";"40.40596936645757";"-3.698589986849812";"/contenido/actividades/ProgramacionDestacadaAgendaCultura";""
12805366;"Cuentacuentos que nos cuidan. 'Nos tratamos bien'";"";"1";"0";"";"";"2025-06-25 00:00:00.0";"2025-06-25 23:59:00.0";"10:00";"Cuentacuentos realizado por el Centro de Salud Villa de Vallecas.    'Nos tratamos bien' no es un cuento clásico, sino una conversación ilustrada sobre algo esencial: cómo nos tratamos entre nosotros sí importa.   Dirigido a niñas y niños de entre 6 y 9 años        Acceso libre hasta completar aforo.";"http://www.madrid.es/sites/v/index.jsp?vgnextchannel=ca9671ee4a9eb410VgnVCM100000171f5a0aRCRD&vgnextoid=af95ab555f187910VgnVCM1000001d4a900aRCRD";"Cuentacuentos del 23 al 30 de junio";"http://www.madrid.es/sites/v/index.jsp?vgnextchannel=ca9671ee4a9eb410VgnVCM100000171f5a0aRCRD&vgnextoid=6caba32d985f5910VgnVCM1000001d4a900aRCRD";"http://www.madrid.es/sites/v/index.jsp?vgnextchannel=bfa48ab43d6bb410VgnVCM100000171f5a0aRCRD&vgnextoid=ca903d0b5e71c010VgnVCM1000000b205a0aRCRD";"Biblioteca Pública Municipal Gerardo Diego (Villa de Vallecas)";"1,6";"CALLE";"MONTE AYA";"12";"VILLA DE VALLECAS";"CASCO HISTORICO VALLECAS";"28031";"447138";"4469889";"40.37790196240434";"-3.6227296605039516";"/contenido/actividades/CuentacuentosTiteresMarionetas";"/usuario/Niños"
12810936;"Cuento infantil: 'Shaka el pangolín', de María Díaz de la Cebosa";"";"1";"0";"";"";"2025-07-03 00:00:00.0";"2025-07-03 23:59:00.0";"11:30";"";"http://www.madrid.es/sites/v/index.jsp?vgnextchannel=ca9671ee4a9eb410VgnVCM100000171f5a0aRCRD&vgnextoid=2e3a8ea0ea2a7910VgnVCM1000001d4a900aRCRD";"Cuento infantil: 'Shaka el pangolín', de María Díaz de la Cebosa";"http://www.madrid.es/sites/v/index.jsp?vgnextchannel=ca9671ee4a9eb410VgnVCM100000171f5a0aRCRD&vgnextoid=372a8ea0ea2a7910VgnVCM1000001d4a900aRCRD";"http://www.madrid.es/sites/v/index.jsp?vgnextchannel=bfa48ab43d6bb410VgnVCM100000171f5a0aRCRD&vgnextoid=e791bed05ceed310VgnVCM1000000b205a0aRCRD";"Biblioteca Pública Municipal Eugenio Trías. Casa de Fieras de El Retiro (Retiro)";"1,6";"PASEO";"FERNÁN NÚÑEZ";"24";"RETIRO";"LOS JERONIMOS";"28009";"442345";"4474221";"40.4166091081099";"-3.6795930368034804";"/contenido/actividades/RecitalesPresentacionesActosLiterarios";""
12800485;"Curioso";"";"1";"0";"";"";"2025-07-15 00:00:00.0";"2025-07-15 23:59:00.0";"22:00";"Compañía: Lotitere Teatro    Ubicación: Explanada del Ensanche, (Calle Cañada del Santísimo esquina con Avenida del Ensanche de Vallecas, 28051, Madrid)  Duración: 60 minutos  Edad recomendada: Todos los Públicos.  Sinopsis: Espectáculo familiar de gira por España que llega a Villa de Vallecas. Capuchini, una artista con gran trayectoria conoce a su vecina llamada Perla y todo toma otro rumbo. Capuchini, Perla y el público se unirán para tocar instrumentos musicales no convencionales, creando juntos un momento único e irrepetible.";"http://www.madrid.es/sites/v/index.jsp?vgnextchannel=ca9671ee4a9eb410VgnVCM100000171f5a0aRCRD&vgnextoid=fb654223be957910VgnVCM1000001d4a900aRCRD";"Actividades Calle Abierta";"http://www.madrid.es/sites/v/index.jsp?vgnextchannel=ca9671ee4a9eb410VgnVCM100000171f5a0aRCRD&vgnextoid=261af36edd371910VgnVCM2000001f4a900aRCRD";"";"";"";"";"";"";"";"";"";"";"";"";"";"/contenido/actividades/TeatroPerformance";"/usuario/Niños"
12792131;"Danza oriental y bailes";"";"1";"0";"";"";"2025-06-27 00:00:00.0";"2025-06-27 23:59:00.0";"19:00";"Danza oriental y baile de la mano de los alumnos del centro.";"http://www.madrid.es/sites/v/index.jsp?vgnextchannel=ca9671ee4a9eb410VgnVCM100000171f5a0aRCRD&vgnextoid=ada9c744fcf27910VgnVCM2000001f4a900aRCRD";"Actividades en el Centro Cultural José Luis Sampedro";"http://www.madrid.es/sites/v/index.jsp?vgnextchannel=ca9671ee4a9eb410VgnVCM100000171f5a0aRCRD&vgnextoid=044239c8e2993510VgnVCM2000001f4a900aRCRD";"http://www.madrid.es/sites/v/index.jsp?vgnextchannel=bfa48ab43d6bb410VgnVCM100000171f5a0aRCRD&vgnextoid=bd3fba61e681c010VgnVCM1000000b205a0aRCRD";"Centro Cultural José Luis Sampedro (Latina)";"1";"CALLE";"CASTROSERNA";"4";"LATINA";"LUCERO";"28047";"436432";"4472601";"40.40159394334669";"-3.749110841406562";"/contenido/actividades/DanzaBaile";""
12399262;"De Casa de Campo a Madrid Río I";"";"1";"0";"";"";"2025-07-27 00:00:00.0";"2025-07-27 23:59:00.0";"09:30";"Ruta en la que se abordará la importancia ambiental e histórica de los arroyos y estanques del Real Sitio, la conexión entre la Casa de Campo y Madrid Río (tramo I: del Puente del Rey al Puente de Segovia) y la fascinante transformación del ecosistema después de su renaturalización. Itinerario dirigido a usuarios/as a partir de 9 años.  Duración estimada: aproximadamente dos horas y media.";"http://www.madrid.es/sites/v/index.jsp?vgnextchannel=ca9671ee4a9eb410VgnVCM100000171f5a0aRCRD&vgnextoid=56a6324700b20910VgnVCM1000001d4a900aRCRD";"Itinerarios interpretativos y rutas de senderismo";"http://www.madrid.es/sites/v/index.jsp?vgnextchannel=ca9671ee4a9eb410VgnVCM100000171f5a0aRCRD&vgnextoid=38af832e34353810VgnVCM1000001d4a900aRCRD";"http://www.madrid.es/sites/v/index.jsp?vgnextchannel=bfa48ab43d6bb410VgnVCM100000171f5a0aRCRD&vgnextoid=8a22598d1351c010VgnVCM1000000b205a0aRCRD";"Centro de Información y Educación Ambiental de Casa de Campo";"1";"PARQUE";"CASA DE CAMPO (JUNTO AL EMBARCADERO DEL LAGO)";"";"MONCLOA-ARAVACA";"CASA DE CAMPO";"28011";"437990";"4474399";"40.41789950036311";"-3.7309390858931137";"";""
12799130;"De Casa de Campo a Madrid Río I";"";"1";"0";"";"";"2025-09-05 00:00:00.0";"2025-09-05 23:59:00.0";"20:00";"¿Sabes qué son los corredores verdes? ¿Y el papel que juegan dentro de la ciudad? Ruta en la que se abordará la importancia ambiental e histórica de los arroyos y estanques del Real Sitio y la conexión con el Parque con Madrid Río (tramo I: del Puente del Rey al Puente de Segovia) y la fascinante transformación del ecosistema después de su renaturalización. Itinerario dirigido a usuarios/as a partir de 9 años.  Duración estimada: de 20:00 a 22:00 horas.";"http://www.madrid.es/sites/v/index.jsp?vgnextchannel=ca9671ee4a9eb410VgnVCM100000171f5a0aRCRD&vgnextoid=6cdcee1ea9457910VgnVCM2000001f4a900aRCRD";"Actividades nocturnas";"http://www.madrid.es/sites/v/index.jsp?vgnextchannel=ca9671ee4a9eb410VgnVCM100000171f5a0aRCRD&vgnextoid=577bee1ea9457910VgnVCM2000001f4a900aRCRD";"http://www.madrid.es/sites/v/index.jsp?vgnextchannel=bfa48ab43d6bb410VgnVCM100000171f5a0aRCRD&vgnextoid=8a22598d1351c010VgnVCM1000000b205a0aRCRD";"Centro de Información y Educación Ambiental de Casa de Campo";"1";"PARQUE";"CASA DE CAMPO (JUNTO AL EMBARCADERO DEL LAGO)";"";"MONCLOA-ARAVACA";"CASA DE CAMPO";"28011";"437990";"4474399";"40.41789950036311";"-3.7309390858931137";"/contenido/actividades/ItinerariosOtrasActividadesAmbientales";""
11881497;"De Casa de Campo a Madrid Río II";"";"1";"0";"";"";"2025-08-16 00:00:00.0";"2025-08-16 23:59:00.0";"09:30";"¿Sabes lo que son los corredores verdes? ¿Y el papel que juegan dentro de la ciudad? ¿Y la importancia de las islas de calor? Recorrido en el que nos acercaremos a la importancia ambiental e histórica de los arroyos y estanques del Real Sitio y la conexión con el Parque de Madrid Río (tramo II: del Puente del Rey al Puente de los Franceses) con toda la fascinante transformación del ecosistema después de su renaturalización. Itinerario dirigido a usuarios/as a partir de 9 años.  Duración estimada: aproximadamente dos horas y media.";"http://www.madrid.es/sites/v/index.jsp?vgnextchannel=ca9671ee4a9eb410VgnVCM100000171f5a0aRCRD&vgnextoid=3240bc1a36e35810VgnVCM2000001f4a900aRCRD";"Itinerarios interpretativos y rutas de senderismo";"http://www.madrid.es/sites/v/index.jsp?vgnextchannel=ca9671ee4a9eb410VgnVCM100000171f5a0aRCRD&vgnextoid=38af832e34353810VgnVCM1000001d4a900aRCRD";"http://www.madrid.es/sites/v/index.jsp?vgnextchannel=bfa48ab43d6bb410VgnVCM100000171f5a0aRCRD&vgnextoid=8a22598d1351c010VgnVCM1000000b205a0aRCRD";"Centro de Información y Educación Ambiental de Casa de Campo";"1";"PARQUE";"CASA DE CAMPO (JUNTO AL EMBARCADERO DEL LAGO)";"";"MONCLOA-ARAVACA";"CASA DE CAMPO";"28011";"437990";"4474399";"40.41789950036311";"-3.7309390858931137";"";""
12799129;"De Casa de Campo a Madrid Río II";"";"1";"0";"";"";"2025-09-19 00:00:00.0";"2025-09-19 23:59:00.0";"20:00";"¿Sabes qué son los corredores verdes? ¿Y el papel que juegan dentro de la ciudad? Ruta en la que se abordará la importancia ambiental e histórica de los arroyos y estanques del Real Sitio y la conexión con el Parque de Madrid Río (tramo II) y la fascinante transformación del ecosistema después de su renaturalización. Itinerario dirigido a usuarios/as a partir de 9 años.  Duración estimada: de 20:00 a 22:00 horas.";"http://www.madrid.es/sites/v/index.jsp?vgnextchannel=ca9671ee4a9eb410VgnVCM100000171f5a0aRCRD&vgnextoid=75bcee1ea9457910VgnVCM2000001f4a900aRCRD";"Actividades nocturnas";"http://www.madrid.es/sites/v/index.jsp?vgnextchannel=ca9671ee4a9eb410VgnVCM100000171f5a0aRCRD&vgnextoid=577bee1ea9457910VgnVCM2000001f4a900aRCRD";"http://www.madrid.es/sites/v/index.jsp?vgnextchannel=bfa48ab43d6bb410VgnVCM100000171f5a0aRCRD&vgnextoid=8a22598d1351c010VgnVCM1000000b205a0aRCRD";"Centro de Información y Educación Ambiental de Casa de Campo";"1";"PARQUE";"CASA DE CAMPO (JUNTO AL EMBARCADERO DEL LAGO)";"";"MONCLOA-ARAVACA";"CASA DE CAMPO";"28011";"437990";"4474399";"40.41789950036311";"-3.7309390858931137";"/contenido/actividades/ItinerariosOtrasActividadesAmbientales";""
12787850;"De fábula";"";"1";"0";"";"";"2025-06-29 00:00:00.0";"2025-06-29 23:59:00.0";"19:30";"Lugar: Bulevar de entrevías, Frente a Estación de Renfe Asamblea de Madrid-Entrevías .  Nuestro amigo Leoncio, el rey de la selva, pasea por su reino con gran estruendo de sus tripas, pues hace ya días que no encuentra alimento. Casualmente ve a Roepán, sencillo ratoncillo astuto y vivaz y se abalanza sobre él para comérselo, éste temeroso de morir devorado suplica por su vida con gran convencimiento usando multitud de razones, explicaciones y ruegos. Leoncio siente piedad y le deja vivir. Desde este momento Roepán y Leoncio son amigos, devolviendo con creces la misericordia del león demostrando el ratoncillo el gran acierto del rey de la selva cuando el león primero se clava una espina en la garra y segundo cae en la red del cazador, en sendas ocasiones los minúsculos, pero afilados dientes del roedor le libran del peligro. Insertadas entre estas acciones Roepán cuenta tres historias de animales a su amigo Leoncio. Para convencerle de que su ayuda no es casualidad, le cuenta la historia del burro que se encontró una flauta y quiso dar un concierto en la granja, la primera vez le sonó la flauta por casualidad y luego ya no hubo de sonar ('El burro flautista'). En otra ocasión, para que conozca Leoncio que las apariencias engañan, le relata la historia de una singular carrera que perdió una liebre burlona con una tortuga tenaz y constante ('La liebre y la tortuga). Y por último le quiere convencer de que lo sencillo, lo humilde siempre triunfa ante nuestra vanidad y para ello le cuenta la historia de un cuervo que engañado por los falsos halagos de una zorra inteligente, canta dejando caer de su pico un sabroso queso que había robado de la mesa de los hombres (La zorra y el cuervo)";"http://www.madrid.es/sites/v/index.jsp?vgnextchannel=ca9671ee4a9eb410VgnVCM100000171f5a0aRCRD&vgnextoid=a2c54b4252b17910VgnVCM1000001d4a900aRCRD";"Calle abierta infantil";"http://www.madrid.es/sites/v/index.jsp?vgnextchannel=ca9671ee4a9eb410VgnVCM100000171f5a0aRCRD&vgnextoid=6ef0157f943cf810VgnVCM2000001f4a900aRCRD";"";"";"";"";"";"";"";"";"";"";"";"";"";"/contenido/actividades/ActividadesCalleArteUrbano";"/usuario/Niños"
12518131;"De Nao Albet y Marcel Borràs";"21 euros";"0";"1";"M,X,J,V,S,D";"";"2025-06-19 00:00:00.0";"2025-07-06 23:59:00.0";"19:30";"";"http://www.madrid.es/sites/v/index.jsp?vgnextchannel=ca9671ee4a9eb410VgnVCM100000171f5a0aRCRD&vgnextoid=29219f45bf9e1910VgnVCM1000001d4a900aRCRD";"";"";"http://www.madrid.es/sites/v/index.jsp?vgnextchannel=bfa48ab43d6bb410VgnVCM100000171f5a0aRCRD&vgnextoid=835295423e700910VgnVCM2000001f4a900aRCRD";"Nave 10 Matadero. Creación Dramática Contemporánea";"1,6";"PASEO";"CHOPERA";"14";"ARGANZUELA";"CHOPERA";"28045";"440828";"4471551";"40.39245798191536";"-3.6972067902718897";"/contenido/actividades/ProgramacionDestacadaAgendaCultura";""
12800589;"Decid, mío Cid";"";"1";"0";"";"";"2025-07-26 00:00:00.0";"2025-07-26 23:59:00.0";"11:00";"Compañía: Kamaru I   Duración: 60 minutos  Edad recomendada: Todos los Públicos.  Sinopsis: Actuación conmemorativa por el Día Mundial de los Abuelos.  Muño es maestro en el noble arte de la narración, pero sus habilidades caballerescas no están a la misma altura. Deberá aplicarse e improvisar en lo que es un divertidísimo y participativo espectáculo familiar en el que las más emocionantes historias del Medievo se mezclan con divertidas pruebas de caballería en las que el público, tanto mayores como pequeños, colaborará en todo momento.";"http://www.madrid.es/sites/v/index.jsp?vgnextchannel=ca9671ee4a9eb410VgnVCM100000171f5a0aRCRD&vgnextoid=d9ee6ec32dd57910VgnVCM1000001d4a900aRCRD";"Actividades Calle Abierta";"http://www.madrid.es/sites/v/index.jsp?vgnextchannel=ca9671ee4a9eb410VgnVCM100000171f5a0aRCRD&vgnextoid=261af36edd371910VgnVCM2000001f4a900aRCRD";"http://www.madrid.es/sites/v/index.jsp?vgnextchannel=bfa48ab43d6bb410VgnVCM100000171f5a0aRCRD&vgnextoid=db73abd0991ce210VgnVCM1000000b205a0aRCRD";"Parque Santa Eugenia";"2";"CALLE";"Cerro Almodóvar";"1";"VILLA DE VALLECAS";"SANTA EUGENIA";"28031";"448352";"4470258";"40.38131130575197";"-3.608459149580722";"/contenido/actividades/TeatroPerformance";"/usuario/Niños"
12795139;"Del punto a la línea. De la línea al plano. Del plano al espacio";"";"1";"1";"L,M,X,J,V,S,D";"";"2025-06-26 00:00:00.0";"2025-07-27 23:59:00.0";"";"";"http://www.madrid.es/sites/v/index.jsp?vgnextchannel=ca9671ee4a9eb410VgnVCM100000171f5a0aRCRD&vgnextoid=39415db5ea537910VgnVCM2000001f4a900aRCRD";"Oyonarte, Alicia y los espejos";"http://www.madrid.es/sites/v/index.jsp?vgnextchannel=ca9671ee4a9eb410VgnVCM100000171f5a0aRCRD&vgnextoid=d0ea7afcd70f5910VgnVCM1000001d4a900aRCRD";"http://www.madrid.es/sites/v/index.jsp?vgnextchannel=bfa48ab43d6bb410VgnVCM100000171f5a0aRCRD&vgnextoid=35e53d0b5e71c010VgnVCM1000000b205a0aRCRD";"Centro Cultural Casa de Vacas (Retiro)";"1";"PASEO";"COLOMBIA";"1";"RETIRO";"LOS JERONIMOS";"28009";"441967";"4474495";"40.41906571939961";"-3.684053112760816";"/contenido/actividades/Exposiciones";""
12801887;"Del revés 2";"";"1";"0";"";"";"2025-08-16 00:00:00.0";"2025-08-16 23:59:00.0";"22:00";"Secuela de 'Inside Out'. Riley entra en la adolescencia y el Cuartel General de su cabeza sufre una repentina reforma para hacerle hueco a algo totalmente inesperado propio de la pubertad: ¡Nuevas emociones! Alegría, Tristeza, Ira, Miedo y Asco, con años de impecable gestión a sus espaldas (según ellos...) no saben muy bien qué sentir cuando aparece con enorme ímpetu Ansiedad. Y no viene sola: le acompañan envidia, vergüenza y aburrimiento. Duración 96 minutos. Edad recomendada: todos los públicos.";"http://www.madrid.es/sites/v/index.jsp?vgnextchannel=ca9671ee4a9eb410VgnVCM100000171f5a0aRCRD&vgnextoid=0f5b7c18cc367910VgnVCM2000001f4a900aRCRD";"Cine de verano en Tetuán";"http://www.madrid.es/sites/v/index.jsp?vgnextchannel=ca9671ee4a9eb410VgnVCM100000171f5a0aRCRD&vgnextoid=b6ba7c18cc367910VgnVCM2000001f4a900aRCRD";"";"";"";"";"";"";"";"";"";"";"";"";"";"/contenido/actividades/CineActividadesAudiovisuales";""
12804370;"Del revés 2";"";"1";"0";"";"";"2025-08-28 00:00:00.0";"2025-08-28 23:59:00.0";"22:00";"Duración: 88 min.  Dirección: Kelsey Mann.  Sinopsis :Secuela de ?Inside Out?. Riley entra en la adolescencia y el Cuartel General de su cabeza sufre una repentina reforma para hacerle hueco a algo totalmente inesperado propio de la pubertad: ¡Nuevas emociones!. Alegría, Tristeza, Ira, Miedo y Asco, con años de impecable gestión a sus espaldas (según ellos...) no saben muy bien qué sentir cuando aparece con enorme ímpetu Ansiedad. Y no viene sola: le acompañan envidia, vergüenza y aburrimiento.  Público: todos los públicos.  Entrada libre hasta completar aforo.";"http://www.madrid.es/sites/v/index.jsp?vgnextchannel=ca9671ee4a9eb410VgnVCM100000171f5a0aRCRD&vgnextoid=707b240b69c77910VgnVCM1000001d4a900aRCRD";"Verano de cine Retiro 2025";"http://www.madrid.es/sites/v/index.jsp?vgnextchannel=ca9671ee4a9eb410VgnVCM100000171f5a0aRCRD&vgnextoid=cdac62ae0c4a1810VgnVCM1000001d4a900aRCRD";"http://www.madrid.es/sites/v/index.jsp?vgnextchannel=bfa48ab43d6bb410VgnVCM100000171f5a0aRCRD&vgnextoid=cdbeb77bb6884610VgnVCM1000001d4a900aRCRD";"Plaza de Daoíz y Velarde";"1";"PLAZA";"DAOIZ Y VELARDE";"2";"RETIRO";"PACIFICO";"28007";"442527";"4472618";"40.402190438836826";"-3.6772826298329093";"/contenido/actividades/CineActividadesAudiovisuales";""
12804803;"Delicias de un Sueño";"";"1";"0";"";"";"2025-06-29 00:00:00.0";"2025-06-29 23:59:00.0";"12:00";"Cía. Ñas Teatro (Madrid)   Dirección: Laura Swarzc      A través de la conocida obra de El Bosco nos adentramos en el mundo de los sueños de los más pequeños. Descubriremos seres fantásticos, extraños y divertidos personajes, jugaremos dando vida a los objetos, despertando emociones y trasladándose al mundo onírico que se nos presenta en el cuadro El Jardín de las Delicias.     Edad: para primera infancia, a partir de 1 año      Duración: 35 minutos";"http://www.madrid.es/sites/v/index.jsp?vgnextchannel=ca9671ee4a9eb410VgnVCM100000171f5a0aRCRD&vgnextoid=4cd8082228d77910VgnVCM1000001d4a900aRCRD";"";"";"http://www.madrid.es/sites/v/index.jsp?vgnextchannel=bfa48ab43d6bb410VgnVCM100000171f5a0aRCRD&vgnextoid=209aa0ae12cc9710VgnVCM2000001f4a900aRCRD";"Escuela municipal de música Ciudad Lineal";"2";"CALLE";"DALIA";"4";"CIUDAD LINEAL";"COSTILLARES";"28033";"443498";"4481190";"40.47948371546377";"-3.6666068980576436";"/contenido/actividades/TeatroPerformance/Clasico";"/usuario/Niños,/usuario/Familias"
12763836;"Deportes populares y tradicionales para familias";"";"1";"1";"S";"";"2025-05-01 00:00:00.0";"2025-06-30 23:59:00.0";"11:00";"Para todos los públicos. Sábados de 11 a 13h Sin inscripción previa Ubicaciones:  1ery 2º sábado del mes:    Grupo 1, Parque Santader   Grupo 2, Parque Enrique Herreros   3º y 4º sábado del mes:   Grupo 1, Parque Bravo Murillo   Grupo 2, Parque José Luis Sampedro  Más información: 691 077 760";"http://www.madrid.es/sites/v/index.jsp?vgnextchannel=ca9671ee4a9eb410VgnVCM100000171f5a0aRCRD&vgnextoid=c60bd1fe5a086910VgnVCM2000001f4a900aRCRD";"Programación Cultural Chamberí";"http://www.madrid.es/sites/v/index.jsp?vgnextchannel=ca9671ee4a9eb410VgnVCM100000171f5a0aRCRD&vgnextoid=5ea6daba65bc4910VgnVCM1000001d4a900aRCRD";"";"";"";"";"";"";"";"";"";"";"";"";"";"/contenido/actividades/ActividadesDeportivas";"/usuario/Niños"
12793549;"Deportes populares y tradicionales para familias";"";"1";"1";"S";"";"2025-06-01 00:00:00.0";"2025-09-30 23:59:00.0";"11:00";"Sábados de 11:00 a 13:00 h. Actividades gratuitas. Durante los meses de julio y agosto no se programarán estas actividades. Para todos los públicos sin inscripción previa.  + información: 691077760/ 915913901.";"http://www.madrid.es/sites/v/index.jsp?vgnextchannel=ca9671ee4a9eb410VgnVCM100000171f5a0aRCRD&vgnextoid=189d092e59437910VgnVCM1000001d4a900aRCRD";"Actividades de verano en el Distrito de Chamberí";"http://www.madrid.es/sites/v/index.jsp?vgnextchannel=ca9671ee4a9eb410VgnVCM100000171f5a0aRCRD&vgnextoid=a9d769ea76117910VgnVCM1000001d4a900aRCRD";"http://www.madrid.es/sites/v/index.jsp?vgnextchannel=bfa48ab43d6bb410VgnVCM100000171f5a0aRCRD&vgnextoid=7570d9f83f8e6610VgnVCM2000001f4a900aRCRD";"Parque de Santander";"0";"PASEO";"SAN FRANCISCO DE SALES";"39";"CHAMBERI";"VALLEHERMOSO";"28003";"439801";"4477343";"40.44456982954479";"-3.7098572768896214";"/contenido/actividades/TeatroPerformance";"/usuario/Niños"
12806131;"Descubre el Parque de Pradolongo";"";"1";"0";"";"";"2025-07-04 00:00:00.0";"2025-07-04 23:59:00.0";"10:00";"De 10 a 11:30 horas.  Categoría: Senda por el Parque Pradolongo.  Lugar: Comienza en la recepción del Centro de Educación Ambiental y Cultural Maris Stella.  Edad: Todos los públicos (menores acompañados con un adulto). Imprescindible reserva previa.  Sinopsis: En este gran parque de Madrid encontrarás muchos ambientes diferentes, ya que alberga; estanque, ría y cascada artificial, jardín botánico, etc. En esta senda guiada conocerás aspectos tan interesantes del Parque como su historia, fauna y flora, distintos paisajes, etc.";"http://www.madrid.es/sites/v/index.jsp?vgnextchannel=ca9671ee4a9eb410VgnVCM100000171f5a0aRCRD&vgnextoid=80be38a3b1787910VgnVCM1000001d4a900aRCRD";"Actividades en el Centro de Educación Ambiental y Cultural Maris Stella";"http://www.madrid.es/sites/v/index.jsp?vgnextchannel=ca9671ee4a9eb410VgnVCM100000171f5a0aRCRD&vgnextoid=4e25ce5179e61910VgnVCM1000001d4a900aRCRD";"http://www.madrid.es/sites/v/index.jsp?vgnextchannel=bfa48ab43d6bb410VgnVCM100000171f5a0aRCRD&vgnextoid=85205619bc23d710VgnVCM2000001f4a900aRCRD";"Centro de Educación Ambiental y Cultural Maris Stella (Usera)";"1";"CALLE";"DOCTOR TOLOSA LATOUR";"16";"USERA";"PRADOLONGO";"28026";"440301";"4469524";"40.374166248648216";"-3.7032220308808577";"/contenido/actividades/ExcursionesItinerariosVisitas";""
11769477;"Descubre el Vivero de Estufas del Retiro";"";"1";"0";"";"";"2025-09-27 00:00:00.0";"2025-09-27 23:59:00.0";"11:00";"La visita a este vivero municipal pretende dar a conocer el valor histórico y artístico de estas instalaciones heredadas del siglo XIX. Se descubren los antiguos sistemas de producción de planta y cómo se aprovechan las instalaciones en la actualidad. Durante el paseo se visitan, entre otros, el museo de jardinería tradicional, el invernadero del Palacio de Liria, algunos invernaderos, las cajoneras y las antiguas estufas de carbón y madera que dan nombre al recinto. Actividad dirigida a público adulto.  Duración estimada: aproximadamente dos horas.";"http://www.madrid.es/sites/v/index.jsp?vgnextchannel=ca9671ee4a9eb410VgnVCM100000171f5a0aRCRD&vgnextoid=f2b8af6138133810VgnVCM2000001f4a900aRCRD";"Itinerarios guiados por El Retiro";"http://www.madrid.es/sites/v/index.jsp?vgnextchannel=ca9671ee4a9eb410VgnVCM100000171f5a0aRCRD&vgnextoid=e7b01130a93b1810VgnVCM1000001d4a900aRCRD";"http://www.madrid.es/sites/v/index.jsp?vgnextchannel=bfa48ab43d6bb410VgnVCM100000171f5a0aRCRD&vgnextoid=796b8193c73c4210VgnVCM1000000b205a0aRCRD";"Centro de Información y Educación Ambiental de El Huerto de El Retiro";"1";"PASEO";"FERNAN NUÑEZ";"2";"RETIRO";"LOS JERONIMOS";"28009";"441779";"4473428";"40.40943503279114";"-3.6861797800993257";"";""
11769476;"Descubre el Vivero de Estufas del Retiro";"";"1";"0";"";"";"2025-09-18 00:00:00.0";"2025-09-18 23:59:00.0";"11:00";"La visita a este vivero municipal pretende dar a conocer el valor histórico y artístico de estas instalaciones heredadas del siglo XIX. Se descubren los antiguos sistemas de producción de planta y cómo se aprovechan las instalaciones en la actualidad. Durante el paseo se visitan, entre otros, el museo de jardinería tradicional, el invernadero del Palacio de Liria, algunos invernaderos, las cajoneras y las antiguas estufas de carbón y madera que dan nombre al recinto. Actividad dirigida a público adulto.  Duración estimada: aproximadamente dos horas.";"http://www.madrid.es/sites/v/index.jsp?vgnextchannel=ca9671ee4a9eb410VgnVCM100000171f5a0aRCRD&vgnextoid=0348af6138133810VgnVCM2000001f4a900aRCRD";"Itinerarios guiados por El Retiro";"http://www.madrid.es/sites/v/index.jsp?vgnextchannel=ca9671ee4a9eb410VgnVCM100000171f5a0aRCRD&vgnextoid=e7b01130a93b1810VgnVCM1000001d4a900aRCRD";"http://www.madrid.es/sites/v/index.jsp?vgnextchannel=bfa48ab43d6bb410VgnVCM100000171f5a0aRCRD&vgnextoid=796b8193c73c4210VgnVCM1000000b205a0aRCRD";"Centro de Información y Educación Ambiental de El Huerto de El Retiro";"1";"PASEO";"FERNAN NUÑEZ";"2";"RETIRO";"LOS JERONIMOS";"28009";"441779";"4473428";"40.40943503279114";"-3.6861797800993257";"";""
12799452;"Despertando sueños - Latina";"";"1";"0";"";"";"2025-07-04 00:00:00.0";"2025-07-04 23:59:00.0";"19:00";"";"http://www.madrid.es/sites/v/index.jsp?vgnextchannel=ca9671ee4a9eb410VgnVCM100000171f5a0aRCRD&vgnextoid=a19a091b0a857910VgnVCM1000001d4a900aRCRD";"";"";"";"";"";"";"";"";"";"";"";"";"";"";"";"/contenido/actividades/1ciudad21distritos";"/usuario/Niños,/usuario/Familias"
12777597;"Después de todo. Fotografía en la Colección Helga de Alvear";"Entrada libre hasta completar aforo.";"0";"1";"M,X,J,V,S,D";"";"2025-06-03 00:00:00.0";"2025-07-27 23:59:00.0";"";"";"http://www.madrid.es/sites/v/index.jsp?vgnextchannel=ca9671ee4a9eb410VgnVCM100000171f5a0aRCRD&vgnextoid=8e5b448d8b9d6910VgnVCM1000001d4a900aRCRD";"Después de todo. Fotografía en la Colección Helga de Alvear";"http://www.madrid.es/sites/v/index.jsp?vgnextchannel=ca9671ee4a9eb410VgnVCM100000171f5a0aRCRD&vgnextoid=a66b448d8b9d6910VgnVCM1000001d4a900aRCRD";"http://www.madrid.es/sites/v/index.jsp?vgnextchannel=bfa48ab43d6bb410VgnVCM100000171f5a0aRCRD&vgnextoid=c3c0f13cd18a0810VgnVCM1000001d4a900aRCRD";"Espacio Cultural Serrería Belga";"1";"CALLE";"ALAMEDA";"15";"CENTRO";"CORTES";"28014";"441134";"4473558";"40.4105673503608";"-3.6937819843413373";"/contenido/actividades/ProgramacionDestacadaAgendaCultura";""
12724464;"Detective botánico";"";"1";"0";"";"";"2025-06-29 00:00:00.0";"2025-06-29 23:59:00.0";"11:30";"Con esta actividad se darán a conocer algunas de las especies arbóreas más emblemáticas del entorno del Lago y aprenderemos a usar de manera sencilla una guía botánica diseñada para tal fin. Se alternará la parte práctica, con juegos y dinámicas de grupo. Taller dirigido a familias con menores a partir de 7 años.  Duración estimada: de 11:30 a 13:00 horas.";"http://www.madrid.es/sites/v/index.jsp?vgnextchannel=ca9671ee4a9eb410VgnVCM100000171f5a0aRCRD&vgnextoid=f1a59711763a5910VgnVCM2000001f4a900aRCRD";"Especial familias";"http://www.madrid.es/sites/v/index.jsp?vgnextchannel=ca9671ee4a9eb410VgnVCM100000171f5a0aRCRD&vgnextoid=9bfd9a5c7db95810VgnVCM1000001d4a900aRCRD";"http://www.madrid.es/sites/v/index.jsp?vgnextchannel=bfa48ab43d6bb410VgnVCM100000171f5a0aRCRD&vgnextoid=8a22598d1351c010VgnVCM1000000b205a0aRCRD";"Centro de Información y Educación Ambiental de Casa de Campo";"1";"PARQUE";"CASA DE CAMPO (JUNTO AL EMBARCADERO DEL LAGO)";"";"MONCLOA-ARAVACA";"CASA DE CAMPO";"28011";"437990";"4474399";"40.41789950036311";"-3.7309390858931137";"";"/usuario/Familias"
12792377;"Detectives Salvajes: conoce los rastros y las huellas de la fauna";"";"1";"0";"";"";"2025-08-30 00:00:00.0";"2025-08-30 23:59:00.0";"11:00";"";"http://www.madrid.es/sites/v/index.jsp?vgnextchannel=ca9671ee4a9eb410VgnVCM100000171f5a0aRCRD&vgnextoid=aaf201ef51037910VgnVCM2000001f4a900aRCRD";"Detectives Salvajes: conoce los rastros y las huellas de la fauna";"http://www.madrid.es/sites/v/index.jsp?vgnextchannel=ca9671ee4a9eb410VgnVCM100000171f5a0aRCRD&vgnextoid=63a6b8e39dad6810VgnVCM2000001f4a900aRCRD";"http://www.madrid.es/sites/v/index.jsp?vgnextchannel=bfa48ab43d6bb410VgnVCM100000171f5a0aRCRD&vgnextoid=a956fc79622ef010VgnVCM2000000c205a0aRCRD";"Centro de Información y Educación Ambiental de Dehesa de la Villa";"1";"PARQUE";"DEHESA DE LA VILLA";"0";"MONCLOA-ARAVACA";"";"28039";"439102";"4478967";"40.45914104116349";"-3.718270563679269";"";"/usuario/Familias"
12782393;"Día Internacional del Orgullo LGBTI";"";"1";"0";"";"";"2025-06-28 00:00:00.0";"2025-06-28 23:59:00.0";"21:30";"";"http://www.madrid.es/sites/v/index.jsp?vgnextchannel=ca9671ee4a9eb410VgnVCM100000171f5a0aRCRD&vgnextoid=e6e7a17ab4cf6910VgnVCM2000001f4a900aRCRD";"San Isidro en Villa de Vallecas";"http://www.madrid.es/sites/v/index.jsp?vgnextchannel=ca9671ee4a9eb410VgnVCM100000171f5a0aRCRD&vgnextoid=7f08d31eff666910VgnVCM2000001f4a900aRCRD";"";"";"";"";"";"";"";"";"";"";"";"";"";"/contenido/actividades/Musica";""
12798050;"Diálogos en clave de MAC";"";"1";"0";"";"";"2025-06-26 00:00:00.0";"2025-06-26 23:59:00.0";"19:00";"Diálogo entre los artistas: Amaya Bozal y Juan López.";"http://www.madrid.es/sites/v/index.jsp?vgnextchannel=ca9671ee4a9eb410VgnVCM100000171f5a0aRCRD&vgnextoid=b3d68a365e447910VgnVCM2000001f4a900aRCRD";"Diálogos en clave de MAC";"http://www.madrid.es/sites/v/index.jsp?vgnextchannel=ca9671ee4a9eb410VgnVCM100000171f5a0aRCRD&vgnextoid=9b97c4f372c07910VgnVCM2000001f4a900aRCRD";"http://www.madrid.es/sites/v/index.jsp?vgnextchannel=bfa48ab43d6bb410VgnVCM100000171f5a0aRCRD&vgnextoid=84a55c2cdc41c010VgnVCM2000000c205a0aRCRD";"Museo de Arte Contemporáneo de Madrid";"1,6";"CALLE";"CONDE DUQUE";"9";"CENTRO";"UNIVERSIDAD";"28015";"439723";"4475438";"40.42739911262292";"-3.710589286287491";"";""
12792401;"Diez hombres sin piedad";"";"1";"0";"";"";"2025-06-30 00:00:00.0";"2025-06-30 23:59:00.0";"19:30";"";"http://www.madrid.es/sites/v/index.jsp?vgnextchannel=ca9671ee4a9eb410VgnVCM100000171f5a0aRCRD&vgnextoid=8bf501ef51037910VgnVCM2000001f4a900aRCRD";"";"";"http://www.madrid.es/sites/v/index.jsp?vgnextchannel=bfa48ab43d6bb410VgnVCM100000171f5a0aRCRD&vgnextoid=cfc81e79ee71c010VgnVCM1000000b205a0aRCRD";"Centro Cultural Julio Cortázar (Moncloa - Aravaca)";"1";"CALLE";"ANTONIO MACHADO";"20";"MONCLOA-ARAVACA";"VALDEZARZA";"28035";"438998";"4479816";"40.46678417843686";"-3.7195598670929315";"";"/usuario/Familias"
12800040;"Disintegration Loop 1.1";"";"0";"0";"";"";"2025-06-28 00:00:00.0";"2025-06-28 23:59:00.0";"19:00";"Iniciando una tetralogía de composiciones sonoro-visuales, esta pieza fue rodada por Basinski en la azotea de su apartamento de Williamsburg, en Brooklyn, mientras las Torres Gemelas se quemaban en la distancia, acompañado por la Parte 1.1 de su cuarto album de estudio, 'The Disintegration Loops'. Una bella y trágica elegía dedicada a aquellos que fallecieron en los atentados del 11 de Septiembre de 2001.  &amp;gt; Presentación y coloquio posterior con los equipos de TopFilmTuiter y CineZeta.";"http://www.madrid.es/sites/v/index.jsp?vgnextchannel=ca9671ee4a9eb410VgnVCM100000171f5a0aRCRD&vgnextoid=d65bba98e7957910VgnVCM1000001d4a900aRCRD";"";"";"http://www.madrid.es/sites/v/index.jsp?vgnextchannel=bfa48ab43d6bb410VgnVCM100000171f5a0aRCRD&vgnextoid=2dbd1fe44c5ee310VgnVCM2000000c205a0aRCRD";"Cineteca Madrid";"1";"PLAZA";"LEGAZPI";"8";"ARGANZUELA";"CHOPERA";"28045";"440946";"4471422";"40.39130985242181";"-3.6958028442054074";"/contenido/actividades/ProgramacionDestacadaAgendaCultura";""
12802229;"Dixie. St Louis";"";"1";"0";"";"";"2025-07-18 00:00:00.0";"2025-07-18 23:59:00.0";"20:30";"";"http://www.madrid.es/sites/v/index.jsp?vgnextchannel=ca9671ee4a9eb410VgnVCM100000171f5a0aRCRD&vgnextoid=e7131a1ba2467910VgnVCM1000001d4a900aRCRD";"";"";"";"";"";"";"";"";"";"";"";"";"";"";"";"/contenido/actividades/Musica";""
12805310;"Django &amp; the Thumb en concierto";"";"1";"0";"";"";"2025-08-06 00:00:00.0";"2025-08-06 23:59:00.0";"21:00";"Duración: 60 minutos  Edad recomenada: Todos los Públicos.  Sinopsis: Un viaje musical lleno de alegría, ritmo y sonrisas: este dúo de guitarras ?una manouche y una eléctrica? mezcla el swing con el jazz clásico en un espectáculo festivo, cálido y apto para todos los públicos. Perfecto para que lo disfruten desde los más pequeños hasta los más grandes.";"http://www.madrid.es/sites/v/index.jsp?vgnextchannel=ca9671ee4a9eb410VgnVCM100000171f5a0aRCRD&vgnextoid=3bb0ab555f187910VgnVCM1000001d4a900aRCRD";"Actividades Calle Abierta";"http://www.madrid.es/sites/v/index.jsp?vgnextchannel=ca9671ee4a9eb410VgnVCM100000171f5a0aRCRD&vgnextoid=261af36edd371910VgnVCM2000001f4a900aRCRD";"http://www.madrid.es/sites/v/index.jsp?vgnextchannel=bfa48ab43d6bb410VgnVCM100000171f5a0aRCRD&vgnextoid=db73abd0991ce210VgnVCM1000000b205a0aRCRD";"Parque Santa Eugenia";"2";"CALLE";"Cerro Almodóvar";"1";"VILLA DE VALLECAS";"SANTA EUGENIA";"28031";"448352";"4470258";"40.38131130575197";"-3.608459149580722";"/contenido/actividades/Musica";""
12804811;"Don Juan en los Infiernos";"";"1";"0";"";"";"2025-06-29 00:00:00.0";"2025-06-29 23:59:00.0";"22:00";"Cía. Teatro Che y Moche (Zaragoza)   De Gonzalo Suárez   Dirección: Marián Pueo     Nuestro Don Juan en los Infiernos es la primera adaptación teatral de la película de Gonzalo Suárez de 1991. Una adaptación libre que a su vez se inspira en el Don Juan de Molière, recoge la esencia de ese Don Juan mayor y decadente en la España de Felipe II, que en la obra agoniza a la sombra del esplendor perdido.    Don Juan sigue desafiando los designios divinos y la justicia, convirtiendo sus pasiones en destino y su voluntad en ley.     Duración: 80 minutos";"http://www.madrid.es/sites/v/index.jsp?vgnextchannel=ca9671ee4a9eb410VgnVCM100000171f5a0aRCRD&vgnextoid=b00b082228d77910VgnVCM1000001d4a900aRCRD";"";"";"http://www.madrid.es/sites/v/index.jsp?vgnextchannel=bfa48ab43d6bb410VgnVCM100000171f5a0aRCRD&vgnextoid=209aa0ae12cc9710VgnVCM2000001f4a900aRCRD";"Escuela municipal de música Ciudad Lineal";"2";"CALLE";"DALIA";"4";"CIUDAD LINEAL";"COSTILLARES";"28033";"443498";"4481190";"40.47948371546377";"-3.6666068980576436";"/contenido/actividades/TeatroPerformance/Clasico";"/usuario/Jovenes,/usuario/Familias,/usuario/Mayores"
12780454;"Dramaturbo. Taller de teatro infantil";"";"1";"1";"L,M,X,J,V,S,D";"";"2025-06-23 00:00:00.0";"2025-06-27 23:59:00.0";"";"";"http://www.madrid.es/sites/v/index.jsp?vgnextchannel=ca9671ee4a9eb410VgnVCM100000171f5a0aRCRD&vgnextoid=86954f02462f6910VgnVCM1000001d4a900aRCRD";"Dramaturbo. Taller de teatro infantil";"http://www.madrid.es/sites/v/index.jsp?vgnextchannel=ca9671ee4a9eb410VgnVCM100000171f5a0aRCRD&vgnextoid=b455670c5eebf810VgnVCM1000001d4a900aRCRD";"http://www.madrid.es/sites/v/index.jsp?vgnextchannel=bfa48ab43d6bb410VgnVCM100000171f5a0aRCRD&vgnextoid=d1ca1e79ee71c010VgnVCM1000000b205a0aRCRD";"Centro Cultural Príncipe de Asturias (Ciudad Lineal)";"1,5,6";"CALLE";"HERMANOS GARCIA NOBLEJAS";"14";"CIUDAD LINEAL";"PUEBLO NUEVO";"28037";"445948";"4476395";"40.43644651057092";"-3.6372924261150033";"/contenido/actividades/CuentacuentosTiteresMarionetas";"/usuario/Niños,/usuario/Familias"
12804304;"Dune Parte II";"";"1";"0";"";"";"2025-07-02 00:00:00.0";"2025-07-02 23:59:00.0";"22:00";"Duración: 166 min.  Dirección: Denis Villeneuve  Sinopsis: Tras los sucesos de la primera parte acontecidos en el planeta Arrakis, el joven Paul Atreides se une a la tribu de los Fremen y comienza un viaje espiritual y marcial para convertirse en mesías, mientras intenta evitar el horrible pero inevitable futuro que ha presenciado: una Guerra Santa en su nombre, que se extiende por todo el universo conocido... Secuela de ?Dune? (2021).  Público: mayor de 12 años.  Entrada libre hasta completar aforo.";"http://www.madrid.es/sites/v/index.jsp?vgnextchannel=ca9671ee4a9eb410VgnVCM100000171f5a0aRCRD&vgnextoid=ef055de1ee977910VgnVCM1000001d4a900aRCRD";"Verano de cine Retiro 2025";"http://www.madrid.es/sites/v/index.jsp?vgnextchannel=ca9671ee4a9eb410VgnVCM100000171f5a0aRCRD&vgnextoid=cdac62ae0c4a1810VgnVCM1000001d4a900aRCRD";"http://www.madrid.es/sites/v/index.jsp?vgnextchannel=bfa48ab43d6bb410VgnVCM100000171f5a0aRCRD&vgnextoid=675e280d37e2e210VgnVCM1000000b205a0aRCRD";"Parque Roma";"2";"CALLE";"JUAN ESPLANDIU";"4";"RETIRO";"ESTRELLA";"28007";"443786";"4474188";"40.41641041087398";"-3.662606100328213";"/contenido/actividades/CineActividadesAudiovisuales";""
12805671;"Dunia y el eco del tambor";"";"1";"0";"";"";"2025-08-02 00:00:00.0";"2025-08-02 23:59:00.0";"22:15";"De Marta Zarif y André Kadi. Animación. Fecha de estreno: 22 marzo 2024. Canadá 2023. 50?.   Recomendada para todos los públicos y especialmente recomendada para la infancia.  Dunia y sus abuelos se instalan en Canadá, un nuevo país que, a pesar de ser frío, se convierte en su cálida casa de acogida después de marcharse de Siria. Allí encontrarán muchas cosas distintas: la lengua, comidas desconocidas y estaciones que no habían vivido antes. A pesar de esta diversidad, Dunia y sus abuelos descubren la belleza de la multiculturalidad, mientras hacen nuevas amistades. A través de su relación con Rosalie y Miguizou, Dunia se ve arrastrada al mundo de la música, descubriendo un poder transformador que ilumina su nueva vida.";"http://www.madrid.es/sites/v/index.jsp?vgnextchannel=ca9671ee4a9eb410VgnVCM100000171f5a0aRCRD&vgnextoid=9afe5f5bd8287910VgnVCM1000001d4a900aRCRD";"Ciclo Los sábados de cine. Primavera 2025";"http://www.madrid.es/sites/v/index.jsp?vgnextchannel=ca9671ee4a9eb410VgnVCM100000171f5a0aRCRD&vgnextoid=c0de900069495910VgnVCM2000001f4a900aRCRD";"http://www.madrid.es/sites/v/index.jsp?vgnextchannel=bfa48ab43d6bb410VgnVCM100000171f5a0aRCRD&vgnextoid=07f63190712b1110VgnVCM1000000b205a0aRCRD";"Centro Cultural Ciudad Pegaso (San Blas - Canillejas)";"1";"AVENIDA";"SEPTIMA";"11";"SAN BLAS-CANILLEJAS";"REJAS";"28022";"449281";"4477704";"40.44844757572015";"-3.598099871155595";"/contenido/actividades/CineActividadesAudiovisuales";"/usuario/Niños,/usuario/Familias"
12785550;"Dúo olé y olé";"";"1";"0";"";"";"2025-06-28 00:00:00.0";"2025-06-28 23:59:00.0";"19:00";"Alegría de vivir es un espectáculo que realiza un recorrido por éxitos de la música tradición española: rumba, la copla, jota, pasodoble, chotis, flamenco... a mano de Sergio Amaro y Raquel Pérez.  Edad recomendada: A partir de 12 años  Duración: 60 minutos.";"http://www.madrid.es/sites/v/index.jsp?vgnextchannel=ca9671ee4a9eb410VgnVCM100000171f5a0aRCRD&vgnextoid=f9c9f6bdf8117910VgnVCM2000001f4a900aRCRD";"Actividades en el Centro Sociocultural García Lorca";"http://www.madrid.es/sites/v/index.jsp?vgnextchannel=ca9671ee4a9eb410VgnVCM100000171f5a0aRCRD&vgnextoid=6951f36edd371910VgnVCM2000001f4a900aRCRD";"http://www.madrid.es/sites/v/index.jsp?vgnextchannel=bfa48ab43d6bb410VgnVCM100000171f5a0aRCRD&vgnextoid=e6773d0b5e71c010VgnVCM1000000b205a0aRCRD";"Centro Sociocultural García Lorca (Carabanchel)";"1";"CALLE";"EUGENIA DE MONTIJO";"105";"CARABANCHEL";"BUENAVISTA";"28044";"436243";"4469562";"40.374208184505";"-3.7510283910283873";"/contenido/actividades/Musica";""
12788647;"El 47";"";"1";"0";"";"";"2025-06-28 00:00:00.0";"2025-06-28 23:59:00.0";"22:15";"Manolo Vital era un conductor de autobús que se adueñaba del bus de la línea 47 para desmontar una mentira que el Ayuntamiento se empeñaba en repetir: los autobuses no podían subir las cuestas del distrito de Torre Baró. Un acto de rebeldía que demostró ser un catalizador para el cambio, de que las personas se enorgullecen de sus raíces, de una lucha del vecindario, de la clase trabajadora que ayudó a crear la Barcelona moderna de los años 70.";"http://www.madrid.es/sites/v/index.jsp?vgnextchannel=ca9671ee4a9eb410VgnVCM100000171f5a0aRCRD&vgnextoid=ad78502b9db17910VgnVCM1000001d4a900aRCRD";"Actividades en otros espacios en Puente de Vallecas";"http://www.madrid.es/sites/v/index.jsp?vgnextchannel=ca9671ee4a9eb410VgnVCM100000171f5a0aRCRD&vgnextoid=5f4d806f23051910VgnVCM1000001d4a900aRCRD";"";"";"";"";"";"";"";"";"";"";"";"";"";"/contenido/actividades/ActividadesCalleArteUrbano";""
12806459;"El 47";"";"1";"0";"";"";"2025-07-25 00:00:00.0";"2025-07-25 23:59:00.0";"22:15";"";"http://www.madrid.es/sites/v/index.jsp?vgnextchannel=ca9671ee4a9eb410VgnVCM100000171f5a0aRCRD&vgnextoid=752908a9f6787910VgnVCM1000001d4a900aRCRD";"Ciclo Los sábados de cine. Primavera 2025";"http://www.madrid.es/sites/v/index.jsp?vgnextchannel=ca9671ee4a9eb410VgnVCM100000171f5a0aRCRD&vgnextoid=c0de900069495910VgnVCM2000001f4a900aRCRD";"http://www.madrid.es/sites/v/index.jsp?vgnextchannel=bfa48ab43d6bb410VgnVCM100000171f5a0aRCRD&vgnextoid=a395946be351c010VgnVCM2000000c205a0aRCRD";"Centro Cultural Auditorio Parque El Paraíso (San Blas - Canillejas)";"1";"AVENIDA";"ARCENTALES";"4";"SAN BLAS-CANILLEJAS";"HELLIN";"28037";"447225";"4475667";"40.42997621103139";"-3.6221773579444596";"/contenido/actividades/CineActividadesAudiovisuales";""
12806633;"El 47";"";"1";"0";"";"";"2025-07-25 00:00:00.0";"2025-07-25 23:59:00.0";"22:15";"De Marcel Barrena. Con Eduard Fernández, Clara Segura, Zoe Bonafonte. España 2024. 110?.   No recomendada para menores de 7 años.  Manolo Vital era un conductor de autobús que se adueñaba del bus de la línea 47 para desmontar una mentira que el Ayuntamiento se empeñaba en repetir: los autobuses no podían subir las cuestas del distrito de Torre Baró. Un acto de rebeldía que demostró ser un catalizador para el cambio, de que las personas se enorgullecen de sus raíces, de una lucha del vecindario, de la clase trabajadora que ayudó a crear la Barcelona moderna de los años 70.";"http://www.madrid.es/sites/v/index.jsp?vgnextchannel=ca9671ee4a9eb410VgnVCM100000171f5a0aRCRD&vgnextoid=5dbec8aa09787910VgnVCM2000001f4a900aRCRD";"Ciclo Los sábados de cine. Primavera 2025";"http://www.madrid.es/sites/v/index.jsp?vgnextchannel=ca9671ee4a9eb410VgnVCM100000171f5a0aRCRD&vgnextoid=c0de900069495910VgnVCM2000001f4a900aRCRD";"http://www.madrid.es/sites/v/index.jsp?vgnextchannel=bfa48ab43d6bb410VgnVCM100000171f5a0aRCRD&vgnextoid=a395946be351c010VgnVCM2000000c205a0aRCRD";"Centro Cultural Auditorio Parque El Paraíso (San Blas - Canillejas)";"1";"AVENIDA";"ARCENTALES";"4";"SAN BLAS-CANILLEJAS";"HELLIN";"28037";"447225";"4475667";"40.42997621103139";"-3.6221773579444596";"/contenido/actividades/CineActividadesAudiovisuales";""
12809399;"El 47";"";"1";"0";"";"";"2025-08-15 00:00:00.0";"2025-08-15 23:59:00.0";"22:00";"Dirección: Marcel Barrena. Con Eduard Fernández, Clara Segura, Zoe Bonafonte. España 2024. 110?.     Manolo Vital era un conductor de autobús que se adueñó del bus de la línea 47 para desmontar una mentira del Ayuntamiento: los autobuses no podían subir las cuestas del distrito de Torre Baró. Un acto de rebeldía que demostró ser un catalizador para el cambio, una lucha del vecindario, de la clase trabajadora que ayudó a crear la Barcelona moderna de los años 70.     No Recomendada para menores de 7 años.";"http://www.madrid.es/sites/v/index.jsp?vgnextchannel=ca9671ee4a9eb410VgnVCM100000171f5a0aRCRD&vgnextoid=a755e7bbebb97910VgnVCM2000001f4a900aRCRD";"XXIX Festival de cine al aire libre de Ciudad Lineal 2025";"http://www.madrid.es/sites/v/index.jsp?vgnextchannel=ca9671ee4a9eb410VgnVCM100000171f5a0aRCRD&vgnextoid=e0d141fef4a97910VgnVCM1000001d4a900aRCRD";"http://www.madrid.es/sites/v/index.jsp?vgnextchannel=bfa48ab43d6bb410VgnVCM100000171f5a0aRCRD&vgnextoid=598745dbd6891110VgnVCM1000000b205a0aRCRD";"Instalación Deportiva Municipal Básica Parque El Calero";"0";"CALLE";"VIRGEN DE NURIA";"S/N";"CIUDAD LINEAL";"CONCEPCION";"28027";"444643";"4476387";"40.436286671972276";"-3.6526968257803736";"/contenido/actividades/CineActividadesAudiovisuales";""
12805956;"El 47";"";"1";"0";"";"";"2025-08-09 00:00:00.0";"2025-08-09 23:59:00.0";"22:00";"Director. Marcel Barrena    Duración: 110 minutos  Edad recomendada: A partir de 7 años  Sinopsis: Manolo Vital era un conductor de autobús que se adueñaba del bus de la línea 47 para desmontar una mentira que el Ayuntamiento se empeñaba en repetir: los autobuses no podían subir las cuestas del distrito de Torre Baró. Un acto de rebeldía que demostró ser un catalizador para el cambio, de que las personas se enorgullecen de sus raíces, de una lucha del vecindario, de la clase trabajadora que ayudó a crear la Barcelona moderna de los años 70.";"http://www.madrid.es/sites/v/index.jsp?vgnextchannel=ca9671ee4a9eb410VgnVCM100000171f5a0aRCRD&vgnextoid=c2afac9d6e687910VgnVCM2000001f4a900aRCRD";"Cine de verano 2025 en Villa de Vallecas";"http://www.madrid.es/sites/v/index.jsp?vgnextchannel=ca9671ee4a9eb410VgnVCM100000171f5a0aRCRD&vgnextoid=57775720325a6910VgnVCM1000001d4a900aRCRD";"http://www.madrid.es/sites/v/index.jsp?vgnextchannel=bfa48ab43d6bb410VgnVCM100000171f5a0aRCRD&vgnextoid=0dabd0b2571d1610VgnVCM1000001d4a900aRCRD";"Auditorio Municipal al aire libre Lola Camarena";"1";"AVENIDA";"LA GAVIA";"13";"VILLA DE VALLECAS";"ENSANCHE DE VALLECAS";"28051";"448205";"4469500";"40.37447621683769";"-3.6101291550314283";"/contenido/actividades/ActividadesCalleArteUrbano";""
12803576;"El agua en los jardines de El Retiro";"";"1";"0";"";"";"2025-08-07 00:00:00.0";"2025-08-07 23:59:00.0";"20:00";"Hubo un tiempo en el que para pasear por Los Jardines del Buen Retiro no se caminaba, ni usaban patines o bicicletas; sino que reyes y nobleza se desplazaban en pequeñas embarcaciones por estanques y canales. Felipe IV organizó batallas navales llamadas Naumaquias en el estanque del Buen Retiro durante el siglo XVII. Testigos de aquella época nos quedan monumentales fuentes, románticas rías con sus puentes y un gran lago con embarcadero aún en activo. Actividad dirigida a público adulto.  Duración estimada: aproximadamente dos horas.";"http://www.madrid.es/sites/v/index.jsp?vgnextchannel=ca9671ee4a9eb410VgnVCM100000171f5a0aRCRD&vgnextoid=2fa42407bb777910VgnVCM2000001f4a900aRCRD";"Itinerarios guiados a la luz de la luna";"http://www.madrid.es/sites/v/index.jsp?vgnextchannel=ca9671ee4a9eb410VgnVCM100000171f5a0aRCRD&vgnextoid=af532407bb777910VgnVCM2000001f4a900aRCRD";"http://www.madrid.es/sites/v/index.jsp?vgnextchannel=bfa48ab43d6bb410VgnVCM100000171f5a0aRCRD&vgnextoid=796b8193c73c4210VgnVCM1000000b205a0aRCRD";"Centro de Información y Educación Ambiental de El Huerto de El Retiro";"1";"PASEO";"FERNAN NUÑEZ";"2";"RETIRO";"LOS JERONIMOS";"28009";"441779";"4473428";"40.40943503279114";"-3.6861797800993257";"";""
12804339;"El Arca de Noé";"";"1";"0";"";"";"2025-07-03 00:00:00.0";"2025-07-03 23:59:00.0";"22:00";"Duración: 94 min.  Dirección: Sergio Machado, Rene Veilleux.  Sinopsis: Dos ratones: Vini, un carismático poeta con un terrible miedo escénico, y Tito, un talentoso y encantador guitarrista. Cuando llega el diluvio, solo se permite que un macho y una hembra de cada especie suban al Arca de Noé. Con la ayuda de una ingeniosa cucaracha y buena suerte, Vini y Tito se cuelan en el Arca y juntos intentarán evitar el enfrentamiento entre carnívoros y herbívoros. ¿Podrán estos talentosos polizones usar la música para romper la tensión y ayudar a todas las especies a convivir sin comerse unos a otros durante 40 días y 40 noches?.  Público: todos los públicos.  Entrada libre hasta completar aforo.";"http://www.madrid.es/sites/v/index.jsp?vgnextchannel=ca9671ee4a9eb410VgnVCM100000171f5a0aRCRD&vgnextoid=4c49240b69c77910VgnVCM1000001d4a900aRCRD";"Verano de cine Retiro 2025";"http://www.madrid.es/sites/v/index.jsp?vgnextchannel=ca9671ee4a9eb410VgnVCM100000171f5a0aRCRD&vgnextoid=cdac62ae0c4a1810VgnVCM1000001d4a900aRCRD";"http://www.madrid.es/sites/v/index.jsp?vgnextchannel=bfa48ab43d6bb410VgnVCM100000171f5a0aRCRD&vgnextoid=cdbeb77bb6884610VgnVCM1000001d4a900aRCRD";"Plaza de Daoíz y Velarde";"1";"PLAZA";"DAOIZ Y VELARDE";"2";"RETIRO";"PACIFICO";"28007";"442527";"4472618";"40.402190438836826";"-3.6772826298329093";"/contenido/actividades/CineActividadesAudiovisuales";""
12804657;"El arca de Noe (2024) dirigido por Sergio Machado y Alois Di Leo";"";"0";"0";"";"";"2025-08-29 00:00:00.0";"2025-08-29 23:59:00.0";"22:00";"Dos ratones: Vini, un carismático poeta con un terrible miedo escénico, y Tito, un talentoso y encantador guitarrista. Cuando llega el diluvio, solo se permite que un macho y una hembra de cada especie suban al Arca de Noé. Con la ayuda de una ingeniosa cucaracha y buena suerte, Vini y Tito se cuelan en el Arca y juntos intentarán evitar el enfrentamiento entre carnívoros y herbívoros.  Lugar: Instalación Mercadillo c/ del Gorrión (Vicente Quesada, 11)  Género: Animación   Edad recomendada: apta para todos los públicos y distintivo especialmente recomendada para la infancia    Duración: 94 minutos";"http://www.madrid.es/sites/v/index.jsp?vgnextchannel=ca9671ee4a9eb410VgnVCM100000171f5a0aRCRD&vgnextoid=a33358fa23d77910VgnVCM2000001f4a900aRCRD";"Cine de verano 2025 en Carabanchel";"http://www.madrid.es/sites/v/index.jsp?vgnextchannel=ca9671ee4a9eb410VgnVCM100000171f5a0aRCRD&vgnextoid=e8a2cd0e24b76910VgnVCM1000001d4a900aRCRD";"";"";"";"";"";"";"";"";"";"";"";"";"";"/contenido/actividades/CineActividadesAudiovisuales";"/usuario/Niños"
12804798;"El Arte de ser Comediante";"";"1";"0";"";"";"2025-06-28 00:00:00.0";"2025-06-28 23:59:00.0";"22:00";"Cía. Teatro A Bocajarro (Madrid)   Dirección y dramaturgia: Laura Garmo y Nacho León     La obra nos presenta a una pequeña compañía de teatro clásico, que es la encargada de realizar las visitas guiadas al Corral de Comedias, pero deciden rebelarse y tener por fin su momento de gloria, haciéndose dueños de las tablas. El Siglo de Oro irá apoderándose de ellos, hasta convertirles en auténticos Comediantes.    El espectáculo es un homenaje a la profesión de cómico, tiene un fin didáctico y lúdico. La música en directo, el humor y la participación del público, son los ejes motores.     Duración: 75 minutos";"http://www.madrid.es/sites/v/index.jsp?vgnextchannel=ca9671ee4a9eb410VgnVCM100000171f5a0aRCRD&vgnextoid=9348082228d77910VgnVCM1000001d4a900aRCRD";"";"";"http://www.madrid.es/sites/v/index.jsp?vgnextchannel=bfa48ab43d6bb410VgnVCM100000171f5a0aRCRD&vgnextoid=209aa0ae12cc9710VgnVCM2000001f4a900aRCRD";"Escuela municipal de música Ciudad Lineal";"2";"CALLE";"DALIA";"4";"CIUDAD LINEAL";"COSTILLARES";"28033";"443498";"4481190";"40.47948371546377";"-3.6666068980576436";"/contenido/actividades/TeatroPerformance/Clasico";"/usuario/Jovenes,/usuario/Familias,/usuario/Mayores"
12800027;"El banquete de boda";"";"0";"0";"";"";"2025-06-25 00:00:00.0";"2025-06-25 23:59:00.0";"20:00";"Simon y Wai-Tung son dos gays que viven juntos en Manhattan. Para disipar las sospechas de los padres de Wai-Tung, Simon sugiere que organice una boda de conveniencia con Wei-Wei, una joven inmigrante que necesita la carta verde de inmigración para poder permanecer en los Estados Unidos. Pero cuando los padres de Wai-Tung llegan a Nueva York insisten en organizar el banquete, lo que traerá muchas complicaciones.  No recomendada para menores de 18 años";"http://www.madrid.es/sites/v/index.jsp?vgnextchannel=ca9671ee4a9eb410VgnVCM100000171f5a0aRCRD&vgnextoid=09faba98e7957910VgnVCM1000001d4a900aRCRD";"";"";"http://www.madrid.es/sites/v/index.jsp?vgnextchannel=bfa48ab43d6bb410VgnVCM100000171f5a0aRCRD&vgnextoid=2dbd1fe44c5ee310VgnVCM2000000c205a0aRCRD";"Cineteca Madrid";"1";"PLAZA";"LEGAZPI";"8";"ARGANZUELA";"CHOPERA";"28045";"440946";"4471422";"40.39130985242181";"-3.6958028442054074";"/contenido/actividades/ProgramacionDestacadaAgendaCultura";""
12501926;"El barbero de Picasso";"";"0";"1";"M,X,J,V,S,D";"";"2025-06-05 00:00:00.0";"2025-07-20 23:59:00.0";"";"";"http://www.madrid.es/sites/v/index.jsp?vgnextchannel=ca9671ee4a9eb410VgnVCM100000171f5a0aRCRD&vgnextoid=545ee589437c1910VgnVCM1000001d4a900aRCRD";"El barbero de Picasso";"http://www.madrid.es/sites/v/index.jsp?vgnextchannel=ca9671ee4a9eb410VgnVCM100000171f5a0aRCRD&vgnextoid=b85ee589437c1910VgnVCM1000001d4a900aRCRD";"http://www.madrid.es/sites/v/index.jsp?vgnextchannel=bfa48ab43d6bb410VgnVCM100000171f5a0aRCRD&vgnextoid=6d3ce3914381c010VgnVCM1000000b205a0aRCRD";"Teatro Español";"1,6";"CALLE";"PRINCIPE";"25";"CENTRO";"CORTES";"28012";"440597";"4474036";"40.414828532240946";"-3.700164949543688";"/contenido/actividades/TeatroPerformance";""
12783233;"El brujito de Gulugú - El retablo de la ventana (Castilla La Mancha)";"";"1";"1";"L,M,X,J,V,S,D";"";"2025-08-09 00:00:00.0";"2025-08-10 23:59:00.0";"20:00";"";"http://www.madrid.es/sites/v/index.jsp?vgnextchannel=ca9671ee4a9eb410VgnVCM100000171f5a0aRCRD&vgnextoid=748a51b88fcf6910VgnVCM2000001f4a900aRCRD";"";"";"http://www.madrid.es/sites/v/index.jsp?vgnextchannel=bfa48ab43d6bb410VgnVCM100000171f5a0aRCRD&vgnextoid=784d8c7c0f91f010VgnVCM1000000b205a0aRCRD";"Teatro Municipal de Títeres. Parque de El Retiro";"1";"AVENIDA";"MÉXICO";"4";"RETIRO";"LOS JERÓNIMOS";"28009";"441748";"4474466";"40.41878362561595";"-3.6866519471003647";"/contenido/actividades/CuentacuentosTiteresMarionetas";"/usuario/Niños"
12804921;"El bus de la vida (2024) dirigido por Ibon Cormenzana";"";"0";"0";"";"";"2025-08-30 00:00:00.0";"2025-08-30 23:59:00.0";"22:00";"Andrés (Dani Rovira) viaja a un pueblo del País Vasco para trabajar como profesor de música. El primer día de clase sufre un fuerte pitido en el oído: es cáncer. Para recibir tratamiento debe desplazarse al hospital de Bilbao en 'El bus de la vida', un viejo autocar conducido por Mai (Susana Abaitua), que traslada gratuitamente a todos los pacientes de la zona. Gracias a las risas, confidencias y experiencias musicales compartidas con sus compañeros de viaje, Andrés irá obteniendo la fuerza necesaria para enfrentarse a sus miedos y llegar a cumplir el sueño de subirse a un escenario. 'El bus de la vida' está inspirada en una historia real.  Género: Comedia musical  Edad Recomendada: No recomendada para menores de 12 años  Duración: 98 minutos";"http://www.madrid.es/sites/v/index.jsp?vgnextchannel=ca9671ee4a9eb410VgnVCM100000171f5a0aRCRD&vgnextoid=3023aa6368d77910VgnVCM2000001f4a900aRCRD";"Cine de verano 2025 en Carabanchel";"http://www.madrid.es/sites/v/index.jsp?vgnextchannel=ca9671ee4a9eb410VgnVCM100000171f5a0aRCRD&vgnextoid=e8a2cd0e24b76910VgnVCM1000001d4a900aRCRD";"http://www.madrid.es/sites/v/index.jsp?vgnextchannel=bfa48ab43d6bb410VgnVCM100000171f5a0aRCRD&vgnextoid=7cfaa531dcf9e210VgnVCM2000000c205a0aRCRD";"Parque de Salvador Allende";"2";"CALLE";"SALVADOR ALLENDE";"3";"CARABANCHEL";"BUENAVISTA";"28054";"435693";"4468472";"40.364341448699825";"-3.757402071835875";"/contenido/actividades/CineActividadesAudiovisuales";""
12804781;"El Celoso";"";"1";"0";"";"";"2025-06-26 00:00:00.0";"2025-06-26 23:59:00.0";"22:00";"Cía. Factoría Teatro (Madrid)   Dirección y dramaturgia: Gonzala Martín Scherman   Basada en El Celoso Extremeño de Cervantes.     El Celoso narra la vida de Carrizales, un extremeño vividor que gasta el patrimonio familiar y parte a las Indias para amasar fortuna. Años después regresa a España rico y viejo, y decide casarse con la jovencísima Leonora para tener herederos. Ahí se disparan sus celos patológicos que le llevarán a controlar todo cuanto se mueve a su alrededor.    Se incluyen algunas notas de actualidad en la parte musical, sorprendentes y divertidas.     Duración: 65 minutos";"http://www.madrid.es/sites/v/index.jsp?vgnextchannel=ca9671ee4a9eb410VgnVCM100000171f5a0aRCRD&vgnextoid=e5d6c319a1d77910VgnVCM1000001d4a900aRCRD";"";"";"http://www.madrid.es/sites/v/index.jsp?vgnextchannel=bfa48ab43d6bb410VgnVCM100000171f5a0aRCRD&vgnextoid=209aa0ae12cc9710VgnVCM2000001f4a900aRCRD";"Escuela municipal de música Ciudad Lineal";"2";"CALLE";"DALIA";"4";"CIUDAD LINEAL";"COSTILLARES";"28033";"443498";"4481190";"40.47948371546377";"-3.6666068980576436";"/contenido/actividades/TeatroPerformance/Clasico";"/usuario/Jovenes,/usuario/Familias,/usuario/Mayores"
12809356;"El chico y la garza";"";"1";"0";"";"";"2025-08-02 00:00:00.0";"2025-08-02 23:59:00.0";"22:00";"Dirección: Hayao Miyazaki.  Animación. Japón 2023. 124?.     Mahito, un joven de 12 años, lucha por asentarse en una nueva ciudad tras la muerte de su madre. Sin embargo, cuando una garza parlante informa a Mahito de que su madre sigue viva, entra en una torre abandonada en su busca, lo que le lleva a otro mundo.     Apta para todos los públicos.";"http://www.madrid.es/sites/v/index.jsp?vgnextchannel=ca9671ee4a9eb410VgnVCM100000171f5a0aRCRD&vgnextoid=d013e7bbebb97910VgnVCM2000001f4a900aRCRD";"XXIX Festival de cine al aire libre de Ciudad Lineal 2025";"http://www.madrid.es/sites/v/index.jsp?vgnextchannel=ca9671ee4a9eb410VgnVCM100000171f5a0aRCRD&vgnextoid=e0d141fef4a97910VgnVCM1000001d4a900aRCRD";"http://www.madrid.es/sites/v/index.jsp?vgnextchannel=bfa48ab43d6bb410VgnVCM100000171f5a0aRCRD&vgnextoid=598745dbd6891110VgnVCM1000000b205a0aRCRD";"Instalación Deportiva Municipal Básica Parque El Calero";"0";"CALLE";"VIRGEN DE NURIA";"S/N";"CIUDAD LINEAL";"CONCEPCION";"28027";"444643";"4476387";"40.436286671972276";"-3.6526968257803736";"/contenido/actividades/CineActividadesAudiovisuales";""
12811648;"El chico y la garza";"";"1";"0";"";"";"2025-07-04 00:00:00.0";"2025-07-04 23:59:00.0";"22:00";"Lugar: Avenida de Juan Antonio Samaranch, 1  Todos los públicos. 2023.";"http://www.madrid.es/sites/v/index.jsp?vgnextchannel=ca9671ee4a9eb410VgnVCM100000171f5a0aRCRD&vgnextoid=31a60739f86a7910VgnVCM1000001d4a900aRCRD";"Cine de verano en Hortaleza";"http://www.madrid.es/sites/v/index.jsp?vgnextchannel=ca9671ee4a9eb410VgnVCM100000171f5a0aRCRD&vgnextoid=26306c93646a7910VgnVCM1000001d4a900aRCRD";"";"";"";"";"";"";"";"";"";"";"";"";"";"/contenido/actividades/ActividadesCalleArteUrbano";"/usuario/Niños,/usuario/Familias"
12804784;"El Cid";"";"1";"0";"";"";"2025-06-27 00:00:00.0";"2025-06-27 23:59:00.0";"22:00";"Cía. Antonio Campos (Albacete)   Dirección: Lluis Elías   Dramaturgia: Antonio Campos   Música en directo: La Musgaña     Ruy, Rodrigo Díaz, El de Vivar, El Cid, Sidi, El campeador, el buen vasallo, el que en buena hora ciñó espada, el de los mil nombres, el de los mil rostros, ya que cada uno se imagina al Cid de una manera. Y quien mejor nos pueden contar su historia son los habitantes de Vivar, los morocisleños, aquellos contemporáneos del Cid, los sin nombre.    Esta es la historia del Cid contada a través de sus hermanos, de los que desde que nació hasta que murió no se separaron de su Señor.     Duración: 85 minutos";"http://www.madrid.es/sites/v/index.jsp?vgnextchannel=ca9671ee4a9eb410VgnVCM100000171f5a0aRCRD&vgnextoid=0847c319a1d77910VgnVCM1000001d4a900aRCRD";"";"";"http://www.madrid.es/sites/v/index.jsp?vgnextchannel=bfa48ab43d6bb410VgnVCM100000171f5a0aRCRD&vgnextoid=209aa0ae12cc9710VgnVCM2000001f4a900aRCRD";"Escuela municipal de música Ciudad Lineal";"2";"CALLE";"DALIA";"4";"CIUDAD LINEAL";"COSTILLARES";"28033";"443498";"4481190";"40.47948371546377";"-3.6666068980576436";"/contenido/actividades/TeatroPerformance/Clasico";"/usuario/Jovenes,/usuario/Familias,/usuario/Mayores"
12801195;"El despertar";"";"1";"0";"";"";"2025-06-29 00:00:00.0";"2025-06-29 23:59:00.0";"19:00";"";"http://www.madrid.es/sites/v/index.jsp?vgnextchannel=ca9671ee4a9eb410VgnVCM100000171f5a0aRCRD&vgnextoid=5c239b5c5ce57910VgnVCM1000001d4a900aRCRD";"";"";"http://www.madrid.es/sites/v/index.jsp?vgnextchannel=bfa48ab43d6bb410VgnVCM100000171f5a0aRCRD&vgnextoid=35e53d0b5e71c010VgnVCM1000000b205a0aRCRD";"Centro Cultural Casa de Vacas (Retiro)";"1";"PASEO";"COLOMBIA";"1";"RETIRO";"LOS JERONIMOS";"28009";"441967";"4474495";"40.41906571939961";"-3.684053112760816";"/contenido/actividades/TeatroPerformance";""
12804367;"El especialista";"";"1";"0";"";"";"2025-08-21 00:00:00.0";"2025-08-21 23:59:00.0";"22:00";"Duración: 125 min.  Dirección: David Leitch.  Sinopsis: Es doble de acción y, como todo el mundo en la comunidad de dobles de acción, explota, recibe disparos, se estrella, atraviesa ventanas y cae desde las mayores alturas, todo para nuestro entretenimiento. Y ahora, recién salido de un accidente que casi acaba con su carrera, este héroe de clase trabajadora tiene que localizar a una estrella de cine desaparecida, resolver una conspiración e intentar recuperar al amor de su vida sin dejar de hacer su trabajo diario. ¿Qué podría salir bien?.  Público: mayor de 12 años.  Entrada libre hasta completar aforo.";"http://www.madrid.es/sites/v/index.jsp?vgnextchannel=ca9671ee4a9eb410VgnVCM100000171f5a0aRCRD&vgnextoid=7d3b240b69c77910VgnVCM1000001d4a900aRCRD";"Verano de cine Retiro 2025";"http://www.madrid.es/sites/v/index.jsp?vgnextchannel=ca9671ee4a9eb410VgnVCM100000171f5a0aRCRD&vgnextoid=cdac62ae0c4a1810VgnVCM1000001d4a900aRCRD";"http://www.madrid.es/sites/v/index.jsp?vgnextchannel=bfa48ab43d6bb410VgnVCM100000171f5a0aRCRD&vgnextoid=cdbeb77bb6884610VgnVCM1000001d4a900aRCRD";"Plaza de Daoíz y Velarde";"1";"PLAZA";"DAOIZ Y VELARDE";"2";"RETIRO";"PACIFICO";"28007";"442527";"4472618";"40.402190438836826";"-3.6772826298329093";"/contenido/actividades/CineActividadesAudiovisuales";""
12811739;"El favor";"";"1";"0";"";"";"2025-07-18 00:00:00.0";"2025-07-18 23:59:00.0";"22:00";"Mayores de 12 años. 2023.";"http://www.madrid.es/sites/v/index.jsp?vgnextchannel=ca9671ee4a9eb410VgnVCM100000171f5a0aRCRD&vgnextoid=92ace93d7d6a7910VgnVCM1000001d4a900aRCRD";"Cine de verano en Hortaleza";"http://www.madrid.es/sites/v/index.jsp?vgnextchannel=ca9671ee4a9eb410VgnVCM100000171f5a0aRCRD&vgnextoid=26306c93646a7910VgnVCM1000001d4a900aRCRD";"http://www.madrid.es/sites/v/index.jsp?vgnextchannel=bfa48ab43d6bb410VgnVCM100000171f5a0aRCRD&vgnextoid=66d84eb3b28de210VgnVCM1000000b205a0aRCRD";"Parque de Villa Rosa-Paco Caño";"2";"CALLE";"ACONCAGUA";"2";"HORTALEZA";"CANILLAS";"28043";"446458";"4479969";"40.468674190501815";"-3.631588640594873";"/contenido/actividades/ActividadesCalleArteUrbano";""
12783931;"El hombre que rie";"";"1";"0";"";"";"2025-06-26 00:00:00.0";"2025-06-26 23:59:00.0";"19:00";"Director: PAUL LENI  País: EE.UU. Año: 1928 Duración: 110 m. Género: drama Reparto: Conrad Veidt, Mary Philbin, Olga Baclanova, Cesare Gravina, Julius Molnar, Brandon Hurst.  Queriéndose vengar de Lord Clancharlie, El Rey Jacobo II ordena la muerte y el secuestro de su hijo. Como venganza contra su padre, el niño es secuestrado y deformado su rostro quedándole una sonrisa monstruosa.   Explicación inicial sobre la significación de la película a cargo de José Manuel Tenorio   y al terminar se celebrará un gran coloquio.   Acompañamiento de piano en directo a cargo de Juan Camilo Vásquez.";"http://www.madrid.es/sites/v/index.jsp?vgnextchannel=ca9671ee4a9eb410VgnVCM100000171f5a0aRCRD&vgnextoid=e275b030b8b07910VgnVCM2000001f4a900aRCRD";"Ciclo de cine mudo con piano en vivo en Arganzuela";"http://www.madrid.es/sites/v/index.jsp?vgnextchannel=ca9671ee4a9eb410VgnVCM100000171f5a0aRCRD&vgnextoid=0b6ac72ef37c5910VgnVCM2000001f4a900aRCRD";"http://www.madrid.es/sites/v/index.jsp?vgnextchannel=bfa48ab43d6bb410VgnVCM100000171f5a0aRCRD&vgnextoid=f9ea79262ef5d010VgnVCM1000000b205a0aRCRD";"Centro Dotacional Integrado Arganzuela Ángel del Río";"1";"CALLE";"CANARIAS";"17";"ARGANZUELA";"PALOS DE LA FRONTERA";"28045";"440986";"4472656";"40.40242416544921";"-3.6954440062549017";"/contenido/actividades/CineActividadesAudiovisuales";""
12763096;"El hotel de los líos. García y García 2 (2023) por Ana Murugarren y Violeta Trincado";"";"0";"0";"";"";"2025-07-04 00:00:00.0";"2025-07-04 23:59:00.0";"22:00";"Tras hacerse cargo de un hotelito destartalado, comprado por error en una subasta por un precio desorbitado, los dos Javier García viven una nueva aventura, ayudados esta vez, muy a su pesar, por un grupo de niños superdotados que se alojan en el hotel para asistir a la Final Nacional de Talentos. Junto a su explosiva profe, Martina, los niños se enfrentarán al mafioso Benito Camarena.  Lugar: Instalación Mercadillo c/ del Gorrión (Vicente Quesada, 11)  Género: Comedia, Cine español   Edad recomendada: Apta para todos los públicos  Duración: 90 minutos";"http://www.madrid.es/sites/v/index.jsp?vgnextchannel=ca9671ee4a9eb410VgnVCM100000171f5a0aRCRD&vgnextoid=c98ffa9f39b76910VgnVCM2000001f4a900aRCRD";"Cine de verano 2025 en Carabanchel";"http://www.madrid.es/sites/v/index.jsp?vgnextchannel=ca9671ee4a9eb410VgnVCM100000171f5a0aRCRD&vgnextoid=e8a2cd0e24b76910VgnVCM1000001d4a900aRCRD";"";"";"";"";"";"";"";"";"";"";"";"";"";"/contenido/actividades/CineActividadesAudiovisuales";""
12805751;"El imperio";"";"0";"0";"";"";"2025-09-27 00:00:00.0";"2025-09-27 23:59:00.0";"20:00";"";"http://www.madrid.es/sites/v/index.jsp?vgnextchannel=ca9671ee4a9eb410VgnVCM100000171f5a0aRCRD&vgnextoid=f05de5173c287910VgnVCM2000001f4a900aRCRD";"";"";"http://www.madrid.es/sites/v/index.jsp?vgnextchannel=bfa48ab43d6bb410VgnVCM100000171f5a0aRCRD&vgnextoid=2dbd1fe44c5ee310VgnVCM2000000c205a0aRCRD";"Cineteca Madrid";"1";"PLAZA";"LEGAZPI";"8";"ARGANZUELA";"CHOPERA";"28045";"440946";"4471422";"40.39130985242181";"-3.6958028442054074";"/contenido/actividades/ProgramacionDestacadaAgendaCultura";""
12804888;"El imperio";"";"0";"0";"";"";"2025-09-26 00:00:00.0";"2025-09-26 23:59:00.0";"19:30";"";"http://www.madrid.es/sites/v/index.jsp?vgnextchannel=ca9671ee4a9eb410VgnVCM100000171f5a0aRCRD&vgnextoid=599e082228d77910VgnVCM1000001d4a900aRCRD";"";"";"http://www.madrid.es/sites/v/index.jsp?vgnextchannel=bfa48ab43d6bb410VgnVCM100000171f5a0aRCRD&vgnextoid=2dbd1fe44c5ee310VgnVCM2000000c205a0aRCRD";"Cineteca Madrid";"1";"PLAZA";"LEGAZPI";"8";"ARGANZUELA";"CHOPERA";"28045";"440946";"4471422";"40.39130985242181";"-3.6958028442054074";"/contenido/actividades/ProgramacionDestacadaAgendaCultura";""
12805752;"El imperio";"";"0";"0";"";"";"2025-09-28 00:00:00.0";"2025-09-28 23:59:00.0";"20:00";"";"http://www.madrid.es/sites/v/index.jsp?vgnextchannel=ca9671ee4a9eb410VgnVCM100000171f5a0aRCRD&vgnextoid=426de5173c287910VgnVCM2000001f4a900aRCRD";"";"";"http://www.madrid.es/sites/v/index.jsp?vgnextchannel=bfa48ab43d6bb410VgnVCM100000171f5a0aRCRD&vgnextoid=2dbd1fe44c5ee310VgnVCM2000000c205a0aRCRD";"Cineteca Madrid";"1";"PLAZA";"LEGAZPI";"8";"ARGANZUELA";"CHOPERA";"28045";"440946";"4471422";"40.39130985242181";"-3.6958028442054074";"/contenido/actividades/ProgramacionDestacadaAgendaCultura";""
12804861;"El incinerador de cadáveres";"";"0";"0";"";"";"2025-09-25 00:00:00.0";"2025-09-25 23:59:00.0";"19:00";"El director de un crematorio, claramente trastornado, tiene la creencia de que la incineración purifica y alivia el sufrimiento terrenal. Con un poco de ayuda de las autoridades, decide asesinar a aquellos individuos que merecen el descanso eterno.  &amp;gt; No recomendada para menores de 18 años  ?  De padres judíos, Juraj Herz (1934 ? 2018) fue superviviente del Holocausto en el campo de concentración de Ravensbrück. Tras cursar estudios secundarios en Bratislava, estudió fotografía en la Universidad de Artes Aplicadas de la ciudad, y posteriormente dirección y marionetas en la Facultad de Teatro de la Academia de Artes Escénicas de Praga (DAMU) junto a Jan ?vankmajer. Tras finalizar sus estudios, permaneció en Praga para trabajar en el Teatro Semafor y en los Estudios Barrandov. Herz fue un director de cine autodidacta. Su primera experiencia en el cine fue como director de segunda unidad a las órdenes de Zbyn?k Brynych (Transporte desde el paraíso, 1962) y Ján Kadár (La tienda en la calle Mayor, 1965). Debido a que había asistido a la DAMU y no a su escuela de cine hermana, la FAMU, Herz no formó parte inicialmente del núcleo de directores que formarían la Nueva Ola Checoslovaca. Herz saltó a la fama con su película de 1969, El incinerador de cadáveres, basada en una novela de Ladislav Fuks y protagonizada por el actor checo Rudolf Hru?ínský en el papel de un demente encargado de un crematorio que colabora con los nazis durante la Segunda Guerra Mundial. En 1972, ganó el premio a la mejor película, actor y fotografía en el Festival de Cine de Sitges. Inmediatamente prohibida por los censores comunistas tras su estreno, El incinerador de cadáveres no volvió a verse en Checoslovaquia hasta después de la Revolución de Terciopelo de 1989, pero alcanzó una amplia aclamación internacional y un estatus de culto. Juraj Herz fue conocido sobre todo por su trabajo en el cine de terror, género poco transitado por el resto de directores checoslovacos durante el periodo comunista. Entre sus otros filmes de terror se incluyen el drama de asesinatos Morgiana, de 1972, y una reinterpretación gótica del cuento de hadas La Bella y la Bestia (Panna a Netvor), de 1978. Herz emigró a Alemania en 1987. Sus últimas películas importantes fueron el thriller paranormal Darkness (T.M.A., 2009) y Habermann (2010), un drama bélico sobre la expulsión de alemanes de Checoslovaquia tras la Segunda Guerra Mundial.   Premios y festivales Sitges 1972 - Mejor película, actor y fotografía   Idioma: V.O.S.E.    Formato: Archivo Digital.";"http://www.madrid.es/sites/v/index.jsp?vgnextchannel=ca9671ee4a9eb410VgnVCM100000171f5a0aRCRD&vgnextoid=0b7d082228d77910VgnVCM1000001d4a900aRCRD";"";"";"http://www.madrid.es/sites/v/index.jsp?vgnextchannel=bfa48ab43d6bb410VgnVCM100000171f5a0aRCRD&vgnextoid=2dbd1fe44c5ee310VgnVCM2000000c205a0aRCRD";"Cineteca Madrid";"1";"PLAZA";"LEGAZPI";"8";"ARGANZUELA";"CHOPERA";"28045";"440946";"4471422";"40.39130985242181";"-3.6958028442054074";"/contenido/actividades/ProgramacionDestacadaAgendaCultura";""
12804340;"El maestro que prometió el mar";"";"1";"0";"";"";"2025-07-10 00:00:00.0";"2025-07-10 23:59:00.0";"22:00";"Duración: 105 min.  Dirección: Patricia Font.  Sinopsis: Ariadna (Laia Costa) descubre que su abuelo busca desde hace tiempo los restos de su padre, desaparecido en la Guerra Civil. Decidida a ayudarlo, viaja a Burgos, donde están exhumando una fosa común en la que podría estar enterrado. Durante su estancia allí, conocerá la historia de Antoni Benaiges (Enric Auquer), un joven maestro de Tarragona que antes de la guerra fue profesor de su abuelo. Mediante un innovador método pedagógico Antoni inspiró a sus alumnos y les hizo una promesa: llevarlos a ver el mar.  Público: mayor de 12 años.  Entrada libre hasta completar aforo.";"http://www.madrid.es/sites/v/index.jsp?vgnextchannel=ca9671ee4a9eb410VgnVCM100000171f5a0aRCRD&vgnextoid=9189240b69c77910VgnVCM1000001d4a900aRCRD";"Verano de cine Retiro 2025";"http://www.madrid.es/sites/v/index.jsp?vgnextchannel=ca9671ee4a9eb410VgnVCM100000171f5a0aRCRD&vgnextoid=cdac62ae0c4a1810VgnVCM1000001d4a900aRCRD";"http://www.madrid.es/sites/v/index.jsp?vgnextchannel=bfa48ab43d6bb410VgnVCM100000171f5a0aRCRD&vgnextoid=cdbeb77bb6884610VgnVCM1000001d4a900aRCRD";"Plaza de Daoíz y Velarde";"1";"PLAZA";"DAOIZ Y VELARDE";"2";"RETIRO";"PACIFICO";"28007";"442527";"4472618";"40.402190438836826";"-3.6772826298329093";"/contenido/actividades/CineActividadesAudiovisuales";""
12809378;"El maestro que prometió el mar";"";"1";"0";"";"";"2025-08-08 00:00:00.0";"2025-08-08 23:59:00.0";"22:00";"Dirección: Patricia Font.  Con Enric Auquer, Lala Costa, Luisa Gavasa.  España 2023. 105'.       Ariadna descubre que su abuelo busca desde hace tiempo los restos de su padre, desaparecido en la Guerra Civil. Decidida a ayudarlo, viaja a Burgos, donde están exhumando una fosa común en la que podría estar enterrado. Durante su estancia allí, conocerá la historia de Antoni, un joven maestro de Tarragona que antes de la guerra fue profesor de su abuelo.     No recomendada para menores de 12 años.";"http://www.madrid.es/sites/v/index.jsp?vgnextchannel=ca9671ee4a9eb410VgnVCM100000171f5a0aRCRD&vgnextoid=93d3e7bbebb97910VgnVCM2000001f4a900aRCRD";"XXIX Festival de cine al aire libre de Ciudad Lineal 2025";"http://www.madrid.es/sites/v/index.jsp?vgnextchannel=ca9671ee4a9eb410VgnVCM100000171f5a0aRCRD&vgnextoid=e0d141fef4a97910VgnVCM1000001d4a900aRCRD";"http://www.madrid.es/sites/v/index.jsp?vgnextchannel=bfa48ab43d6bb410VgnVCM100000171f5a0aRCRD&vgnextoid=598745dbd6891110VgnVCM1000000b205a0aRCRD";"Instalación Deportiva Municipal Básica Parque El Calero";"0";"CALLE";"VIRGEN DE NURIA";"S/N";"CIUDAD LINEAL";"CONCEPCION";"28027";"444643";"4476387";"40.436286671972276";"-3.6526968257803736";"/contenido/actividades/CineActividadesAudiovisuales";""
12800090;"El Mago de Oz";"";"0";"0";"";"";"2025-08-31 00:00:00.0";"2025-08-31 23:59:00.0";"";"";"http://www.madrid.es/sites/v/index.jsp?vgnextchannel=ca9671ee4a9eb410VgnVCM100000171f5a0aRCRD&vgnextoid=4822ba98e7957910VgnVCM1000001d4a900aRCRD";"";"";"http://www.madrid.es/sites/v/index.jsp?vgnextchannel=bfa48ab43d6bb410VgnVCM100000171f5a0aRCRD&vgnextoid=784d8c7c0f91f010VgnVCM1000000b205a0aRCRD";"Teatro Municipal de Títeres. Parque de El Retiro";"1";"AVENIDA";"MÉXICO";"4";"RETIRO";"LOS JERÓNIMOS";"28009";"441748";"4474466";"40.41878362561595";"-3.6866519471003647";"/contenido/actividades/CuentacuentosTiteresMarionetas";"/usuario/Niños,/usuario/Familias"
12808377;"El mensaje de una mirada";"";"1";"1";"L,M,X,J,V,S,D";"";"2025-09-01 00:00:00.0";"2025-10-31 23:59:00.0";"";"Exposición de pintura de Carlos Losa Revuelta";"http://www.madrid.es/sites/v/index.jsp?vgnextchannel=ca9671ee4a9eb410VgnVCM100000171f5a0aRCRD&vgnextoid=382a5df87ec87910VgnVCM1000001d4a900aRCRD";"Actividades en el Centro Cultural Ciudad Pegaso";"http://www.madrid.es/sites/v/index.jsp?vgnextchannel=ca9671ee4a9eb410VgnVCM100000171f5a0aRCRD&vgnextoid=f75970db6da41910VgnVCM2000001f4a900aRCRD";"http://www.madrid.es/sites/v/index.jsp?vgnextchannel=bfa48ab43d6bb410VgnVCM100000171f5a0aRCRD&vgnextoid=07f63190712b1110VgnVCM1000000b205a0aRCRD";"Centro Cultural Ciudad Pegaso (San Blas - Canillejas)";"1";"AVENIDA";"SEPTIMA";"11";"SAN BLAS-CANILLEJAS";"REJAS";"28022";"449281";"4477704";"40.44844757572015";"-3.598099871155595";"/contenido/actividades/Exposiciones";""
12808455;"El método Williams";"";"1";"0";"";"";"2025-09-06 00:00:00.0";"2025-09-06 23:59:00.0";"22:00";"";"http://www.madrid.es/sites/v/index.jsp?vgnextchannel=ca9671ee4a9eb410VgnVCM100000171f5a0aRCRD&vgnextoid=ef765be49cc87910VgnVCM2000001f4a900aRCRD";"Cine de verano en Moratalaz";"http://www.madrid.es/sites/v/index.jsp?vgnextchannel=ca9671ee4a9eb410VgnVCM100000171f5a0aRCRD&vgnextoid=6ba253804e037910VgnVCM2000001f4a900aRCRD";"http://www.madrid.es/sites/v/index.jsp?vgnextchannel=bfa48ab43d6bb410VgnVCM100000171f5a0aRCRD&vgnextoid=8c86e2704a07e210VgnVCM1000000b205a0aRCRD";"Parque de la Cuña Verde de O´Donnell";"2";"CALLE";"FUENTE CARRANTONA";"61";"MORATALAZ";"MARROQUINA";"28030";"446635";"4473699";"40.41220177650095";"-3.628985975935673";"";""
12790988;"El patito diferente";"";"1";"0";"";"";"2025-06-28 00:00:00.0";"2025-06-28 23:59:00.0";"12:30";"Una entrañable adaptación del cuento de El Patito Feo que aborda de forma divertida y conmovedora temas como la igualdad, los prejuicios y la tolerancia. Con la ayuda de títeres de gomaespuma gigantes, muñecos de tamaño real y los artistas en escena, se da vida a una historia que conecta tanto con peques como con personas adultas.";"http://www.madrid.es/sites/v/index.jsp?vgnextchannel=ca9671ee4a9eb410VgnVCM100000171f5a0aRCRD&vgnextoid=8072e1efbc027910VgnVCM2000001f4a900aRCRD";"Sábados en familia";"http://www.madrid.es/sites/v/index.jsp?vgnextchannel=ca9671ee4a9eb410VgnVCM100000171f5a0aRCRD&vgnextoid=d940e1efbc027910VgnVCM2000001f4a900aRCRD";"http://www.madrid.es/sites/v/index.jsp?vgnextchannel=bfa48ab43d6bb410VgnVCM100000171f5a0aRCRD&vgnextoid=2e5068540e41c010VgnVCM2000000c205a0aRCRD";"Centro Cultural Gloria Fuertes (Barajas)";"1";"AVENIDA";"LOGRO&amp;Ntilde;O";"179";"BARAJAS";"CORRALEJOS";"28042";"449666";"4479054";"40.4606308732073";"-3.59366944150524";"/contenido/actividades/CuentacuentosTiteresMarionetas";"/usuario/Niños"
12801888;"El reino del planeta de los simios";"";"1";"0";"";"";"2025-08-23 00:00:00.0";"2025-08-23 23:59:00.0";"22:00";"Ambientada varias generaciones en el futuro tras el reinado de César, en la que los simios son la especie dominante que vive en armonía y los humanos se han visto reducidos a vivir en la sombra. Mientras un nuevo y tiránico líder simio construye su imperio, un joven simio emprende un angustioso viaje que le llevará a cuestionarse todo lo que sabe sobre el pasado y a tomar decisiones que definirán el futuro de simios y humanos por igual. Duración 144 minutos. Edad recomendada: a partir de 12 años.";"http://www.madrid.es/sites/v/index.jsp?vgnextchannel=ca9671ee4a9eb410VgnVCM100000171f5a0aRCRD&vgnextoid=6f6b7c18cc367910VgnVCM2000001f4a900aRCRD";"Cine de verano en Tetuán";"http://www.madrid.es/sites/v/index.jsp?vgnextchannel=ca9671ee4a9eb410VgnVCM100000171f5a0aRCRD&vgnextoid=b6ba7c18cc367910VgnVCM2000001f4a900aRCRD";"";"";"";"";"";"";"";"";"";"";"";"";"";"/contenido/actividades/CineActividadesAudiovisuales";""
12804309;"El Reino del Planeta de los Simios";"";"1";"0";"";"";"2025-07-16 00:00:00.0";"2025-07-16 23:59:00.0";"22:00";"Duración: 135 min.  Dirección: Wes Ball  Sinopsis: Ambientada varias generaciones en el futuro tras el reinado de César, en la que los simios son la especie dominante que vive en armonía y los humanos se han visto reducidos a vivir en la sombra. Mientras un nuevo y tiránico líder simio construye su imperio, un joven simio emprende un angustioso viaje que le llevará a cuestionarse todo lo que sabe sobre el pasado y a tomar decisiones que definirán el futuro de simios y humanos por igual.  Público: mayor de 12 años.  Entrada libre hasta completar aforo.";"http://www.madrid.es/sites/v/index.jsp?vgnextchannel=ca9671ee4a9eb410VgnVCM100000171f5a0aRCRD&vgnextoid=c9655de1ee977910VgnVCM1000001d4a900aRCRD";"Verano de cine Retiro 2025";"http://www.madrid.es/sites/v/index.jsp?vgnextchannel=ca9671ee4a9eb410VgnVCM100000171f5a0aRCRD&vgnextoid=cdac62ae0c4a1810VgnVCM1000001d4a900aRCRD";"http://www.madrid.es/sites/v/index.jsp?vgnextchannel=bfa48ab43d6bb410VgnVCM100000171f5a0aRCRD&vgnextoid=675e280d37e2e210VgnVCM1000000b205a0aRCRD";"Parque Roma";"2";"CALLE";"JUAN ESPLANDIU";"4";"RETIRO";"ESTRELLA";"28007";"443786";"4474188";"40.41641041087398";"-3.662606100328213";"/contenido/actividades/CineActividadesAudiovisuales";""
12806449;"El Reino del planeta de los simios";"";"1";"0";"";"";"2025-07-24 00:00:00.0";"2025-07-24 23:59:00.0";"22:15";"De Wes Ball. Con Owen Teague, Freya Allan, Peter Macon, Kevin Durand. EEUU 2024. 135?   No recomendada para menores de 12 años.  Los simios son la especie dominante que vive en armonía y los humanos se han visto reducidos a vivir en la sombra. Mientras un nuevo y tiránico líder simio construye su imperio, un joven simio emprende un angustioso viaje.";"http://www.madrid.es/sites/v/index.jsp?vgnextchannel=ca9671ee4a9eb410VgnVCM100000171f5a0aRCRD&vgnextoid=14b808a9f6787910VgnVCM1000001d4a900aRCRD";"Ciclo Los sábados de cine. Primavera 2025";"http://www.madrid.es/sites/v/index.jsp?vgnextchannel=ca9671ee4a9eb410VgnVCM100000171f5a0aRCRD&vgnextoid=c0de900069495910VgnVCM2000001f4a900aRCRD";"http://www.madrid.es/sites/v/index.jsp?vgnextchannel=bfa48ab43d6bb410VgnVCM100000171f5a0aRCRD&vgnextoid=a395946be351c010VgnVCM2000000c205a0aRCRD";"Centro Cultural Auditorio Parque El Paraíso (San Blas - Canillejas)";"1";"AVENIDA";"ARCENTALES";"4";"SAN BLAS-CANILLEJAS";"HELLIN";"28037";"447225";"4475667";"40.42997621103139";"-3.6221773579444596";"/contenido/actividades/CineActividadesAudiovisuales";""
12792951;"El reino del planeta de los simios";"";"1";"0";"";"";"2025-06-28 00:00:00.0";"2025-06-28 23:59:00.0";"22:00";"Sábado 28 de junio, 22:00  El reino del Planeta de los Simios Dirección: Wes Ball Género: Acción ? Thriller. Sinopsis: Ambientada varias generaciones en el futuro tras el reinado de César, en la que los simios son la especie dominante que vive en armonía y los humanos se han visto reducidos a vivir en la sombra. Mientras un nuevo y tiránico líder simio construye su imperio, un joven simio emprende un angustioso viaje que le llevará a cuestionarse todo lo que sabe sobre el pasado y a tomar decisiones que definirán el futuro de simios y humanos por igual. No recomendada para menores de 12 años.";"http://www.madrid.es/sites/v/index.jsp?vgnextchannel=ca9671ee4a9eb410VgnVCM100000171f5a0aRCRD&vgnextoid=52d253804e037910VgnVCM2000001f4a900aRCRD";"Cine de verano en Moratalaz";"http://www.madrid.es/sites/v/index.jsp?vgnextchannel=ca9671ee4a9eb410VgnVCM100000171f5a0aRCRD&vgnextoid=6ba253804e037910VgnVCM2000001f4a900aRCRD";"http://www.madrid.es/sites/v/index.jsp?vgnextchannel=bfa48ab43d6bb410VgnVCM100000171f5a0aRCRD&vgnextoid=8c86e2704a07e210VgnVCM1000000b205a0aRCRD";"Parque de la Cuña Verde de O´Donnell";"2";"CALLE";"FUENTE CARRANTONA";"61";"MORATALAZ";"MARROQUINA";"28030";"446635";"4473699";"40.41220177650095";"-3.628985975935673";"";""
12809460;"El reino del planeta de los simios";"";"1";"0";"";"";"2025-08-17 00:00:00.0";"2025-08-17 23:59:00.0";"22:00";"Dirección: Wes Ball.  Con Owen Teague, Freya Allan, Peter Macon, Kevin Durand.  EEUU 2024. 135?.       Los simios son la especie dominante que vive en armonía y los humanos se han visto reducidos a vivir en la sombra. Mientras un nuevo y tiránico líder simio construye su imperio, un joven simio emprende un angustioso viaje.     No recomendada para menores de 12 años.";"http://www.madrid.es/sites/v/index.jsp?vgnextchannel=ca9671ee4a9eb410VgnVCM100000171f5a0aRCRD&vgnextoid=9ddbe7bc50c97910VgnVCM2000001f4a900aRCRD";"XXIX Festival de cine al aire libre de Ciudad Lineal 2025";"http://www.madrid.es/sites/v/index.jsp?vgnextchannel=ca9671ee4a9eb410VgnVCM100000171f5a0aRCRD&vgnextoid=e0d141fef4a97910VgnVCM1000001d4a900aRCRD";"http://www.madrid.es/sites/v/index.jsp?vgnextchannel=bfa48ab43d6bb410VgnVCM100000171f5a0aRCRD&vgnextoid=598745dbd6891110VgnVCM1000000b205a0aRCRD";"Instalación Deportiva Municipal Básica Parque El Calero";"0";"CALLE";"VIRGEN DE NURIA";"S/N";"CIUDAD LINEAL";"CONCEPCION";"28027";"444643";"4476387";"40.436286671972276";"-3.6526968257803736";"/contenido/actividades/CineActividadesAudiovisuales";""
12811791;"El reino del planeta de los simios";"";"1";"0";"";"";"2025-07-06 00:00:00.0";"2025-07-06 23:59:00.0";"22:15";"Los simios son la especie dominante que vive en armonía y los humanos se han visto reducidos a vivir en la sombra. Mientras un nuevo y tiránico líder simio construye su imperio, un joven simio emprende un angustioso viaje. Para mayores de 12 años.  Lugar: Mirador del Cerro del Tío Pío.";"http://www.madrid.es/sites/v/index.jsp?vgnextchannel=ca9671ee4a9eb410VgnVCM100000171f5a0aRCRD&vgnextoid=e79a1cc4df6a7910VgnVCM2000001f4a900aRCRD";"";"";"http://www.madrid.es/sites/v/index.jsp?vgnextchannel=bfa48ab43d6bb410VgnVCM100000171f5a0aRCRD&vgnextoid=956bf5edd607e210VgnVCM1000000b205a0aRCRD";"Parque Cerro del Tío Pío";"2";"CALLE";"BENJAMIN PALENCIA";"2";"PUENTE DE VALLECAS";"NUMANCIA";"28038";"444395";"4472030";"40.39701982315709";"-3.655239797848888";"/contenido/actividades/ActividadesCalleArteUrbano";""
11769587;"El Retiro a través de sus fotografías";"";"1";"0";"";"";"2025-07-19 00:00:00.0";"2025-07-19 23:59:00.0";"10:00";"Este itinerario se centra en la última parte de la historia del Retiro tomando como punto de partida su nombramiento como parque público en 1868.    Se recorren algunos de los monumentos y edificios más emblemáticos del parque y se comparan con fotografías realizadas en el último siglo y medio.   Actividad dirigida a público adulto.    Duración estimada: aproximadamente dos horas.";"http://www.madrid.es/sites/v/index.jsp?vgnextchannel=ca9671ee4a9eb410VgnVCM100000171f5a0aRCRD&vgnextoid=2aebaf6138133810VgnVCM2000001f4a900aRCRD";"Itinerarios guiados por El Retiro";"http://www.madrid.es/sites/v/index.jsp?vgnextchannel=ca9671ee4a9eb410VgnVCM100000171f5a0aRCRD&vgnextoid=e7b01130a93b1810VgnVCM1000001d4a900aRCRD";"http://www.madrid.es/sites/v/index.jsp?vgnextchannel=bfa48ab43d6bb410VgnVCM100000171f5a0aRCRD&vgnextoid=796b8193c73c4210VgnVCM1000000b205a0aRCRD";"Centro de Información y Educación Ambiental de El Huerto de El Retiro";"1";"PASEO";"FERNAN NUÑEZ";"2";"RETIRO";"LOS JERONIMOS";"28009";"441779";"4473428";"40.40943503279114";"-3.6861797800993257";"";""
11769591;"El Retiro a través de sus jardines";"";"1";"0";"";"";"2025-08-09 00:00:00.0";"2025-08-09 23:59:00.0";"10:00";"El Retiro se puede visitar como un jardín de jardines, compuesto por un mosaico de zonas verdes diseñadas en distintas épocas y atendiendo a distintos estilos. Se identifican influencias árabes, inglesas o francesas a través del uso del agua, las sombras, la presencia de praderas, la selección de especies o el trazado de los caminos. Ven a descubrirlo con nosotros. Actividad dirigida a público adulto.  Duración estimada: aproximadamente dos horas.";"http://www.madrid.es/sites/v/index.jsp?vgnextchannel=ca9671ee4a9eb410VgnVCM100000171f5a0aRCRD&vgnextoid=ecfdaf6138133810VgnVCM2000001f4a900aRCRD";"Itinerarios guiados por El Retiro";"http://www.madrid.es/sites/v/index.jsp?vgnextchannel=ca9671ee4a9eb410VgnVCM100000171f5a0aRCRD&vgnextoid=e7b01130a93b1810VgnVCM1000001d4a900aRCRD";"http://www.madrid.es/sites/v/index.jsp?vgnextchannel=bfa48ab43d6bb410VgnVCM100000171f5a0aRCRD&vgnextoid=796b8193c73c4210VgnVCM1000000b205a0aRCRD";"Centro de Información y Educación Ambiental de El Huerto de El Retiro";"1";"PASEO";"FERNAN NUÑEZ";"2";"RETIRO";"LOS JERONIMOS";"28009";"441779";"4473428";"40.40943503279114";"-3.6861797800993257";"";""
12788086;"El segador de Azorín";"";"1";"0";"";"";"2025-06-25 00:00:00.0";"2025-06-25 23:59:00.0";"19:30";"María, viuda desde hace unos meses, vive sola con su bebé en medio de la nada. Pedro y su hijo la visitan una vez al mes cuando van camino del pueblo. Intentan convencerla, en esta ocasión, de que les venda sus tierras y se vaya a vivir al pueblo. María no quiere abandonar el hogar en el que vivió con su marido, pero la verdad es que las noticias que traen de los alrededores no son buenas. Algo está pasando con los niños.";"http://www.madrid.es/sites/v/index.jsp?vgnextchannel=ca9671ee4a9eb410VgnVCM100000171f5a0aRCRD&vgnextoid=ddc8a6cc17b17910VgnVCM1000001d4a900aRCRD";"Actividades en el Centro Cultural El Pozo del Tío Raimundo";"http://www.madrid.es/sites/v/index.jsp?vgnextchannel=ca9671ee4a9eb410VgnVCM100000171f5a0aRCRD&vgnextoid=5c0f16c17a87f610VgnVCM2000001f4a900aRCRD";"http://www.madrid.es/sites/v/index.jsp?vgnextchannel=bfa48ab43d6bb410VgnVCM100000171f5a0aRCRD&vgnextoid=add63d0b5e71c010VgnVCM1000000b205a0aRCRD";"Centro Cultural El Pozo del tío Raimundo (Puente de Vallecas)";"1";"AVENIDA";"GLORIETAS";"19";"PUENTE DE VALLECAS";"ENTREVIAS";"28053";"443976";"4469457";"40.37381624358889";"-3.6599325731670977";"/contenido/actividades/TeatroPerformance";""
12790867;"El show de Pepón";"";"1";"0";"";"";"2025-06-29 00:00:00.0";"2025-06-29 23:59:00.0";"12:00";"Cía. Peponaso     A partir de 3 años. Pepón es un muñeco que acaba de escaparse de una juguetería y cuenta a los niños sus experiencias con otros muñecos, así como con losniños que han jugado con él, y así va dramatizando sus historias con la participación de los niños.";"http://www.madrid.es/sites/v/index.jsp?vgnextchannel=ca9671ee4a9eb410VgnVCM100000171f5a0aRCRD&vgnextoid=fce1ba0908027910VgnVCM1000001d4a900aRCRD";"Actividades en el Centro Cultural Hortaleza";"http://www.madrid.es/sites/v/index.jsp?vgnextchannel=ca9671ee4a9eb410VgnVCM100000171f5a0aRCRD&vgnextoid=11a2acd787eb1610VgnVCM2000001f4a900aRCRD";"http://www.madrid.es/sites/v/index.jsp?vgnextchannel=bfa48ab43d6bb410VgnVCM100000171f5a0aRCRD&vgnextoid=86381e79ee71c010VgnVCM1000000b205a0aRCRD";"Centro Cultural Hortaleza";"1";"CALLE";"SANTA VIRGILIA";"15";"HORTALEZA";"PINAR DEL REY";"28033";"445577";"4480880";"40.47682410775741";"-3.6420497457238";"/contenido/actividades/CuentacuentosTiteresMarionetas";"/usuario/Niños"
12808450;"El triunfo";"";"1";"0";"";"";"2025-08-30 00:00:00.0";"2025-08-30 23:59:00.0";"22:00";"Sábado 30 de agosto, 22:00  El triunfo Dirección: Emmanuel Courcol, Género: Comedia. Sinopsis:  Aunque este? en el paro con frecuencia, Etienne (Kad Meran) es un entrañable actor que dirige un taller de teatro en un centro penitenciario. allí? reúne a un grupo insólito de internos para representar la famosa obra de Samuel Beckett 'Esperando a Godot'. Cuando consigue la autorización para realizar una gira fuera de la cárcel con su pintoresca troupe de actores, a Etienne se le presenta finalmente la ocasión de prosperar.  Edad recomendada para mayores de 12 años.";"http://www.madrid.es/sites/v/index.jsp?vgnextchannel=ca9671ee4a9eb410VgnVCM100000171f5a0aRCRD&vgnextoid=c6565be49cc87910VgnVCM2000001f4a900aRCRD";"Cine de verano en Moratalaz";"http://www.madrid.es/sites/v/index.jsp?vgnextchannel=ca9671ee4a9eb410VgnVCM100000171f5a0aRCRD&vgnextoid=6ba253804e037910VgnVCM2000001f4a900aRCRD";"http://www.madrid.es/sites/v/index.jsp?vgnextchannel=bfa48ab43d6bb410VgnVCM100000171f5a0aRCRD&vgnextoid=8c86e2704a07e210VgnVCM1000000b205a0aRCRD";"Parque de la Cuña Verde de O´Donnell";"2";"CALLE";"FUENTE CARRANTONA";"61";"MORATALAZ";"MARROQUINA";"28030";"446635";"4473699";"40.41220177650095";"-3.628985975935673";"";""
12805669;"El último suspiro";"";"1";"0";"";"";"2025-08-01 00:00:00.0";"2025-08-01 23:59:00.0";"22:15";"De Costa-Gavras. Con Denis Podalydès, Kad Merad, Marilyne Canto. Drama. Fecha de estreno: 25 abril 2025. Francia 2024. 100?.  No recomendada para menores de 12 años.  En un diálogo amistoso y apasionado, el médico Augustin Masset y el escritor Fabrice Toussaint se enfrentan cara a cara, uno con el final de la vida de sus pacientes, y el otro con su propio destino. Llevados por un torbellino de visitas y encuentros, ambos se embarcan en un sensible viaje entre el humor y el llanto: una aventura humana en el corazón de todas nuestras vidas.";"http://www.madrid.es/sites/v/index.jsp?vgnextchannel=ca9671ee4a9eb410VgnVCM100000171f5a0aRCRD&vgnextoid=6dce5f5bd8287910VgnVCM1000001d4a900aRCRD";"Ciclo Los sábados de cine. Primavera 2025";"http://www.madrid.es/sites/v/index.jsp?vgnextchannel=ca9671ee4a9eb410VgnVCM100000171f5a0aRCRD&vgnextoid=c0de900069495910VgnVCM2000001f4a900aRCRD";"http://www.madrid.es/sites/v/index.jsp?vgnextchannel=bfa48ab43d6bb410VgnVCM100000171f5a0aRCRD&vgnextoid=07f63190712b1110VgnVCM1000000b205a0aRCRD";"Centro Cultural Ciudad Pegaso (San Blas - Canillejas)";"1";"AVENIDA";"SEPTIMA";"11";"SAN BLAS-CANILLEJAS";"REJAS";"28022";"449281";"4477704";"40.44844757572015";"-3.598099871155595";"/contenido/actividades/CineActividadesAudiovisuales";""
12783297;"El viaje de Isabela - La Tartana Teatro (Madrid)";"";"1";"1";"S,D";"";"2025-08-16 00:00:00.0";"2025-08-17 23:59:00.0";"00:00";"";"http://www.madrid.es/sites/v/index.jsp?vgnextchannel=ca9671ee4a9eb410VgnVCM100000171f5a0aRCRD&vgnextoid=e8c6f7ffeecf6910VgnVCM1000001d4a900aRCRD";"";"";"http://www.madrid.es/sites/v/index.jsp?vgnextchannel=bfa48ab43d6bb410VgnVCM100000171f5a0aRCRD&vgnextoid=784d8c7c0f91f010VgnVCM1000000b205a0aRCRD";"Teatro Municipal de Títeres. Parque de El Retiro";"1";"AVENIDA";"MÉXICO";"4";"RETIRO";"LOS JERÓNIMOS";"28009";"441748";"4474466";"40.41878362561595";"-3.6866519471003647";"/contenido/actividades/CuentacuentosTiteresMarionetas";"/usuario/Niños,/usuario/Familias"
12806714;"Emilia Pérez";"";"1";"0";"";"";"2025-08-08 00:00:00.0";"2025-08-08 23:59:00.0";"22:15";"De Jacques Audiard. Con Karla Sofía Gascón, Zoe Saldana, Selena Gómez. Francia 2024. 132?  No recomendada para menores de 16 años y especialmente recomendada para el fomento de la igualdad de género.  Sobre cualificada e infravalorada, Rita es una abogada de un gran bufete que un día recibe una oferta inesperada: ayudar al temido jefe de un cartel a retirarse de su negocio y desaparecer para siempre convirtiéndose en la mujer que él siempre ha soñado ser.";"http://www.madrid.es/sites/v/index.jsp?vgnextchannel=ca9671ee4a9eb410VgnVCM100000171f5a0aRCRD&vgnextoid=2357c8aa09787910VgnVCM2000001f4a900aRCRD";"Ciclo Los sábados de cine. Primavera 2025";"http://www.madrid.es/sites/v/index.jsp?vgnextchannel=ca9671ee4a9eb410VgnVCM100000171f5a0aRCRD&vgnextoid=c0de900069495910VgnVCM2000001f4a900aRCRD";"http://www.madrid.es/sites/v/index.jsp?vgnextchannel=bfa48ab43d6bb410VgnVCM100000171f5a0aRCRD&vgnextoid=a395946be351c010VgnVCM2000000c205a0aRCRD";"Centro Cultural Auditorio Parque El Paraíso (San Blas - Canillejas)";"1";"AVENIDA";"ARCENTALES";"4";"SAN BLAS-CANILLEJAS";"HELLIN";"28037";"447225";"4475667";"40.42997621103139";"-3.6221773579444596";"/contenido/actividades/CineActividadesAudiovisuales";""
12809231;"Emilia Pérez";"";"1";"0";"";"";"2025-07-04 00:00:00.0";"2025-07-04 23:59:00.0";"22:00";"Cine LGTBI     Dirección: Jacques Audiard. Con Karla Sofía Gascón, Zoe Saldana, Selena Gómez. Francia 2024. 132?.    Sobrecualificada e infravalorada, Rita es una abogada de un gran bufete que un día recibe una oferta inesperada: ayudar al temido jefe de un cartel a retirarse de su negocio y desaparecer para siempre convirtiéndose en la mujer que él siempre ha soñado ser.     No recomendada para menores de 16 años y especialmente recomendada para el fomento de la igualdad de género.";"http://www.madrid.es/sites/v/index.jsp?vgnextchannel=ca9671ee4a9eb410VgnVCM100000171f5a0aRCRD&vgnextoid=6cbbe7bbebb97910VgnVCM2000001f4a900aRCRD";"XXIX Festival de cine al aire libre de Ciudad Lineal 2025";"http://www.madrid.es/sites/v/index.jsp?vgnextchannel=ca9671ee4a9eb410VgnVCM100000171f5a0aRCRD&vgnextoid=e0d141fef4a97910VgnVCM1000001d4a900aRCRD";"http://www.madrid.es/sites/v/index.jsp?vgnextchannel=bfa48ab43d6bb410VgnVCM100000171f5a0aRCRD&vgnextoid=598745dbd6891110VgnVCM1000000b205a0aRCRD";"Instalación Deportiva Municipal Básica Parque El Calero";"0";"CALLE";"VIRGEN DE NURIA";"S/N";"CIUDAD LINEAL";"CONCEPCION";"28027";"444643";"4476387";"40.436286671972276";"-3.6526968257803736";"/contenido/actividades/CineActividadesAudiovisuales";"/usuario/LGTBI"
12811825;"Emilia Pérez";"";"1";"0";"";"";"2025-07-18 00:00:00.0";"2025-07-18 23:59:00.0";"22:15";"Sobrecualificada e infravalorada, Rita es una abogada de un gran bufete que un día recibe una oferta inesperada: ayudar al temido jefe de un cartel a retirarse de su negocio y desaparecer para siempre convirtiéndose en la mujer que él siempre ha soñado ser. Para mayores de 16 años y especialmente recomendada para el fomento de la igualdad de género.  Lugar: patio del Centro Sociocultural Alberto Sánchez.";"http://www.madrid.es/sites/v/index.jsp?vgnextchannel=ca9671ee4a9eb410VgnVCM100000171f5a0aRCRD&vgnextoid=a07d1cc4df6a7910VgnVCM2000001f4a900aRCRD";"";"";"http://www.madrid.es/sites/v/index.jsp?vgnextchannel=bfa48ab43d6bb410VgnVCM100000171f5a0aRCRD&vgnextoid=20a43d0b5e71c010VgnVCM1000000b205a0aRCRD";"Centro Sociocultural Alberto Sánchez (Puente de Vallecas)";"1";"CALLE";"RISCO DE PELOCHE";"14";"PUENTE DE VALLECAS";"NUMANCIA";"28038";"444360";"4471652";"40.393619022093546";"-3.6556016835101834";"/contenido/actividades/ActividadesCalleArteUrbano";""
12790698;"En busca de los colours perdidos";"";"1";"0";"";"";"2025-06-29 00:00:00.0";"2025-06-29 23:59:00.0";"19:00";"Compañia Serendipity.   A partir de 3 años.  La Aldea de Colorín ha sufrido un robo, le han desaparecido ¡todos los colores!, MoonMoon, habitante de Colorín le pide ayuda a su amigo SunSun y juntos emprenderán el viaje por el mundo de los animales y el de la magia para resolver enigmas y recuperar así todos los colores perdidos aprendiendo muchas nuevas palabras en inglés.";"http://www.madrid.es/sites/v/index.jsp?vgnextchannel=ca9671ee4a9eb410VgnVCM100000171f5a0aRCRD&vgnextoid=22a8231557027910VgnVCM2000001f4a900aRCRD";"Actividades en el Centro Cultural Carril del Conde";"http://www.madrid.es/sites/v/index.jsp?vgnextchannel=ca9671ee4a9eb410VgnVCM100000171f5a0aRCRD&vgnextoid=4dc76ed8d8a75610VgnVCM2000001f4a900aRCRD";"http://www.madrid.es/sites/v/index.jsp?vgnextchannel=bfa48ab43d6bb410VgnVCM100000171f5a0aRCRD&vgnextoid=66a7cbf06c81c010VgnVCM1000000b205a0aRCRD";"Centro Cultural Carril del Conde (Hortaleza)";"1";"CALLE";"CARRIL DEL CONDE";"57";"HORTALEZA";"CANILLAS";"28043";"444520";"4479119";"40.46089499555313";"-3.654366821391548";"/contenido/actividades/TeatroPerformance";"/usuario/Niños"
12622929;"En compañía de las letras en la Biblioteca José Saramago";"";"1";"1";"X,V";"7/2/2025;14/2/2025;21/2/2025;7/3/2025;14/3/2025;21/3/2025;4/4/2025;18/4/2025;25/4/2025;2/5/2025;9/5/2025;16/5/2025;23/5/2025;6/6/2025;13/6/2025;20/6/2025;27/6/2025;4/7/2025;11/7/2025;18/7/2025;25/7/2025;1/8/2025;8/8/2025;15/8/2025;22/8/2025;29/8/2025;5/9/2025;12/9/2025;19/9/2025;3/10/2025;10/10/2025;17/10/2025;24/10/2025;7/11/2025;14/11/2025;21/11/2025;5/12/2025;18/6/2025;25/6/2025;2/7/2025;9/7/2025;16/7/2025;23/7/2025;6/8/2025;13/8/2025;20/8/2025;27/8/2025;3/9/2025;10/9/2025;17/9/2025;24/9/2025;1/10/2025;8/10/2025;15/10/2025;22/10/2025;29/10/2025;5/11/2025;12/11/2025;19/11/2025;26/11/2025;3/12/2025;10/12/2025;17/12/2025;24/12/2025;31/12/2025;";"2025-01-31 00:00:00.0";"2025-12-12 23:59:00.0";"11:00";"En este taller realizaremos lecturas y haremos una puesta en común sobre reflexiones en relación con la soledad no deseada y el duelo. Compartiremos qué nos han transmitido los textos, si hemos tenido sentimientos similares y aprenderemos a minimizarlos en ocasiones negativas. Un viernes al mes. Fechas: 31 de enero, 28 de febrero, 28 de marzo, 11 de abril, 30 de mayo y 27 de junio.  Acceso libre hasta completar aforo. Número máximo de participantes: 15 personas.";"http://www.madrid.es/sites/v/index.jsp?vgnextchannel=ca9671ee4a9eb410VgnVCM100000171f5a0aRCRD&vgnextoid=383d2a21725d3910VgnVCM1000001d4a900aRCRD";"'En compañía de las letras' en la Biblioteca José Saramago";"http://www.madrid.es/sites/v/index.jsp?vgnextchannel=ca9671ee4a9eb410VgnVCM100000171f5a0aRCRD&vgnextoid=422d2a21725d3910VgnVCM1000001d4a900aRCRD";"http://www.madrid.es/sites/v/index.jsp?vgnextchannel=bfa48ab43d6bb410VgnVCM100000171f5a0aRCRD&vgnextoid=70d879262ef5d010VgnVCM1000000b205a0aRCRD";"Biblioteca Pública Municipal José Saramago (Fuencarral-El Pardo)";"1,5,6";"AVENIDA";"MONFORTE DE LEMOS";"38";"FUENCARRAL-EL PARDO";"EL PILAR";"28029";"439867";"4481122";"40.47860087334554";"-3.7094408342979954";"/contenido/actividades/CursosTalleres";""
12796137;"En el bosque";"";"1";"1";"L,M,X,J,V,S,D";"";"2025-07-26 00:00:00.0";"2025-07-27 23:59:00.0";"";"";"http://www.madrid.es/sites/v/index.jsp?vgnextchannel=ca9671ee4a9eb410VgnVCM100000171f5a0aRCRD&vgnextoid=87229b21d6a37910VgnVCM2000001f4a900aRCRD";"";"";"http://www.madrid.es/sites/v/index.jsp?vgnextchannel=bfa48ab43d6bb410VgnVCM100000171f5a0aRCRD&vgnextoid=784d8c7c0f91f010VgnVCM1000000b205a0aRCRD";"Teatro Municipal de Títeres. Parque de El Retiro";"1";"AVENIDA";"MÉXICO";"4";"RETIRO";"LOS JERÓNIMOS";"28009";"441748";"4474466";"40.41878362561595";"-3.6866519471003647";"/contenido/actividades/CuentacuentosTiteresMarionetas";"/usuario/Niños"
12797517;"Encuentro de autora. 'Yo no fui a la escuela: mujeres de Níjar 1915-2025'";"";"1";"0";"";"";"2025-06-26 00:00:00.0";"2025-06-26 23:59:00.0";"18:30";"";"http://www.madrid.es/sites/v/index.jsp?vgnextchannel=ca9671ee4a9eb410VgnVCM100000171f5a0aRCRD&vgnextoid=2668ed6cce347910VgnVCM2000001f4a900aRCRD";"Encuentro de autora: Zinthia Álvarez Palomino";"http://www.madrid.es/sites/v/index.jsp?vgnextchannel=ca9671ee4a9eb410VgnVCM100000171f5a0aRCRD&vgnextoid=770d1c84d1ad8710VgnVCM1000001d4a900aRCRD";"http://www.madrid.es/sites/v/index.jsp?vgnextchannel=bfa48ab43d6bb410VgnVCM100000171f5a0aRCRD&vgnextoid=cb3655d1b6742610VgnVCM1000001d4a900aRCRD";"Espacio de Igualdad Elena Arnedo Soriano. Retiro";"1";"CALLE";"ARREGUI Y ARUEJ";"31";"RETIRO";"ADELFAS";"28007";"443307";"4472652";"40.40254931370529";"-3.668092320219012";"/contenido/actividades/EnLinea";""
12536308;"Encuentro de Bandas de Música";"";"1";"0";"";"";"2025-06-28 00:00:00.0";"2025-06-28 23:59:00.0";"20:30";"La Banda de Música Villa de Madrid, celebra un encuentro de bandas de música en el que contará con la participación de la Unión Musical Benicull. Ambas bandas ofrecerán un concierto ameno e interesante.  Os esperamos en el mejor escenario posible, en el Auditorio Cerro Almodóvar.    Esperamos que disfruten de este increíble viaje musical.";"http://www.madrid.es/sites/v/index.jsp?vgnextchannel=ca9671ee4a9eb410VgnVCM100000171f5a0aRCRD&vgnextoid=e23951598dd22910VgnVCM1000001d4a900aRCRD";"";"";"http://www.madrid.es/sites/v/index.jsp?vgnextchannel=bfa48ab43d6bb410VgnVCM100000171f5a0aRCRD&vgnextoid=eb437b503a71c010VgnVCM1000000b205a0aRCRD";"Auditorio al aire libre. Parque Cerro Almodóvar";"1";"CALLE";"MARCELINO CASTILLO";"29";"LATINA";"ALUCHE";"28047";"436800";"4471778";"40.39420802732146";"-3.744692836307442";"/contenido/actividades/Musica";""
12781383;"Ensemble de cuerdas El Molino de Santa Isabel";"";"1";"0";"";"";"2025-06-27 00:00:00.0";"2025-06-27 23:59:00.0";"19:00";"Recomendada para todos los públicos  El Ensemble de cuerdas de El Molino de Santa Isabel se formó en 2018 y ha ido pasando por varios formatos de agrupación hasta convertirse en la actual Camerata. Durante este tiempo hemos abordado distintos repertorios desde música clásica hasta BSO de Joe Hisaishi, pero en esta ocasión traemos un repertorio muy especial de clásicos de la música cubana de principios del siglo XX. Danzones, boleros, chachachás de algunos de los grandes compositores y pianistas del momento, como Lecuona o Cervantes, adaptados a este Ensemble de cuerdas.";"http://www.madrid.es/sites/v/index.jsp?vgnextchannel=ca9671ee4a9eb410VgnVCM100000171f5a0aRCRD&vgnextoid=3283c21a157f6910VgnVCM1000001d4a900aRCRD";"Actividades en el Centro Cultural Buero Vallejo";"http://www.madrid.es/sites/v/index.jsp?vgnextchannel=ca9671ee4a9eb410VgnVCM100000171f5a0aRCRD&vgnextoid=da1970db6da41910VgnVCM2000001f4a900aRCRD";"http://www.madrid.es/sites/v/index.jsp?vgnextchannel=bfa48ab43d6bb410VgnVCM100000171f5a0aRCRD&vgnextoid=98953d0b5e71c010VgnVCM1000000b205a0aRCRD";"Centro Cultural Buero Vallejo (San Blas - Canillejas)";"1";"CALLE";"BOLTAÑA";"27";"SAN BLAS-CANILLEJAS";"CANILLEJAS";"28022";"448023";"4477305";"40.44477474902185";"-3.6129105844633775";"/contenido/actividades/Musica";"/usuario/Familias"
12401465;"Entreparques. De Concha Espina a Plaza de Castilla";"";"1";"0";"";"";"2025-08-24 00:00:00.0";"2025-08-24 23:59:00.0";"09:30";"Ruta de senderismo urbano, de unos 5 km, en la que uniremos varios parques de la ciudad de Madrid, yendo entre Concha Espina y Plaza de Castilla, acompañados por un educador ambiental. Actividad dirigida a público adulto (mayores de 18 años).  Duración estimada: tres horas.";"http://www.madrid.es/sites/v/index.jsp?vgnextchannel=ca9671ee4a9eb410VgnVCM100000171f5a0aRCRD&vgnextoid=8f68979834530910VgnVCM1000001d4a900aRCRD";"Entreparques";"http://www.madrid.es/sites/v/index.jsp?vgnextchannel=ca9671ee4a9eb410VgnVCM100000171f5a0aRCRD&vgnextoid=44bba6237197d810VgnVCM2000001f4a900aRCRD";"";"";"";"";"";"";"";"";"";"";"";"";"";"/contenido/actividades/ExcursionesItinerariosVisitas";""
12278881;"Entreparques. Del Cerro del Tío Pío a Ruta Escultórica de Palomeras";"";"1";"0";"";"";"2025-08-29 00:00:00.0";"2025-08-29 23:59:00.0";"09:30";"Ruta de senderismo urbano en la que uniremos el Cerro del Tío Pío y la Ruta Escultórica de Palomeras, uniendo varios parques, acompañados por un educador ambiental. Itinerario guiado de 6,2 km.  Actividad dirigida a público adulto (mayores de 18 años).  Duración estimada: tres horas.";"http://www.madrid.es/sites/v/index.jsp?vgnextchannel=ca9671ee4a9eb410VgnVCM100000171f5a0aRCRD&vgnextoid=643fa6237197d810VgnVCM2000001f4a900aRCRD";"Entreparques";"http://www.madrid.es/sites/v/index.jsp?vgnextchannel=ca9671ee4a9eb410VgnVCM100000171f5a0aRCRD&vgnextoid=44bba6237197d810VgnVCM2000001f4a900aRCRD";"";"";"";"";"";"";"";"";"";"";"";"";"";"/contenido/actividades/ExcursionesItinerariosVisitas";""
12630566;"Entreparques. Del Parque de Aluche a Madrid Río";"";"1";"0";"";"";"2025-07-31 00:00:00.0";"2025-07-31 23:59:00.0";"18:30";"Ruta de senderismo urbano en la que uniremos el Parque de Aluche y Madrid Río, a través de varios parques, acompañados por un educador ambiental. Itinerario guiado de 6 km.  Actividad dirigida a público adulto (mayores de 18 años).  Duración estimada: aproximadamente tres horas.";"http://www.madrid.es/sites/v/index.jsp?vgnextchannel=ca9671ee4a9eb410VgnVCM100000171f5a0aRCRD&vgnextoid=69d0a1d8563f3910VgnVCM1000001d4a900aRCRD";"Entreparques";"http://www.madrid.es/sites/v/index.jsp?vgnextchannel=ca9671ee4a9eb410VgnVCM100000171f5a0aRCRD&vgnextoid=44bba6237197d810VgnVCM2000001f4a900aRCRD";"";"";"";"";"";"";"";"";"";"";"";"";"";"/contenido/actividades/ExcursionesItinerariosVisitas";""
12630576;"Entreparques. Del Parque del Oeste a Madrid Río";"";"1";"0";"";"";"2025-06-27 00:00:00.0";"2025-06-27 23:59:00.0";"10:00";"Ruta de senderismo urbano en la que uniremos el Parque del Oeste y Madrid Río, acompañados por un educador ambiental. Actividad dirigida a público adulto (mayores de 18 años).  Duración estimada: tres horas.";"http://www.madrid.es/sites/v/index.jsp?vgnextchannel=ca9671ee4a9eb410VgnVCM100000171f5a0aRCRD&vgnextoid=2062a1d8563f3910VgnVCM1000001d4a900aRCRD";"Entreparques";"http://www.madrid.es/sites/v/index.jsp?vgnextchannel=ca9671ee4a9eb410VgnVCM100000171f5a0aRCRD&vgnextoid=44bba6237197d810VgnVCM2000001f4a900aRCRD";"";"";"";"";"";"";"";"";"";"";"";"";"";"/contenido/actividades/ExcursionesItinerariosVisitas";""
12544137;"Entreparques. Ruta del agua: de Legazpi a Hospital Doce de Octubre";"";"1";"0";"";"";"2025-08-13 00:00:00.0";"2025-08-13 23:59:00.0";"18:30";"En esta ruta de senderismo urbano realizaremos un itinerario guiado de 5 km en la que se recorrerán diferentes puntos icono de la gestión del agua en la ciudad de Madrid, acompañados por un educador ambiental. Actividad dirigida a público adulto (mayores de 18 años).  Duración estimada: aproximadamente tres horas.";"http://www.madrid.es/sites/v/index.jsp?vgnextchannel=ca9671ee4a9eb410VgnVCM100000171f5a0aRCRD&vgnextoid=679a289a44d42910VgnVCM1000001d4a900aRCRD";"Entreparques";"http://www.madrid.es/sites/v/index.jsp?vgnextchannel=ca9671ee4a9eb410VgnVCM100000171f5a0aRCRD&vgnextoid=44bba6237197d810VgnVCM2000001f4a900aRCRD";"";"";"";"";"";"";"";"";"";"";"";"";"";"/contenido/actividades/ExcursionesItinerariosVisitas";""
12544135;"Entreparques. Ruta del agua: de Legazpi a Hospital Doce de Octubre";"";"1";"0";"";"";"2025-09-07 00:00:00.0";"2025-09-07 23:59:00.0";"18:30";"En esta ruta de senderismo urbano realizaremos un itinerario guiado de 5 km en la que se recorrerán diferentes puntos icono de la gestión del agua en la ciudad de Madrid, acompañados por un educador ambiental. Actividad dirigida a público adulto (mayores de 18 años).  Duración estimada: aproximadamente tres horas.";"http://www.madrid.es/sites/v/index.jsp?vgnextchannel=ca9671ee4a9eb410VgnVCM100000171f5a0aRCRD&vgnextoid=4b6a289a44d42910VgnVCM1000001d4a900aRCRD";"Entreparques";"http://www.madrid.es/sites/v/index.jsp?vgnextchannel=ca9671ee4a9eb410VgnVCM100000171f5a0aRCRD&vgnextoid=44bba6237197d810VgnVCM2000001f4a900aRCRD";"";"";"";"";"";"";"";"";"";"";"";"";"";"/contenido/actividades/ExcursionesItinerariosVisitas";""
12544136;"Entreparques. Ruta del agua: de Legazpi a Hospital Doce de Octubre";"";"1";"0";"";"";"2025-07-09 00:00:00.0";"2025-07-09 23:59:00.0";"18:30";"En esta ruta de senderismo urbano realizaremos un itinerario guiado de 5 km en la que se recorrerán diferentes puntos icono de la gestión del agua en la ciudad de Madrid, acompañados por un educador ambiental. Actividad dirigida a público adulto (mayores de 18 años).  Duración estimada: aproximadamente tres horas.";"http://www.madrid.es/sites/v/index.jsp?vgnextchannel=ca9671ee4a9eb410VgnVCM100000171f5a0aRCRD&vgnextoid=777a289a44d42910VgnVCM1000001d4a900aRCRD";"Entreparques";"http://www.madrid.es/sites/v/index.jsp?vgnextchannel=ca9671ee4a9eb410VgnVCM100000171f5a0aRCRD&vgnextoid=44bba6237197d810VgnVCM2000001f4a900aRCRD";"";"";"";"";"";"";"";"";"";"";"";"";"";"/contenido/actividades/ExcursionesItinerariosVisitas";""
12800070;"Entrepieles";"";"0";"0";"";"";"2025-08-26 00:00:00.0";"2025-08-26 23:59:00.0";"21:30";"";"http://www.madrid.es/sites/v/index.jsp?vgnextchannel=ca9671ee4a9eb410VgnVCM100000171f5a0aRCRD&vgnextoid=82eeba98e7957910VgnVCM1000001d4a900aRCRD";"";"";"http://www.madrid.es/sites/v/index.jsp?vgnextchannel=bfa48ab43d6bb410VgnVCM100000171f5a0aRCRD&vgnextoid=784d8c7c0f91f010VgnVCM1000000b205a0aRCRD";"Teatro Municipal de Títeres. Parque de El Retiro";"1";"AVENIDA";"MÉXICO";"4";"RETIRO";"LOS JERÓNIMOS";"28009";"441748";"4474466";"40.41878362561595";"-3.6866519471003647";"/contenido/actividades/CuentacuentosTiteresMarionetas";"/usuario/Familias"
12549078;"Escuela de espectadores sénior";"";"0";"1";"M,X,J,V";"";"2024-10-03 00:00:00.0";"2025-06-25 23:59:00.0";"";"";"http://www.madrid.es/sites/v/index.jsp?vgnextchannel=ca9671ee4a9eb410VgnVCM100000171f5a0aRCRD&vgnextoid=06df85f1bda62910VgnVCM1000001d4a900aRCRD";"";"";"http://www.madrid.es/sites/v/index.jsp?vgnextchannel=bfa48ab43d6bb410VgnVCM100000171f5a0aRCRD&vgnextoid=835295423e700910VgnVCM2000001f4a900aRCRD";"Nave 10 Matadero. Creación Dramática Contemporánea";"1,6";"PASEO";"CHOPERA";"14";"ARGANZUELA";"CHOPERA";"28045";"440828";"4471551";"40.39245798191536";"-3.6972067902718897";"/contenido/actividades/CursosTalleres";"/usuario/Mayores"
11826266;"Escuela de Teatro. Teatro Municipal de Vallecas";"";"0";"1";"L,M,X,J,V";"";"2024-09-01 00:00:00.0";"2025-07-01 23:59:00.0";"";"";"http://www.madrid.es/sites/v/index.jsp?vgnextchannel=ca9671ee4a9eb410VgnVCM100000171f5a0aRCRD&vgnextoid=43c50a3c214f3810VgnVCM2000001f4a900aRCRD";"Escuela de Teatro";"http://www.madrid.es/sites/v/index.jsp?vgnextchannel=ca9671ee4a9eb410VgnVCM100000171f5a0aRCRD&vgnextoid=7a9b37ced327d610VgnVCM2000001f4a900aRCRD";"http://www.madrid.es/sites/v/index.jsp?vgnextchannel=bfa48ab43d6bb410VgnVCM100000171f5a0aRCRD&vgnextoid=2193cb665c6e8610VgnVCM1000001d4a900aRCRD";"Teatro Municipal de Vallecas";"1";"CALLE";"PASO DE VILLAMANRIQUE";"3";"VILLA DE VALLECAS";"CASCO H.VALLECAS";"28031";"447122";"4469857";"40.37762362093048";"-3.6229095774784765";"/contenido/actividades/CursosTalleres";""
11769588;"Esculturas desconocidas";"";"1";"0";"";"";"2025-09-25 00:00:00.0";"2025-09-25 23:59:00.0";"11:00";"Los Jardines de El Buen Retiro albergan multitud de esculturas por mucha gente desconocidas. ¿Quiénes las hicieron? ¿Quiénes las encargaron? ¿Qué conmemoran? Todas esas cuestiones se irán descubriendo durante el itinerario que se centrarán en aquellas esculturas que por su pequeño tamaño o su ubicación discreta han pasado desapercibidas hasta hoy. Actividad dirigida a público adulto.  Duración estimada: aproximadamente dos horas.";"http://www.madrid.es/sites/v/index.jsp?vgnextchannel=ca9671ee4a9eb410VgnVCM100000171f5a0aRCRD&vgnextoid=35acaf6138133810VgnVCM2000001f4a900aRCRD";"Itinerarios guiados por El Retiro";"http://www.madrid.es/sites/v/index.jsp?vgnextchannel=ca9671ee4a9eb410VgnVCM100000171f5a0aRCRD&vgnextoid=e7b01130a93b1810VgnVCM1000001d4a900aRCRD";"http://www.madrid.es/sites/v/index.jsp?vgnextchannel=bfa48ab43d6bb410VgnVCM100000171f5a0aRCRD&vgnextoid=796b8193c73c4210VgnVCM1000000b205a0aRCRD";"Centro de Información y Educación Ambiental de El Huerto de El Retiro";"1";"PASEO";"FERNAN NUÑEZ";"2";"RETIRO";"LOS JERONIMOS";"28009";"441779";"4473428";"40.40943503279114";"-3.6861797800993257";"";""
12803575;"Esculturas desconocidas del Retiro I";"";"1";"0";"";"";"2025-07-31 00:00:00.0";"2025-07-31 23:59:00.0";"20:00";"Los Jardines de El Buen Retiro albergan multitud de esculturas por mucha gente desconocidas. ¿Quiénes las hicieron? ¿Quiénes las encargaron? ¿Qué conmemoran? Todas esas cuestiones se irán descubriendo durante el itinerario que se centrarán en aquellas esculturas que por su pequeño tamaño o su ubicación discreta han pasado desapercibidas hasta hoy. Actividad dirigida a público adulto.  Duración estimada: aproximadamente dos horas.";"http://www.madrid.es/sites/v/index.jsp?vgnextchannel=ca9671ee4a9eb410VgnVCM100000171f5a0aRCRD&vgnextoid=3b742407bb777910VgnVCM2000001f4a900aRCRD";"Itinerarios guiados a la luz de la luna";"http://www.madrid.es/sites/v/index.jsp?vgnextchannel=ca9671ee4a9eb410VgnVCM100000171f5a0aRCRD&vgnextoid=af532407bb777910VgnVCM2000001f4a900aRCRD";"http://www.madrid.es/sites/v/index.jsp?vgnextchannel=bfa48ab43d6bb410VgnVCM100000171f5a0aRCRD&vgnextoid=796b8193c73c4210VgnVCM1000000b205a0aRCRD";"Centro de Información y Educación Ambiental de El Huerto de El Retiro";"1";"PASEO";"FERNAN NUÑEZ";"2";"RETIRO";"LOS JERONIMOS";"28009";"441779";"4473428";"40.40943503279114";"-3.6861797800993257";"";""
12629469;"Esculturas desconocidas II";"";"1";"0";"";"";"2025-06-28 00:00:00.0";"2025-06-28 23:59:00.0";"11:00";"Si ya has hecho con nosotros el primer recorrido de Esculturas desconocidas de El Retiro, sabrás que los Jardines de El Buen Retiro albergan multitud de esculturas por mucha gente desconocidas.  En esta segunda parte podrás descubrir nuevas curiosidades sobre ellas. Actividad dirigida a público adulto.  Duración estimada: aproximadamente dos horas.";"http://www.madrid.es/sites/v/index.jsp?vgnextchannel=ca9671ee4a9eb410VgnVCM100000171f5a0aRCRD&vgnextoid=4e295a33ba4e3910VgnVCM1000001d4a900aRCRD";"Itinerarios guiados por El Retiro";"http://www.madrid.es/sites/v/index.jsp?vgnextchannel=ca9671ee4a9eb410VgnVCM100000171f5a0aRCRD&vgnextoid=e7b01130a93b1810VgnVCM1000001d4a900aRCRD";"http://www.madrid.es/sites/v/index.jsp?vgnextchannel=bfa48ab43d6bb410VgnVCM100000171f5a0aRCRD&vgnextoid=796b8193c73c4210VgnVCM1000000b205a0aRCRD";"Centro de Información y Educación Ambiental de El Huerto de El Retiro";"1";"PASEO";"FERNAN NUÑEZ";"2";"RETIRO";"LOS JERONIMOS";"28009";"441779";"4473428";"40.40943503279114";"-3.6861797800993257";"";""
12790417;"Espectáculo de Danza: 'Bailar por el Placer de Vivir'";"";"1";"0";"";"";"2025-06-27 00:00:00.0";"2025-06-27 23:59:00.0";"18:00";"Espectáculo creado por Guillermina de Bedoya y Javier Buckenmeyer en el que la Danza Española es la protagonista en sus cuatro estilos de baile: Flamenco, Danza Estilizada, Escuela Bolera y Folklore.";"http://www.madrid.es/sites/v/index.jsp?vgnextchannel=ca9671ee4a9eb410VgnVCM100000171f5a0aRCRD&vgnextoid=31fc18f462027910VgnVCM2000001f4a900aRCRD";"Actividades en el Centro Sociocultural Rafael de León";"http://www.madrid.es/sites/v/index.jsp?vgnextchannel=ca9671ee4a9eb410VgnVCM100000171f5a0aRCRD&vgnextoid=1ffc298e9ad97810VgnVCM2000001f4a900aRCRD";"http://www.madrid.es/sites/v/index.jsp?vgnextchannel=bfa48ab43d6bb410VgnVCM100000171f5a0aRCRD&vgnextoid=7e0b1e79ee71c010VgnVCM1000000b205a0aRCRD";"Centro Sociocultural Rafael de León (Fuencarral - El Pardo)";"1";"CALLE";"ISLA DE ONS";"14";"FUENCARRAL-EL PARDO";"PEÑA GRANDE";"28035";"438850";"4481314";"40.48025613358832";"-3.7214686777952974";"/contenido/actividades/DanzaBaile";""
12785696;"Espectáculo: '¡¡¡¡Nos vamos de Vacas!!!!'";"";"1";"0";"";"";"2025-06-28 00:00:00.0";"2025-06-28 23:59:00.0";"18:00";"&amp;lt;&amp;lt;Dos hermanos imaginan que sorpresa les darán sus padres este verano y cuál será el destino de estas vacaciones?. Ven y acompáñalos a descubrir todas estas aventuras?!!!!&amp;gt;&amp;gt;  Espectáculo a cargo de la Compañía Ditirambo";"http://www.madrid.es/sites/v/index.jsp?vgnextchannel=ca9671ee4a9eb410VgnVCM100000171f5a0aRCRD&vgnextoid=0ef5f6bdf8117910VgnVCM2000001f4a900aRCRD";"Actividades en el Centro Sociocultural Maestro Alonso";"http://www.madrid.es/sites/v/index.jsp?vgnextchannel=ca9671ee4a9eb410VgnVCM100000171f5a0aRCRD&vgnextoid=5f030288d2d0c710VgnVCM2000001f4a900aRCRD";"http://www.madrid.es/sites/v/index.jsp?vgnextchannel=bfa48ab43d6bb410VgnVCM100000171f5a0aRCRD&vgnextoid=783f1e79ee71c010VgnVCM1000000b205a0aRCRD";"Centro Sociocultural Maestro Alonso (Salamanca)";"1";"CALLE";"MAESTRO ALONSO";"6";"SALAMANCA";"FUENTE DEL BERRO";"28028";"443605";"4475629";"40.4293927571053";"-3.664846244443566";"/contenido/actividades/TeatroPerformance";""
12778892;"Este es el final";"";"1";"0";"";"";"2025-07-05 00:00:00.0";"2025-07-05 23:59:00.0";"19:00";"";"http://www.madrid.es/sites/v/index.jsp?vgnextchannel=ca9671ee4a9eb410VgnVCM100000171f5a0aRCRD&vgnextoid=76ea4b82eace6910VgnVCM2000001f4a900aRCRD";"";"";"http://www.madrid.es/sites/v/index.jsp?vgnextchannel=bfa48ab43d6bb410VgnVCM100000171f5a0aRCRD&vgnextoid=35e53d0b5e71c010VgnVCM1000000b205a0aRCRD";"Centro Cultural Casa de Vacas (Retiro)";"1";"PASEO";"COLOMBIA";"1";"RETIRO";"LOS JERONIMOS";"28009";"441967";"4474495";"40.41906571939961";"-3.684053112760816";"/contenido/actividades/TeatroPerformance";""
12593032;"Estrenos Cineteca";"";"0";"1";"L,M,X,J,V,S,D";"";"2024-09-05 00:00:00.0";"2025-07-31 23:59:00.0";"";"";"http://www.madrid.es/sites/v/index.jsp?vgnextchannel=ca9671ee4a9eb410VgnVCM100000171f5a0aRCRD&vgnextoid=0e63fc6a6f343910VgnVCM1000001d4a900aRCRD";"Estrenos Cineteca";"http://www.madrid.es/sites/v/index.jsp?vgnextchannel=ca9671ee4a9eb410VgnVCM100000171f5a0aRCRD&vgnextoid=b81c00ab35343910VgnVCM1000001d4a900aRCRD";"http://www.madrid.es/sites/v/index.jsp?vgnextchannel=bfa48ab43d6bb410VgnVCM100000171f5a0aRCRD&vgnextoid=2dbd1fe44c5ee310VgnVCM2000000c205a0aRCRD";"Cineteca Madrid";"1";"PLAZA";"LEGAZPI";"8";"ARGANZUELA";"CHOPERA";"28045";"440946";"4471422";"40.39130985242181";"-3.6958028442054074";"/contenido/actividades/CineActividadesAudiovisuales";""
12776607;"Eva Sierra y María Ruiz - Puente de Vallecas";"";"1";"0";"";"";"2025-07-12 00:00:00.0";"2025-07-12 23:59:00.0";"21:30";"";"http://www.madrid.es/sites/v/index.jsp?vgnextchannel=ca9671ee4a9eb410VgnVCM100000171f5a0aRCRD&vgnextoid=1a5dea7854fc6910VgnVCM1000001d4a900aRCRD";"";"";"";"";"";"";"";"";"";"";"";"";"";"";"";"/contenido/actividades/1ciudad21distritos";""
12789784;"Exequiel El Mago";"";"1";"0";"";"";"2025-06-29 00:00:00.0";"2025-06-29 23:59:00.0";"12:00";"Fiestas Populares Entrevías   Lugar: parque Forestal junto Auditorio de Entrevías (Ronda del Sur, S/N). Es un mago argentino formado en Madrid en La Gran Escuela de Magia 'Ana Tamariz'.Por medio de su Magia, carisma y habilidades circenses, te lleva a vivir emociones que crean momentos inolvidables para todo el público. Es un espectáculo de Magia Familiar, en el que niños y adultos juegan, ríen y viven la magia a la vez. Destacando la diversión y la ilusión que se crea en un ambiente de amistad, misterio, sorpresas e imposibles. Para ello es necesario la participación de los niños y adultos, tanto en escena, como desde el lugar, eligiendo y tomando decisiones, siendo protagonistas en todo momento. La Magia que Exequiel comparte en el espectáculo es de lo más variada, tanto en elementos tales como cartas, monedas, cuerdas, pañuelos, cubiletes, etc., mezclada con malabares y algunas que otras... frutas.  Edad recomendada: para todos los públicos.";"http://www.madrid.es/sites/v/index.jsp?vgnextchannel=ca9671ee4a9eb410VgnVCM100000171f5a0aRCRD&vgnextoid=e042e84e5fb17910VgnVCM2000001f4a900aRCRD";"Fiestas en Puente de Vallecas";"http://www.madrid.es/sites/v/index.jsp?vgnextchannel=ca9671ee4a9eb410VgnVCM100000171f5a0aRCRD&vgnextoid=38309b6ef9c56910VgnVCM2000001f4a900aRCRD";"";"";"";"";"";"";"";"";"";"";"";"";"";"/contenido/actividades/Fiestas";"/usuario/Niños,/usuario/Familias"
12791844;"Exhibición alumnos del CC Sara Montiel";"";"1";"0";"";"";"2025-06-27 00:00:00.0";"2025-06-27 23:59:00.0";"19:00";"Exhibición alumnos del CC Sara Montiel.    A las 19:00 horas: Festival de Bollywood. Profesora Gemma Velasco. A las 19:30 horas: Festival de Danza Oriental. Profesora Rocio Pino.";"http://www.madrid.es/sites/v/index.jsp?vgnextchannel=ca9671ee4a9eb410VgnVCM100000171f5a0aRCRD&vgnextoid=38e0460a06f27910VgnVCM1000001d4a900aRCRD";"Actividades en el Centro Cultural Sara Montiel";"http://www.madrid.es/sites/v/index.jsp?vgnextchannel=ca9671ee4a9eb410VgnVCM100000171f5a0aRCRD&vgnextoid=fd49b87374893510VgnVCM2000001f4a900aRCRD";"http://www.madrid.es/sites/v/index.jsp?vgnextchannel=bfa48ab43d6bb410VgnVCM100000171f5a0aRCRD&vgnextoid=c957cbf06c81c010VgnVCM1000000b205a0aRCRD";"Centro Cultural Sara Montiel (Latina)";"1";"CARRETERA";"BOADILLA DEL MONTE";"40";"LATINA";"CAMPAMENTO";"28024";"434222";"4472418";"40.399764677637116";"-3.775144917950534";"/contenido/actividades/DanzaBaile";""
12734904;"Exhibición canina, la Gallinita de los huevos de oro y los Fugitivos";"";"1";"0";"";"";"2025-06-25 00:00:00.0";"2025-06-25 23:59:00.0";"";"19 horas. Exhibición canina de la policía municipal, en el Auditorio Violeta Parra del Parque Salvador Allende (metro La Peseta).  20 horas  'La gallinita de los huevos de oro' por Juanito Ventolera: Divertida adaptación del cuento clásico, con títeres de guiñol, varilla y boca, rebosante de vida y personalidad. El espacio sonoro está en manos de un músico en directo.  Edad recomendada: a partir de 3 años  21:30 horas. Los fugitivos:  Con los mejores reclutas de todos los rincones de la península, se unen con el objetivo de revolucionar el concepto de la música electrónica y llevarla al formato Brass band.";"http://www.madrid.es/sites/v/index.jsp?vgnextchannel=ca9671ee4a9eb410VgnVCM100000171f5a0aRCRD&vgnextoid=dd8145aab97d5910VgnVCM2000001f4a900aRCRD";"";"";"";"";"";"";"";"";"";"";"";"";"";"";"";"/contenido/actividades/Fiestas";""
12806699;"Exhibición de espuma, Más que magia y Bombai";"";"1";"0";"";"";"2025-06-26 00:00:00.0";"2025-06-26 23:59:00.0";"";"18:30 horas. Exhibición de espuma del Cuerpo de Bomberos, en el Auditorio Violeta Parra del Parque Salvador Allende (metro La Peseta):    * Se recomienda el uso de gafas de agua para proteger los ojos de los espumógenos.   20 horas 'Más que magia', con la compañía la chistera producciones:  Nace de la premisa de renovar los shows de magia en los que la sorpresa es el único ingrediente. Un a propuesta poliédrica donde la ilusión es solo la puerta de entrada al mundo de la imaginación, con rutinas de Magia que van desde lo 'clownesco' hasta lo visual.  Edad recomendada: a partir de 4 años.  21:30 horas  Bombai:  Bombai son Javi, Vicente y Ramón. Se juntaron en su barrio natal de Valencia para componer canciones con la idea de transmitir un mensaje positivo y esperanzador, una identidad festiva y alegre, donde se reflejan sus gustos e influencias, que van desde el pop, rock o reggae, entre otros.";"http://www.madrid.es/sites/v/index.jsp?vgnextchannel=ca9671ee4a9eb410VgnVCM100000171f5a0aRCRD&vgnextoid=ad66c8aa09787910VgnVCM2000001f4a900aRCRD";"";"";"";"";"";"";"";"";"";"";"";"";"";"";"";"/contenido/actividades/CircoMagia";""
12548493;"Explora y juega Matadero Madrid en Familia";"";"0";"0";"";"";"2024-10-05 00:00:00.0";"2026-06-30 23:59:00.0";"";"DESCARGA EL PLANO EN VERSIÓN DIGITAL     Con el plano Matadero Madrid: Ciudad Cultural los visitantes pueden realizar un divertido recorrido por los 100 años de historia de este complejo arquitectónico.  A través de juegos y paseos o recorridos en bici, este recurso lúdico invita a la reflexión y el aprendizaje poniendo a prueba todos los sentidos.   Los ejemplares se encuentran disponibles de forma gratuita en el Punto de Información del Paseo de la Chopera.   Con este nuevo recurso lúdico que ofrece el centro gratuitamente, los visitantes pueden realizar de forma autónoma un divertido recorrido a través de los 100 años de historia de Matadero. Esta aventura gráfica invita a redescubrir con asombro la arquitectura y usos del recinto, a través de un cuidado trabajo de mapeo visual que reinterpreta para los más pequeños los distintos usos que se le han otorgado.";"http://www.madrid.es/sites/v/index.jsp?vgnextchannel=ca9671ee4a9eb410VgnVCM100000171f5a0aRCRD&vgnextoid=d7fff2d5c9662910VgnVCM1000001d4a900aRCRD";"Talleres: Programa familias primavera";"http://www.madrid.es/sites/v/index.jsp?vgnextchannel=ca9671ee4a9eb410VgnVCM100000171f5a0aRCRD&vgnextoid=c0882ead2d826910VgnVCM1000001d4a900aRCRD";"http://www.madrid.es/sites/v/index.jsp?vgnextchannel=bfa48ab43d6bb410VgnVCM100000171f5a0aRCRD&vgnextoid=ef686a9ee7336110VgnVCM1000000b205a0aRCRD";"Matadero Madrid";"1";"PLAZA";"LEGAZPI";"8";"ARGANZUELA";"CHOPERA";"28045";"440946";"4471422";"40.39130985242181";"-3.6958028442054074";"";"/usuario/Familias"
12728551;"Exposciones";"";"1";"1";"L,M,X,J,V,S";"";"2025-06-02 00:00:00.0";"2025-06-30 23:59:00.0";"";"Exposción de los trabajos realizados por los alumnos de los talleres del centro:      Pinturas del 3 al 17. Alumnos del centro Manualidades del 4 al 25. Alumnos del centro Fotografía del 17 al 30. Alumnos del centro";"http://www.madrid.es/sites/v/index.jsp?vgnextchannel=ca9671ee4a9eb410VgnVCM100000171f5a0aRCRD&vgnextoid=bd06dbd50a8b5910VgnVCM1000001d4a900aRCRD";"Actividades en el Centro Cultural José Luis Sampedro";"http://www.madrid.es/sites/v/index.jsp?vgnextchannel=ca9671ee4a9eb410VgnVCM100000171f5a0aRCRD&vgnextoid=044239c8e2993510VgnVCM2000001f4a900aRCRD";"http://www.madrid.es/sites/v/index.jsp?vgnextchannel=bfa48ab43d6bb410VgnVCM100000171f5a0aRCRD&vgnextoid=bd3fba61e681c010VgnVCM1000000b205a0aRCRD";"Centro Cultural José Luis Sampedro (Latina)";"1";"CALLE";"CASTROSERNA";"4";"LATINA";"LUCERO";"28047";"436432";"4472601";"40.40159394334669";"-3.749110841406562";"/contenido/actividades/Exposiciones";""
12791894;"Exposición";"";"1";"1";"L,M,X,J,V,S";"";"2025-06-02 00:00:00.0";"2025-06-27 23:59:00.0";"";"Exposición de las obras realizadas por las alumnas y alumnos de los talleres de Pintura y Restauración de Muebles del Centro Socio Cultural Almirante Churruca.";"http://www.madrid.es/sites/v/index.jsp?vgnextchannel=ca9671ee4a9eb410VgnVCM100000171f5a0aRCRD&vgnextoid=1c59799c28f27910VgnVCM1000001d4a900aRCRD";"Actividades Centro Sociocultural Almirante Churruca";"http://www.madrid.es/sites/v/index.jsp?vgnextchannel=ca9671ee4a9eb410VgnVCM100000171f5a0aRCRD&vgnextoid=f22064b68b893510VgnVCM2000001f4a900aRCRD";"http://www.madrid.es/sites/v/index.jsp?vgnextchannel=bfa48ab43d6bb410VgnVCM100000171f5a0aRCRD&vgnextoid=76c43d0b5e71c010VgnVCM1000000b205a0aRCRD";"Centro Sociocultural Almirante Churruca (Latina)";"1";"CALLE";"FUENTE DEL TIRO";"72";"LATINA";"LAS AGUILAS";"28024";"433786";"4470559";"40.3829835905706";"-3.7800890564106613";"/contenido/actividades/Exposiciones";""
12599696;"Exposición";"";"1";"1";"L,M,X,J,V,S";"";"2025-06-06 00:00:00.0";"2025-06-25 23:59:00.0";"";"Se exponen los trabajos de los alumnos de los talleres de pintura, encaje de bolillos y decoración en porcelana, que se imparten en el Centro Sociocultural El Greco.";"http://www.madrid.es/sites/v/index.jsp?vgnextchannel=ca9671ee4a9eb410VgnVCM100000171f5a0aRCRD&vgnextoid=d2f3b1be42363910VgnVCM1000001d4a900aRCRD";"Actividades en el Centro Sociocultural El Greco";"http://www.madrid.es/sites/v/index.jsp?vgnextchannel=ca9671ee4a9eb410VgnVCM100000171f5a0aRCRD&vgnextoid=6e1264b68b893510VgnVCM2000001f4a900aRCRD";"http://www.madrid.es/sites/v/index.jsp?vgnextchannel=bfa48ab43d6bb410VgnVCM100000171f5a0aRCRD&vgnextoid=cae2b3e42751c010VgnVCM2000000c205a0aRCRD";"Centro Sociocultural El Greco (Latina)";"1";"CALLE";"EL GRECO";"29";"LATINA";"LUCERO";"28011";"436578";"4473235";"40.407316328180464";"-3.747465416906973";"/contenido/actividades/Exposiciones";""
12791846;"Exposición";"";"1";"1";"L,M,X,J,V,S";"";"2025-06-02 00:00:00.0";"2025-06-27 23:59:00.0";"";"Exposición de pintura (adultos e infantil) realizada por los alumnos de los talleres del Centro Cultural Sara Montiel. Profesores: Ana Blázquez, Carmen Rubio y Enrique Suárez.   Exposición del Taller de Restauración realizada por los alumnos de los talleres del Centro Cultural Sara Montiel. Profesoras: Yoraina Antillano y Maria Ruiz.   Exposición del Taller de Cerámica realizada por los alumnos de los talleres del Centro Cultural Sara Montiel. Profesora: Alessandra Guadagno.";"http://www.madrid.es/sites/v/index.jsp?vgnextchannel=ca9671ee4a9eb410VgnVCM100000171f5a0aRCRD&vgnextoid=2041460a06f27910VgnVCM1000001d4a900aRCRD";"Actividades en el Centro Cultural Sara Montiel";"http://www.madrid.es/sites/v/index.jsp?vgnextchannel=ca9671ee4a9eb410VgnVCM100000171f5a0aRCRD&vgnextoid=fd49b87374893510VgnVCM2000001f4a900aRCRD";"http://www.madrid.es/sites/v/index.jsp?vgnextchannel=bfa48ab43d6bb410VgnVCM100000171f5a0aRCRD&vgnextoid=c957cbf06c81c010VgnVCM1000000b205a0aRCRD";"Centro Cultural Sara Montiel (Latina)";"1";"CARRETERA";"BOADILLA DEL MONTE";"40";"LATINA";"CAMPAMENTO";"28024";"434222";"4472418";"40.399764677637116";"-3.775144917950534";"/contenido/actividades/Exposiciones";""
12773480;"Exposición 20 Aniversario del Centro Sociocultural Marconi";"";"1";"1";"L,M,X,J,V";"";"2025-05-19 00:00:00.0";"2025-10-10 23:59:00.0";"";"El Centro Sociocultural Marconi está de celebración, en 2025 ha cumplido 20 años desde su puesta en funcionamiento, y desde la Asociación Fotográfica de Villaverde queremos desearle que siga cumpliendo muchos años más y dando la cobertura cultural que se merece el barrio. En esta exposición, queremos hacer un recorrido por el barrio recogiendo imágenes de sus alrededores hasta llegar a los vecinos que forman parte de éste. Nos adentramos en sus calles, espacios deportivos, edificios significativos, comercios y sus sueños y retratamos el día a día de los vecinos de su barrio. Queremos agradecer a todos que durante estos 20 años hayais y sigais contando con el Centro Sociocultural Marconi.";"http://www.madrid.es/sites/v/index.jsp?vgnextchannel=ca9671ee4a9eb410VgnVCM100000171f5a0aRCRD&vgnextoid=027406d5a73c6910VgnVCM2000001f4a900aRCRD";"Actividades en el Centro Sociocultural Marconi";"http://www.madrid.es/sites/v/index.jsp?vgnextchannel=ca9671ee4a9eb410VgnVCM100000171f5a0aRCRD&vgnextoid=446ed15c0bfe4910VgnVCM2000001f4a900aRCRD";"http://www.madrid.es/sites/v/index.jsp?vgnextchannel=bfa48ab43d6bb410VgnVCM100000171f5a0aRCRD&vgnextoid=6cb0085f5181c010VgnVCM1000000b205a0aRCRD";"Centro Sociocultural Marconi (Villaverde)";"1";"ACCESO";"COLONIA MARCONI";"4";"VILLAVERDE";"VILLAVERDE ALTO C.H.";"28021";"440472";"4465148";"40.3347558542528";"-3.7008037217338274";"/contenido/actividades/Exposiciones";""
12735433;"Exposición acuarela, pintura y bolillos";"";"1";"1";"L,M,X,J,V,S,D";"";"2025-06-02 00:00:00.0";"2025-06-28 23:59:00.0";"00:00";"Exposición a cargo  cscAlfonso XII De lunes a viernes, de 09:00 a 21:00 horas. Sábados, domingos y festivos de 09:30 a 20:00 horas.";"http://www.madrid.es/sites/v/index.jsp?vgnextchannel=ca9671ee4a9eb410VgnVCM100000171f5a0aRCRD&vgnextoid=b27fe109ca9d5910VgnVCM2000001f4a900aRCRD";"Actividades. Centro Sociocultural Alfonso XII (Fuencarral - El Pardo). Abril 2025";"http://www.madrid.es/sites/v/index.jsp?vgnextchannel=ca9671ee4a9eb410VgnVCM100000171f5a0aRCRD&vgnextoid=f4c4bf1731221610VgnVCM2000001f4a900aRCRD";"http://www.madrid.es/sites/v/index.jsp?vgnextchannel=bfa48ab43d6bb410VgnVCM100000171f5a0aRCRD&vgnextoid=b7d168540e41c010VgnVCM2000000c205a0aRCRD";"Centro Sociocultural Alfonso XII (Fuencarral - El Pardo)";"1";"CALLE";"MIRA EL RIO";"4";"FUENCARRAL-EL PARDO";"EL PARDO";"28048";"434105";"4485730";"40.519673311658686";"-3.7779055687726535";"/contenido/actividades/Exposiciones";""
12791453;"Exposición alumnos del Centro Sociocultural Alfonso XII (acuarela, pintura y bolillos)";"";"1";"1";"L,M,X,J,V,S,D";"";"2025-06-02 00:00:00.0";"2025-06-28 23:59:00.0";"09:00";"Consultar en el centro las fechas concretas de exposición según actividades.    De lunes a viernes, de 9:00 a 21:00 horas.    Sábados, domingos y festivos, de 9:30 a 20:00 horas.";"http://www.madrid.es/sites/v/index.jsp?vgnextchannel=ca9671ee4a9eb410VgnVCM100000171f5a0aRCRD&vgnextoid=8d8f8b5aa6127910VgnVCM2000001f4a900aRCRD";"Actividades en el Centro Sociocultural Alfonso XII";"http://www.madrid.es/sites/v/index.jsp?vgnextchannel=ca9671ee4a9eb410VgnVCM100000171f5a0aRCRD&vgnextoid=4f88d17704a1c810VgnVCM1000001d4a900aRCRD";"http://www.madrid.es/sites/v/index.jsp?vgnextchannel=bfa48ab43d6bb410VgnVCM100000171f5a0aRCRD&vgnextoid=b7d168540e41c010VgnVCM2000000c205a0aRCRD";"Centro Sociocultural Alfonso XII (Fuencarral - El Pardo)";"1";"CALLE";"MIRA EL RIO";"4";"FUENCARRAL-EL PARDO";"EL PARDO";"28048";"434105";"4485730";"40.519673311658686";"-3.7779055687726535";"/contenido/actividades/Exposiciones";""
12702126;"Exposición colectiva de los talleres del Centro";"";"1";"1";"L,M,X,J,V,S";"";"2025-06-01 00:00:00.0";"2025-06-30 23:59:00.0";"";"Exposición colectiva de los talleres de manualidades, pintura, restauración de muebles y tapicería de los alumnos del Centro.";"http://www.madrid.es/sites/v/index.jsp?vgnextchannel=ca9671ee4a9eb410VgnVCM100000171f5a0aRCRD&vgnextoid=085893fcc5745910VgnVCM2000001f4a900aRCRD";"Actividades en el Centro Sociocultural Rosario de Acuña";"http://www.madrid.es/sites/v/index.jsp?vgnextchannel=ca9671ee4a9eb410VgnVCM100000171f5a0aRCRD&vgnextoid=97a7b1a5e9470610VgnVCM1000001d4a900aRCRD";"http://www.madrid.es/sites/v/index.jsp?vgnextchannel=bfa48ab43d6bb410VgnVCM100000171f5a0aRCRD&vgnextoid=2bae598d1351c010VgnVCM1000000b205a0aRCRD";"Centro Sociocultural Rosario de Acuña (Latina)";"1";"CALLE";"MARIA DEL CARMEN";"65";"LATINA";"PUERTA DEL ANGEL";"28011";"437830";"4473132";"40.40647389284976";"-3.7327010920242043";"/contenido/actividades/Exposiciones";""
12807203;"Exposición conjunta de fotografía y arte reciclado. Materia renovada";"";"1";"1";"L,M,X,J,V,S,D";"";"2025-09-01 00:00:00.0";"2025-09-28 23:59:00.0";"";"Exposición arte reciclado: José María Garrido   Aproximar lo antiguo, sagrado, mitológico, a la cultura actual, a la civilización de las nuevas tecnologías, al aprovechamiento de los residuos sólidos durante el acto creativo, para la conservación del planeta, es el objetivo de esta muestra, porque somos lo que aprendimos y no debemos olvidar. Así nuestro primer encuentro con la física no será el único, porque la materia no se destruye, sino que se transforma. No sobra nada, todo es útil para la creación. Todo es convertible y cada elemento de construcción tiene sus propiedades: dureza, temperatura, textura, maleabilidad, resistencia? y otra vez nos encontramos con la física.";"http://www.madrid.es/sites/v/index.jsp?vgnextchannel=ca9671ee4a9eb410VgnVCM100000171f5a0aRCRD&vgnextoid=708233a373c87910VgnVCM1000001d4a900aRCRD";"Actividades en el Centro Cultural Antonio Machado";"http://www.madrid.es/sites/v/index.jsp?vgnextchannel=ca9671ee4a9eb410VgnVCM100000171f5a0aRCRD&vgnextoid=74f47a01d8641910VgnVCM2000001f4a900aRCRD";"http://www.madrid.es/sites/v/index.jsp?vgnextchannel=bfa48ab43d6bb410VgnVCM100000171f5a0aRCRD&vgnextoid=cce43d0b5e71c010VgnVCM1000000b205a0aRCRD";"Centro Cultural Antonio Machado (San Blas - Canillejas)";"1";"CALLE";"SAN ROMAN DEL VALLE";"8";"SAN BLAS-CANILLEJAS";"ARCOS";"28037";"447255";"4474591";"40.420280457570335";"-3.621730741880216";"/contenido/actividades/Exposiciones";""
12807216;"Exposición conjunta de fotografía y arte reciclado. Vida";"";"1";"1";"L,M,X,J,V,S,D";"";"2025-09-01 00:00:00.0";"2025-09-28 23:59:00.0";"";"Exposición fotográfica: Adoración Rosado  La exposición de fotografías 'VIDA' de Adoración Rosado Merchán, es la búsqueda de un objetivo que se aparece cuando menos se le espera, ese instante de luz que acoge y delimita una mirada furtiva, o esa dosis de paciencia que se desborda a la hora de buscar, o el brillo de sus ojos al apresar en la retina de su cámara una pieza codiciada. Llama la atención, el detalle de que cada foto va acompañada de una cartela que desvela el encanto del propósito. O la respuesta a la pregunta que la autora se hace para resolver esta exposición: ¿Qué es la vida? libertad, curiosidad, nostalgia, observación, paciencia, relajación, riesgo, sigilo? Y es desde esta perspectiva desde donde la temática de esta muestra adquiere carta de naturaleza, a todo color, entre contrastes espontáneos.";"http://www.madrid.es/sites/v/index.jsp?vgnextchannel=ca9671ee4a9eb410VgnVCM100000171f5a0aRCRD&vgnextoid=570433a373c87910VgnVCM1000001d4a900aRCRD";"Actividades en el Centro Cultural Antonio Machado";"http://www.madrid.es/sites/v/index.jsp?vgnextchannel=ca9671ee4a9eb410VgnVCM100000171f5a0aRCRD&vgnextoid=74f47a01d8641910VgnVCM2000001f4a900aRCRD";"http://www.madrid.es/sites/v/index.jsp?vgnextchannel=bfa48ab43d6bb410VgnVCM100000171f5a0aRCRD&vgnextoid=cce43d0b5e71c010VgnVCM1000000b205a0aRCRD";"Centro Cultural Antonio Machado (San Blas - Canillejas)";"1";"CALLE";"SAN ROMAN DEL VALLE";"8";"SAN BLAS-CANILLEJAS";"ARCOS";"28037";"447255";"4474591";"40.420280457570335";"-3.621730741880216";"/contenido/actividades/Exposiciones";""
12781637;"Exposición de acuarela y arte para niños de los alumnos del Centro Cultural";"";"1";"1";"L,M,X,J,V,S,D";"";"2025-06-17 00:00:00.0";"2025-06-29 23:59:00.0";"";"Exposición de acuarela y arte";"http://www.madrid.es/sites/v/index.jsp?vgnextchannel=ca9671ee4a9eb410VgnVCM100000171f5a0aRCRD&vgnextoid=03ce4c17bb7f6910VgnVCM1000001d4a900aRCRD";"Actividades en el Centro Cultural Ciudad Pegaso";"http://www.madrid.es/sites/v/index.jsp?vgnextchannel=ca9671ee4a9eb410VgnVCM100000171f5a0aRCRD&vgnextoid=f75970db6da41910VgnVCM2000001f4a900aRCRD";"http://www.madrid.es/sites/v/index.jsp?vgnextchannel=bfa48ab43d6bb410VgnVCM100000171f5a0aRCRD&vgnextoid=07f63190712b1110VgnVCM1000000b205a0aRCRD";"Centro Cultural Ciudad Pegaso (San Blas - Canillejas)";"1";"AVENIDA";"SEPTIMA";"11";"SAN BLAS-CANILLEJAS";"REJAS";"28022";"449281";"4477704";"40.44844757572015";"-3.598099871155595";"/contenido/actividades/Exposiciones";"/usuario/Niños,/usuario/Familias"
12789663;"Exposición de alumnos/as del Centro Sociocultural Montecarmelo";"";"1";"1";"L,M,X,J,V,S,D";"";"2025-06-02 00:00:00.0";"2025-06-28 23:59:00.0";"";"Consultar en el Centro las fechas concretas de exposición, según actividades. Horario de exposición en el mismo horario de apertura del Centro Sociocultural.";"http://www.madrid.es/sites/v/index.jsp?vgnextchannel=ca9671ee4a9eb410VgnVCM100000171f5a0aRCRD&vgnextoid=7a3ebd9ef2c17910VgnVCM1000001d4a900aRCRD";"Actividades en el Centro Sociocultural Montecarmelo";"http://www.madrid.es/sites/v/index.jsp?vgnextchannel=ca9671ee4a9eb410VgnVCM100000171f5a0aRCRD&vgnextoid=14e048187451c810VgnVCM1000001d4a900aRCRD";"http://www.madrid.es/sites/v/index.jsp?vgnextchannel=bfa48ab43d6bb410VgnVCM100000171f5a0aRCRD&vgnextoid=30f2b51ae6295210VgnVCM2000000c205a0aRCRD";"Centro Sociocultural Montecarmelo (Fuencarral - El Pardo)";"1";"Carretera";"M-607 Km 13 L-10";"";"FUENCARRAL-EL PARDO";"EL GOLOSO";"28049";"441892";"4485296";"40.515712291624084";"-3.6860532895354448";"/contenido/actividades/Exposiciones";""
12625302;"Exposición de alumnos/as del Centro Sociocultural Rafael de León";"";"1";"1";"L,M,X,J,V";"";"2025-06-03 00:00:00.0";"2025-06-27 23:59:00.0";"";"Consultar en el Centro las fechas concretas de exposición, según actividades.  Horario de apertura del Centro Sociocultural.";"http://www.madrid.es/sites/v/index.jsp?vgnextchannel=ca9671ee4a9eb410VgnVCM100000171f5a0aRCRD&vgnextoid=559465783d9d3910VgnVCM1000001d4a900aRCRD";"Actividades en el Centro Sociocultural Rafael de León";"http://www.madrid.es/sites/v/index.jsp?vgnextchannel=ca9671ee4a9eb410VgnVCM100000171f5a0aRCRD&vgnextoid=1ffc298e9ad97810VgnVCM2000001f4a900aRCRD";"http://www.madrid.es/sites/v/index.jsp?vgnextchannel=bfa48ab43d6bb410VgnVCM100000171f5a0aRCRD&vgnextoid=7e0b1e79ee71c010VgnVCM1000000b205a0aRCRD";"Centro Sociocultural Rafael de León (Fuencarral - El Pardo)";"1";"CALLE";"ISLA DE ONS";"14";"FUENCARRAL-EL PARDO";"PEÑA GRANDE";"28035";"438850";"4481314";"40.48025613358832";"-3.7214686777952974";"/contenido/actividades/Exposiciones";""
12794332;"Exposición de Ana Hernando 'Cinceles y Pinceles'";"";"1";"1";"L,M,X,J,V,S,D";"";"2025-07-15 00:00:00.0";"2025-07-30 23:59:00.0";"09:00";"De lunes a domingo, de 9 a 21 h. Sala de exposiciones José Luis Sampedro. Centro Cultural Galileo.   Ana Hernando, nos trae la exposición 'Cinceles y Pinceles'";"http://www.madrid.es/sites/v/index.jsp?vgnextchannel=ca9671ee4a9eb410VgnVCM100000171f5a0aRCRD&vgnextoid=7e9c619ced437910VgnVCM1000001d4a900aRCRD";"Actividades de verano en el Distrito de Chamberí";"http://www.madrid.es/sites/v/index.jsp?vgnextchannel=ca9671ee4a9eb410VgnVCM100000171f5a0aRCRD&vgnextoid=a9d769ea76117910VgnVCM1000001d4a900aRCRD";"http://www.madrid.es/sites/v/index.jsp?vgnextchannel=bfa48ab43d6bb410VgnVCM100000171f5a0aRCRD&vgnextoid=30181e79ee71c010VgnVCM1000000b205a0aRCRD";"Centro Cultural Galileo (Chamberí)";"1";"CALLE";"GALILEO";"39";"CHAMBERI";"ARAPILES";"28015";"439741";"4476139";"40.433719454283505";"-3.7104468992841753";"/contenido/actividades/Exposiciones";""
12807134;"Exposición de arte joven - Arganzuela";"";"1";"0";"";"";"2025-06-28 00:00:00.0";"2025-06-28 23:59:00.0";"20:30";"";"http://www.madrid.es/sites/v/index.jsp?vgnextchannel=ca9671ee4a9eb410VgnVCM100000171f5a0aRCRD&vgnextoid=6cb44faaadb87910VgnVCM1000001d4a900aRCRD";"";"";"http://www.madrid.es/sites/v/index.jsp?vgnextchannel=bfa48ab43d6bb410VgnVCM100000171f5a0aRCRD&vgnextoid=6c5c625c0d168510VgnVCM1000001d4a900aRCRD";"Nave de Terneras del Centro Cultural Casa del Reloj";"1";"PASEO";"CHOPERA";"10";"ARGANZUELA";"CHOPERA";"28045";"440676";"4471620";"40.39307289237465";"-3.699005654074825";"/contenido/actividades/1ciudad21distritos";""
12800943;"Exposición de Dibujo y Pintura";"";"1";"1";"L,M,X,J,V";"";"2025-06-11 00:00:00.0";"2025-06-30 23:59:00.0";"";"Exposición de los trabajos de dibujo y pintura, realizado por los/as alumnos/as de los talleres de dibujo y pintura del Centro Sociocultural San Cristóbal de los Ángeles.";"http://www.madrid.es/sites/v/index.jsp?vgnextchannel=ca9671ee4a9eb410VgnVCM100000171f5a0aRCRD&vgnextoid=9a67deff79e57910VgnVCM1000001d4a900aRCRD";"Actividades en el Centro Sociocultural San Cristóbal de los Ángeles";"http://www.madrid.es/sites/v/index.jsp?vgnextchannel=ca9671ee4a9eb410VgnVCM100000171f5a0aRCRD&vgnextoid=46fed15c0bfe4910VgnVCM2000001f4a900aRCRD";"http://www.madrid.es/sites/v/index.jsp?vgnextchannel=bfa48ab43d6bb410VgnVCM100000171f5a0aRCRD&vgnextoid=7f4a79262ef5d010VgnVCM1000000b205a0aRCRD";"Centro Sociocultural San Cristóbal de los Ángeles (Villaverde)";"1";"PLAZA";"PINAZO";"9";"VILLAVERDE";"SAN CRISTOBAL";"28021";"441274";"4466022";"40.34268360439146";"-3.6914402549812873";"/contenido/actividades/Exposiciones";""
12792864;"Exposición de fotografía de los talleres de fotografía";"";"1";"1";"L,M,X,J,V,S";"";"2025-06-13 00:00:00.0";"2025-06-30 23:59:00.0";"";"Exposición de los trabajos de los alumnos y alumnas de los talleres de fotografía del profesor Amadeo Sánchez de Nascimiento.";"http://www.madrid.es/sites/v/index.jsp?vgnextchannel=ca9671ee4a9eb410VgnVCM100000171f5a0aRCRD&vgnextoid=7f0153804e037910VgnVCM2000001f4a900aRCRD";"Actividades en el Centro Sociocultural Santa Petronila";"http://www.madrid.es/sites/v/index.jsp?vgnextchannel=ca9671ee4a9eb410VgnVCM100000171f5a0aRCRD&vgnextoid=fe7ed15c0bfe4910VgnVCM2000001f4a900aRCRD";"http://www.madrid.es/sites/v/index.jsp?vgnextchannel=bfa48ab43d6bb410VgnVCM100000171f5a0aRCRD&vgnextoid=03f7cbf06c81c010VgnVCM1000000b205a0aRCRD";"Centro Sociocultural Santa Petronila (Villaverde)";"1";"CALLE";"MARIA MARTINEZ OVIOL";"12";"VILLAVERDE";"LOS ROSALES";"28021";"441276";"4466932";"40.350886994103284";"-3.6914981254409645";"";""
12792907;"Exposición de Fotografía Urbana y Paisajística";"";"1";"1";"L,M,X,J,V,S";"";"2025-06-20 00:00:00.0";"2025-06-27 23:59:00.0";"";"Exposición de los trabajos realizados por los/as alumnos/as del taller de Fotografía Urbana y Paisajística.  Profesora: Ligia Berenice Berg Sánchez.";"http://www.madrid.es/sites/v/index.jsp?vgnextchannel=ca9671ee4a9eb410VgnVCM100000171f5a0aRCRD&vgnextoid=fbaaf80bf1137910VgnVCM1000001d4a900aRCRD";"Actividades en el Centro Sociocultural Bohemios";"http://www.madrid.es/sites/v/index.jsp?vgnextchannel=ca9671ee4a9eb410VgnVCM100000171f5a0aRCRD&vgnextoid=51dcd15c0bfe4910VgnVCM2000001f4a900aRCRD";"http://www.madrid.es/sites/v/index.jsp?vgnextchannel=bfa48ab43d6bb410VgnVCM100000171f5a0aRCRD&vgnextoid=42753d0b5e71c010VgnVCM1000000b205a0aRCRD";"Centro Sociocultural Bohemios (Villaverde)";"1";"CALLE";"LOS BOHEMIOS";"1";"VILLAVERDE";"LOS ANGELES";"28041";"441066";"4467547";"40.35639654251886";"-3.6940501846610894";"/contenido/actividades/Exposiciones";""
12790878;"Exposición de fotografías";"";"1";"1";"L,M,X,J,V,S,D";"";"2025-06-16 00:00:00.0";"2025-06-30 23:59:00.0";"";"Exposición de fotografías de los alumnos del Centro Cultural Hortaleza.";"http://www.madrid.es/sites/v/index.jsp?vgnextchannel=ca9671ee4a9eb410VgnVCM100000171f5a0aRCRD&vgnextoid=34a4ba0908027910VgnVCM1000001d4a900aRCRD";"Actividades en el Centro Cultural Hortaleza";"http://www.madrid.es/sites/v/index.jsp?vgnextchannel=ca9671ee4a9eb410VgnVCM100000171f5a0aRCRD&vgnextoid=11a2acd787eb1610VgnVCM2000001f4a900aRCRD";"http://www.madrid.es/sites/v/index.jsp?vgnextchannel=bfa48ab43d6bb410VgnVCM100000171f5a0aRCRD&vgnextoid=86381e79ee71c010VgnVCM1000000b205a0aRCRD";"Centro Cultural Hortaleza";"1";"CALLE";"SANTA VIRGILIA";"15";"HORTALEZA";"PINAR DEL REY";"28033";"445577";"4480880";"40.47682410775741";"-3.6420497457238";"/contenido/actividades/Exposiciones";""
12811056;"Exposición de fotografía. Taller 24/25";"";"1";"1";"L,M,X,J,V,S,D";"";"2025-06-20 00:00:00.0";"2025-07-30 23:59:00.0";"";"Los mejores trabajos realizados por los grupos del Taller de Fotografía del Centro Cultural Buenavista durante el curso 24/25. Dirigido por la profesora Marta Navarro";"http://www.madrid.es/sites/v/index.jsp?vgnextchannel=ca9671ee4a9eb410VgnVCM100000171f5a0aRCRD&vgnextoid=8b3d239e245a7910VgnVCM1000001d4a900aRCRD";"Actividades en el Centro Cultural Buenavista";"http://www.madrid.es/sites/v/index.jsp?vgnextchannel=ca9671ee4a9eb410VgnVCM100000171f5a0aRCRD&vgnextoid=9b3b34ade7a86710VgnVCM2000001f4a900aRCRD";"http://www.madrid.es/sites/v/index.jsp?vgnextchannel=bfa48ab43d6bb410VgnVCM100000171f5a0aRCRD&vgnextoid=068e598d1351c010VgnVCM1000000b205a0aRCRD";"Centro Cultural Buenavista (Salamanca)";"1,5,6";"AVENIDA";"TOREROS";"5";"SALAMANCA";"GUINDALERA";"28028";"443094";"4475922";"40.43200001609297";"-3.670904677285496";"/contenido/actividades/Exposiciones";""
12794362;"Exposición de joyería: 'Prendidos'";"";"1";"1";"L,M,X,J,V,S,D";"";"2025-09-02 00:00:00.0";"2025-09-13 23:59:00.0";"09:00";"De lunes a domingo, de 9 a 21 h. Sala de exposiciones Clotilde García del Castillo. Centro Cultural Galileo.   En colaboración con el gremio de joyeros de Madrid, y coincidiendo con la semana de la moda en nuestra ciudad se presentará un conjunto de 20 piezas de joyería tipo broche, que contribuirán a la difusión del arte joyero como una manifestación cultural contemporánea.";"http://www.madrid.es/sites/v/index.jsp?vgnextchannel=ca9671ee4a9eb410VgnVCM100000171f5a0aRCRD&vgnextoid=498f619ced437910VgnVCM1000001d4a900aRCRD";"Actividades de verano en el Distrito de Chamberí";"http://www.madrid.es/sites/v/index.jsp?vgnextchannel=ca9671ee4a9eb410VgnVCM100000171f5a0aRCRD&vgnextoid=a9d769ea76117910VgnVCM1000001d4a900aRCRD";"http://www.madrid.es/sites/v/index.jsp?vgnextchannel=bfa48ab43d6bb410VgnVCM100000171f5a0aRCRD&vgnextoid=30181e79ee71c010VgnVCM1000000b205a0aRCRD";"Centro Cultural Galileo (Chamberí)";"1";"CALLE";"GALILEO";"39";"CHAMBERI";"ARAPILES";"28015";"439741";"4476139";"40.433719454283505";"-3.7104468992841753";"/contenido/actividades/Exposiciones";"/usuario/Niños"
12794302;"Exposición de la Asociación de Acuarelistas de Pozuelo: 'Luz y Color en la Acuarela y Pastel'";"";"1";"1";"L,M,X,J,V,S,D";"";"2025-06-18 00:00:00.0";"2025-06-29 23:59:00.0";"09:00";"De lunes a domingo, de 9h a 21 h. Sala de exposiciones Clotilde García del Castillo. Centro Cultural Galileo. La Asociación de Acuarelistas y Pastelistas de Pozuelo de Alarcón, surge a partir del interés de un grupo de personas por desarrollar en sus trabajos las técnicas pictóricas de la acuarela y el pastel. La Asociación acoge, tanto a profesionales como amateurs. Se registró en 2018 y entre sus fines está el fomento y divulgación de la acuarela, el pastel y técnicas afines.";"http://www.madrid.es/sites/v/index.jsp?vgnextchannel=ca9671ee4a9eb410VgnVCM100000171f5a0aRCRD&vgnextoid=732a619ced437910VgnVCM1000001d4a900aRCRD";"Actividades de verano en el Distrito de Chamberí";"http://www.madrid.es/sites/v/index.jsp?vgnextchannel=ca9671ee4a9eb410VgnVCM100000171f5a0aRCRD&vgnextoid=a9d769ea76117910VgnVCM1000001d4a900aRCRD";"http://www.madrid.es/sites/v/index.jsp?vgnextchannel=bfa48ab43d6bb410VgnVCM100000171f5a0aRCRD&vgnextoid=30181e79ee71c010VgnVCM1000000b205a0aRCRD";"Centro Cultural Galileo (Chamberí)";"1";"CALLE";"GALILEO";"39";"CHAMBERI";"ARAPILES";"28015";"439741";"4476139";"40.433719454283505";"-3.7104468992841753";"/contenido/actividades/Exposiciones";""
12794276;"Exposición de la Asociación Española de Pintores y Escultores: 'Paisaje Urbano'";"";"1";"1";"L,M,X,J,V,S,D";"";"2025-06-04 00:00:00.0";"2025-06-29 23:59:00.0";"09:00";"De lunes a domingo, de 9h a 21 h. Sala de exposiciones José Luis Sampedro. Centro Cultural Galileo.   La Asociación Española de Pintores y Escultores propone una exposición basada en el paisaje urbano. La pintura de paisajes urbanos se basa en las escenas de la ciudad y los elementos que la misma contiene. Si bien no podemos establecer el momento exacto del nacimiento de la pintura urbana, sí podemos hablar de las primeras representaciones parciales de ciudades de algunos manuscritos iluminados, pero es a finales del siglo XIII y principios del XIV cuando Lorenzetti pintará el primer paisaje urbano de la historia del arte occidental.";"http://www.madrid.es/sites/v/index.jsp?vgnextchannel=ca9671ee4a9eb410VgnVCM100000171f5a0aRCRD&vgnextoid=6f66f9d17c437910VgnVCM1000001d4a900aRCRD";"Actividades de verano en el Distrito de Chamberí";"http://www.madrid.es/sites/v/index.jsp?vgnextchannel=ca9671ee4a9eb410VgnVCM100000171f5a0aRCRD&vgnextoid=a9d769ea76117910VgnVCM1000001d4a900aRCRD";"http://www.madrid.es/sites/v/index.jsp?vgnextchannel=bfa48ab43d6bb410VgnVCM100000171f5a0aRCRD&vgnextoid=30181e79ee71c010VgnVCM1000000b205a0aRCRD";"Centro Cultural Galileo (Chamberí)";"1";"CALLE";"GALILEO";"39";"CHAMBERI";"ARAPILES";"28015";"439741";"4476139";"40.433719454283505";"-3.7104468992841753";"/contenido/actividades/Exposiciones";""
12794387;"Exposición de la Fundación Fernando Buesa: 'El Valor de la Palabra. El Valor del Compromiso'";"";"1";"1";"L,M,X,J,V,S,D";"";"2025-09-17 00:00:00.0";"2025-09-29 23:59:00.0";"09:00";"De lunes a domingo, de 9 a 21 h Sala de exposicionesvJosé Luis Sampedro. Centro Cultural Galileo.   Los veinticinco años que hace del asesinato de Fernando Buesa Blanco y su escolta, Jorge Díez Elorza, son los de la trayectoria de la fundación que lleva su nombre. Si una lógica sectaria acabó entonces con sus vidas, otra inversa, que busca el encuentro entre diferentes sobre la base del pluralismo, el Estado de derecho y la democracia, nos ha dado fuerzas en ese tiempo. Aquella confianza de Fernando en la palabra, como único argumento para relacionarse con los demás y para buscar puntos en común para la acción, sigue siendo la que nutre la apuesta de la Fundación Buesa por una ciudadanía libre.";"http://www.madrid.es/sites/v/index.jsp?vgnextchannel=ca9671ee4a9eb410VgnVCM100000171f5a0aRCRD&vgnextoid=a566619ced437910VgnVCM1000001d4a900aRCRD";"Actividades de verano en el Distrito de Chamberí";"http://www.madrid.es/sites/v/index.jsp?vgnextchannel=ca9671ee4a9eb410VgnVCM100000171f5a0aRCRD&vgnextoid=a9d769ea76117910VgnVCM1000001d4a900aRCRD";"http://www.madrid.es/sites/v/index.jsp?vgnextchannel=bfa48ab43d6bb410VgnVCM100000171f5a0aRCRD&vgnextoid=30181e79ee71c010VgnVCM1000000b205a0aRCRD";"Centro Cultural Galileo (Chamberí)";"1";"CALLE";"GALILEO";"39";"CHAMBERI";"ARAPILES";"28015";"439741";"4476139";"40.433719454283505";"-3.7104468992841753";"/contenido/actividades/Exposiciones";""
12782460;"Exposición de las obras realizadas en los talleres de pintura y fotografía impartidos en el centro";"";"1";"1";"L,M,X,J,V,S,D";"";"2025-06-03 00:00:00.0";"2025-06-27 23:59:00.0";"";"Sinopsis: Exposición de obras y fotografías realizadas por el alumnado de los talleres de pintura, tanto de grupos infantiles como de adultos, y fotografía impartidos en el centro.       FECHAS:  Pintura de grupos de adultos: Desde el 2 al 19 de junio. Pintura de grupos infantiles: Desde el 20 al 27 de junio. Fotografía: Desde el 2 de junio al 23 de junio en la galería de la primera planta.";"http://www.madrid.es/sites/v/index.jsp?vgnextchannel=ca9671ee4a9eb410VgnVCM100000171f5a0aRCRD&vgnextoid=2f5c888dc9cf6910VgnVCM2000001f4a900aRCRD";"Actividades en el Centro Sociocultural Francisco Fatou";"http://www.madrid.es/sites/v/index.jsp?vgnextchannel=ca9671ee4a9eb410VgnVCM100000171f5a0aRCRD&vgnextoid=c70fe07d5bf61910VgnVCM1000001d4a900aRCRD";"http://www.madrid.es/sites/v/index.jsp?vgnextchannel=bfa48ab43d6bb410VgnVCM100000171f5a0aRCRD&vgnextoid=d9e73d0b5e71c010VgnVCM1000000b205a0aRCRD";"Centro Sociocultural Francisco Fatou (Villa de Vallecas)";"1";"CALLE";"MANUEL VELEZ";"10";"VILLA DE VALLECAS";"CASCO H.VALLECAS";"28031";"447107";"4470075";"40.37959032098656";"-3.62310875744905";"/contenido/actividades/Exposiciones";""
12791421;"Exposición de los alumnos y alumnas de artes plásticas, bolillos y fotografía digital del Centro Sociocultural Valle-Ínclán.";"";"1";"1";"L,M,X,J,V";"";"2025-06-02 00:00:00.0";"2025-06-27 23:59:00.0";"";"";"http://www.madrid.es/sites/v/index.jsp?vgnextchannel=ca9671ee4a9eb410VgnVCM100000171f5a0aRCRD&vgnextoid=d01c8b5aa6127910VgnVCM2000001f4a900aRCRD";"Actividades en el Centro Sociocultural Valle-Inclán";"http://www.madrid.es/sites/v/index.jsp?vgnextchannel=ca9671ee4a9eb410VgnVCM100000171f5a0aRCRD&vgnextoid=42d7e0e00419c810VgnVCM1000001d4a900aRCRD";"http://www.madrid.es/sites/v/index.jsp?vgnextchannel=bfa48ab43d6bb410VgnVCM100000171f5a0aRCRD&vgnextoid=aa1c1e79ee71c010VgnVCM1000000b205a0aRCRD";"Centro Sociocultural Valle Inclán (Fuencarral - El Pardo)";"1";"CALLE";"ARZOBISPO MORCILLO";"7";"FUENCARRAL-EL PARDO";"LA PAZ";"28029";"441233";"4481384";"40.48106787416528";"-3.6933504628706095";"/contenido/actividades/Exposiciones";""
12806152;"Exposición de Objetos Restaurados";"";"1";"1";"L,M,X,J,V";"";"2025-06-17 00:00:00.0";"2025-06-30 23:59:00.0";"";"Exposición de objetos restaurados, realizados por las alumnas de los talleres de restauración del Centro Sociocultural San Cristóbal de los Ángeles.   Profesora: Rosa Físico.";"http://www.madrid.es/sites/v/index.jsp?vgnextchannel=ca9671ee4a9eb410VgnVCM100000171f5a0aRCRD&vgnextoid=46d23cba01787910VgnVCM2000001f4a900aRCRD";"Actividades en el Centro Sociocultural San Cristóbal de los Ángeles";"http://www.madrid.es/sites/v/index.jsp?vgnextchannel=ca9671ee4a9eb410VgnVCM100000171f5a0aRCRD&vgnextoid=46fed15c0bfe4910VgnVCM2000001f4a900aRCRD";"http://www.madrid.es/sites/v/index.jsp?vgnextchannel=bfa48ab43d6bb410VgnVCM100000171f5a0aRCRD&vgnextoid=7f4a79262ef5d010VgnVCM1000000b205a0aRCRD";"Centro Sociocultural San Cristóbal de los Ángeles (Villaverde)";"1";"PLAZA";"PINAZO";"9";"VILLAVERDE";"SAN CRISTOBAL";"28021";"441274";"4466022";"40.34268360439146";"-3.6914402549812873";"/contenido/actividades/Exposiciones";""
12784930;"Exposición de pintura";"";"1";"1";"L,M,X,J,V,S,D";"";"2025-06-01 00:00:00.0";"2025-06-30 23:59:00.0";"";"";"http://www.madrid.es/sites/v/index.jsp?vgnextchannel=ca9671ee4a9eb410VgnVCM100000171f5a0aRCRD&vgnextoid=0a3b6c33ba017910VgnVCM2000001f4a900aRCRD";"Exposición de pintura";"http://www.madrid.es/sites/v/index.jsp?vgnextchannel=ca9671ee4a9eb410VgnVCM100000171f5a0aRCRD&vgnextoid=54e96c33ba017910VgnVCM2000001f4a900aRCRD";"http://www.madrid.es/sites/v/index.jsp?vgnextchannel=bfa48ab43d6bb410VgnVCM100000171f5a0aRCRD&vgnextoid=bf388899fc81c010VgnVCM1000000b205a0aRCRD";"Centro Sociocultural Juvenil de Moratalaz";"1";"CALLE";"FUENTE CARRANTONA";"10";"MORATALAZ";"PAVONES";"28030";"445977";"4472270";"40.39928542551079";"-3.636600379403484";"/contenido/actividades/Exposiciones";""
12788232;"Exposición de pintura";"";"1";"1";"L,M,X,J,V,S";"";"2025-06-02 00:00:00.0";"2025-06-26 23:59:00.0";"09:30";"De lunes a sábado de 9:30 a 13:30 y de 16:00 a 20:30. Exposición de los alumnos de pintura y fotografía del Centro Cultural.";"http://www.madrid.es/sites/v/index.jsp?vgnextchannel=ca9671ee4a9eb410VgnVCM100000171f5a0aRCRD&vgnextoid=ed1bf543e8b17910VgnVCM1000001d4a900aRCRD";"Actividades en el Centro Cultural Alfredo Kraus";"http://www.madrid.es/sites/v/index.jsp?vgnextchannel=ca9671ee4a9eb410VgnVCM100000171f5a0aRCRD&vgnextoid=a196a399e519c810VgnVCM1000001d4a900aRCRD";"http://www.madrid.es/sites/v/index.jsp?vgnextchannel=bfa48ab43d6bb410VgnVCM100000171f5a0aRCRD&vgnextoid=7337cbf06c81c010VgnVCM1000000b205a0aRCRD";"Centro Cultural Alfredo Kraus (Fuencarral - El Pardo)";"1";"GLORIETA";"PRADERA DE VAQUERIZAS";"9";"FUENCARRAL-EL PARDO";"MIRASIERRA";"28035";"438848";"4482487";"40.49082275610172";"-3.7216054330053647";"/contenido/actividades/Exposiciones";""
12600106;"Exposición de pintura";"";"1";"1";"L,M,X,J,V,S";"";"2025-06-02 00:00:00.0";"2025-06-30 23:59:00.0";"";"Exposición de alumnos de pintura del Centro Cultural Miguel Hernández.";"http://www.madrid.es/sites/v/index.jsp?vgnextchannel=ca9671ee4a9eb410VgnVCM100000171f5a0aRCRD&vgnextoid=2b91cc735a363910VgnVCM1000001d4a900aRCRD";"Actividades en el Centro Cultural Miguel Hernández";"http://www.madrid.es/sites/v/index.jsp?vgnextchannel=ca9671ee4a9eb410VgnVCM100000171f5a0aRCRD&vgnextoid=9018d9fbe3c7f510VgnVCM2000001f4a900aRCRD";"http://www.madrid.es/sites/v/index.jsp?vgnextchannel=bfa48ab43d6bb410VgnVCM100000171f5a0aRCRD&vgnextoid=420a1e79ee71c010VgnVCM1000000b205a0aRCRD";"Centro Cultural Miguel Hernández (Latina)";"1";"CALLE";"SERRADILLA";"13";"LATINA";"LAS AGUILAS";"28044";"433622";"4470101";"40.378853797128336";"-3.7819616113032115";"/contenido/actividades/Exposiciones";""
12785064;"Exposición de pintura y acuarela CC Juan Genovés";"";"1";"1";"L,M,X,J,V";"";"2025-06-03 00:00:00.0";"2025-06-27 23:59:00.0";"10:00";"";"http://www.madrid.es/sites/v/index.jsp?vgnextchannel=ca9671ee4a9eb410VgnVCM100000171f5a0aRCRD&vgnextoid=76feedbe3e017910VgnVCM1000001d4a900aRCRD";"";"";"http://www.madrid.es/sites/v/index.jsp?vgnextchannel=bfa48ab43d6bb410VgnVCM100000171f5a0aRCRD&vgnextoid=13153d0b5e71c010VgnVCM1000000b205a0aRCRD";"Centro Cultural Juan Genovés (Moncloa - Aravaca)";"1";"TRAVESIA";"CA&amp;Ntilde;O";"5";"MONCLOA-ARAVACA";"ARAVACA";"28023";"433328";"4478964";"40.45867841791346";"-3.7863499043313373";"/contenido/actividades/Exposiciones";"/usuario/Familias"
12784513;"Exposición de pintura, dibujo y fotografía";"";"1";"1";"L,M,X,J,V,S,D";"";"2025-06-01 00:00:00.0";"2025-06-30 23:59:00.0";"";"ALUMNOS TALLERES CENTRO CULTURAL Como cada año, los alumnos asistentes a los cursos y talleres del centro cultural 2024/2025 nos mostrarán parte de los trabajos realizados en las clases a lo largo del curso. Una oportunidad para ver el desarrollo de los talleres y la calidad de estos. Gratuito.";"http://www.madrid.es/sites/v/index.jsp?vgnextchannel=ca9671ee4a9eb410VgnVCM100000171f5a0aRCRD&vgnextoid=d5e276ef83c07910VgnVCM1000001d4a900aRCRD";"Actividades en el Centro Cultural Quinta del Berro - Rafael Altamira";"http://www.madrid.es/sites/v/index.jsp?vgnextchannel=ca9671ee4a9eb410VgnVCM100000171f5a0aRCRD&vgnextoid=bf80615955c3a810VgnVCM2000001f4a900aRCRD";"http://www.madrid.es/sites/v/index.jsp?vgnextchannel=bfa48ab43d6bb410VgnVCM100000171f5a0aRCRD&vgnextoid=bcc7cbf06c81c010VgnVCM1000000b205a0aRCRD";"Centro Cultural Quinta del Berro - Rafael Altamira (Salamanca)";"1,5";"CALLE";"ENRIQUE D'ALMONTE";"1";"SALAMANCA";"FUENTE DEL BERRO";"28028";"443759";"4474815";"40.42206923419431";"-3.6629608041639368";"/contenido/actividades/Exposiciones";""
12794370;"Exposición de pintura: 'Imagine Brands'";"";"1";"1";"L,M,X,J,V,S,D";"";"2025-09-16 00:00:00.0";"2025-09-29 23:59:00.0";"09:00";"De lunes a domingo, de 9 a 21 h Sala de exposiciones Clotilde García del Castillo. Centro Cultural Galileo.   El autor crea marcas imaginarias y productos absurdos y los representa como etiquetas, carteles, envases y soportes diversos. La inspiración proviene de múltiples fuentes, basándose en diversas referencias formales: desde el arte antiguo, los códices iluminados y la iconografía medieval, hasta el arte contemporáneo, rótulos, juguetes, cómics y objetos curiosos. La rotulación manual y la caligrafía son técnicas que utiliza en sus obras.";"http://www.madrid.es/sites/v/index.jsp?vgnextchannel=ca9671ee4a9eb410VgnVCM100000171f5a0aRCRD&vgnextoid=26a2619ced437910VgnVCM1000001d4a900aRCRD";"Actividades de verano en el Distrito de Chamberí";"http://www.madrid.es/sites/v/index.jsp?vgnextchannel=ca9671ee4a9eb410VgnVCM100000171f5a0aRCRD&vgnextoid=a9d769ea76117910VgnVCM1000001d4a900aRCRD";"http://www.madrid.es/sites/v/index.jsp?vgnextchannel=bfa48ab43d6bb410VgnVCM100000171f5a0aRCRD&vgnextoid=30181e79ee71c010VgnVCM1000000b205a0aRCRD";"Centro Cultural Galileo (Chamberí)";"1";"CALLE";"GALILEO";"39";"CHAMBERI";"ARAPILES";"28015";"439741";"4476139";"40.433719454283505";"-3.7104468992841753";"/contenido/actividades/Exposiciones";""
12784200;"Exposición de Punto y Crochet";"";"1";"1";"L,M,X,J,V,S";"";"2025-06-19 00:00:00.0";"2025-06-26 23:59:00.0";"";"Exposición de los trabajos realizados por las alumnas del taller de punto y Crochet.   Profesora: Lar Muiño Belso.";"http://www.madrid.es/sites/v/index.jsp?vgnextchannel=ca9671ee4a9eb410VgnVCM100000171f5a0aRCRD&vgnextoid=53302603efb07910VgnVCM2000001f4a900aRCRD";"Actividades en el Centro Sociocultural Bohemios";"http://www.madrid.es/sites/v/index.jsp?vgnextchannel=ca9671ee4a9eb410VgnVCM100000171f5a0aRCRD&vgnextoid=51dcd15c0bfe4910VgnVCM2000001f4a900aRCRD";"http://www.madrid.es/sites/v/index.jsp?vgnextchannel=bfa48ab43d6bb410VgnVCM100000171f5a0aRCRD&vgnextoid=42753d0b5e71c010VgnVCM1000000b205a0aRCRD";"Centro Sociocultural Bohemios (Villaverde)";"1";"CALLE";"LOS BOHEMIOS";"1";"VILLAVERDE";"LOS ANGELES";"28041";"441066";"4467547";"40.35639654251886";"-3.6940501846610894";"/contenido/actividades/Exposiciones";""
12785438;"Exposición de talleres curso 2024/2025";"";"1";"1";"L,M,X,J,V,S,D";"";"2025-06-16 00:00:00.0";"2025-06-27 23:59:00.0";"";"Horario: de 9 a 21:30 horas, excepto fines de semana y festivos. Exposición de los trabajos realizados por los alumnos de los talleres del Centro Cultural Lope de Vega, durante el curso 2024/2025, en las disciplinas de pintura, manualidades, encaje de bolillos, corte y confección y fotografía.";"http://www.madrid.es/sites/v/index.jsp?vgnextchannel=ca9671ee4a9eb410VgnVCM100000171f5a0aRCRD&vgnextoid=dcb007f005117910VgnVCM2000001f4a900aRCRD";"Actividades en el Centro Cultural Lope de Vega";"http://www.madrid.es/sites/v/index.jsp?vgnextchannel=ca9671ee4a9eb410VgnVCM100000171f5a0aRCRD&vgnextoid=74ba6ec1906fc610VgnVCM1000001d4a900aRCRD";"http://www.madrid.es/sites/v/index.jsp?vgnextchannel=bfa48ab43d6bb410VgnVCM100000171f5a0aRCRD&vgnextoid=4a273d0b5e71c010VgnVCM1000000b205a0aRCRD";"Centro Cultural Lope de Vega (Puente de Vallecas)";"1";"CALLE";"CONCEJO DE TEVERGA";"1";"PUENTE DE VALLECAS";"ENTREVIAS";"28053";"442974";"4470850";"40.386296991431074";"-3.671858416387963";"/contenido/actividades/Exposiciones";""
12794316;"Exposición del Colectivo Azul: 'People'";"";"1";"1";"L,M,X,J,V,S,D";"";"2025-07-02 00:00:00.0";"2025-07-12 23:59:00.0";"09:00";"Sala de exposiciones José Luis Sampedro. Centro Cultural Galileo. de 9 a 21 h.   En un tiempo marcado por la velocidad, la hiperconectividad y la fragmentación, People propone una pausa: una mirada múltiple, profunda y diversa sobre lo más esencial y, a la vez, más complejo que existe: las personas. Esta exposición colectiva, organizada por el Colectivo AZUL, reúne a más de 80 artistas cuyas obras exploran la experiencia humana desde distintas perspectivas, técnicas y lenguajes visuales. Cada pieza se convierte en un retrato, una historia, una emoción o una pregunta sobre quiénes somos, cómo nos relacionamos y qué nos define. Desde la representación figurativa hasta la abstracción conceptual, People abarca una rica variedad de enfoques que dialogan entre sí, revelando la pluralidad de identidades, las tensiones sociales, los vínculos afectivos y las realidades cotidianas que conforman nuestra humanidad.";"http://www.madrid.es/sites/v/index.jsp?vgnextchannel=ca9671ee4a9eb410VgnVCM100000171f5a0aRCRD&vgnextoid=ec0b619ced437910VgnVCM1000001d4a900aRCRD";"Actividades de verano en el Distrito de Chamberí";"http://www.madrid.es/sites/v/index.jsp?vgnextchannel=ca9671ee4a9eb410VgnVCM100000171f5a0aRCRD&vgnextoid=a9d769ea76117910VgnVCM1000001d4a900aRCRD";"http://www.madrid.es/sites/v/index.jsp?vgnextchannel=bfa48ab43d6bb410VgnVCM100000171f5a0aRCRD&vgnextoid=30181e79ee71c010VgnVCM1000000b205a0aRCRD";"Centro Cultural Galileo (Chamberí)";"1";"CALLE";"GALILEO";"39";"CHAMBERI";"ARAPILES";"28015";"439741";"4476139";"40.433719454283505";"-3.7104468992841753";"/contenido/actividades/Exposiciones";""
12811595;"Exposición Finalistas-Creative Campus Awards";"Entrada libre hasta completar aforo";"0";"1";"M,X,J,V,S,D";"";"2025-06-14 00:00:00.0";"2025-07-31 23:59:00.0";"";"";"http://www.madrid.es/sites/v/index.jsp?vgnextchannel=ca9671ee4a9eb410VgnVCM100000171f5a0aRCRD&vgnextoid=6e540739f86a7910VgnVCM1000001d4a900aRCRD";"";"";"http://www.madrid.es/sites/v/index.jsp?vgnextchannel=bfa48ab43d6bb410VgnVCM100000171f5a0aRCRD&vgnextoid=ef686a9ee7336110VgnVCM1000000b205a0aRCRD";"Matadero Madrid";"1";"PLAZA";"LEGAZPI";"8";"ARGANZUELA";"CHOPERA";"28045";"440946";"4471422";"40.39130985242181";"-3.6958028442054074";"/contenido/actividades/ProgramacionDestacadaAgendaCultura";""
12690854;"Exposición fotográfica sobre la historia de la Escuela de Adultos del Barrio de El Pilar";"";"1";"1";"L,M,X,J,V";"1/5/2025;2/5/2025;15/5/2025;";"2025-04-30 00:00:00.0";"2025-08-29 23:59:00.0";"12:00";"";"http://www.madrid.es/sites/v/index.jsp?vgnextchannel=ca9671ee4a9eb410VgnVCM100000171f5a0aRCRD&vgnextoid=2179c08889415910VgnVCM2000001f4a900aRCRD";"Exposición fotográfica sobre la historia de la Escuela de Adultos del Barrio de El Pilar";"http://www.madrid.es/sites/v/index.jsp?vgnextchannel=ca9671ee4a9eb410VgnVCM100000171f5a0aRCRD&vgnextoid=2069c08889415910VgnVCM2000001f4a900aRCRD";"http://www.madrid.es/sites/v/index.jsp?vgnextchannel=bfa48ab43d6bb410VgnVCM100000171f5a0aRCRD&vgnextoid=70d879262ef5d010VgnVCM1000000b205a0aRCRD";"Biblioteca Pública Municipal José Saramago (Fuencarral-El Pardo)";"1,5,6";"AVENIDA";"MONFORTE DE LEMOS";"38";"FUENCARRAL-EL PARDO";"EL PILAR";"28029";"439867";"4481122";"40.47860087334554";"-3.7094408342979954";"/contenido/actividades/Exposiciones";""
12732574;"Exposición Madrid desde la calle -  Ciudad Lineal";"";"1";"1";"L,M,X,J,V,S,D";"";"2025-06-21 00:00:00.0";"2025-07-05 23:59:00.0";"00:00";"";"http://www.madrid.es/sites/v/index.jsp?vgnextchannel=ca9671ee4a9eb410VgnVCM100000171f5a0aRCRD&vgnextoid=df80e300442d5910VgnVCM1000001d4a900aRCRD";"";"";"http://www.madrid.es/sites/v/index.jsp?vgnextchannel=bfa48ab43d6bb410VgnVCM100000171f5a0aRCRD&vgnextoid=d1ca1e79ee71c010VgnVCM1000000b205a0aRCRD";"Centro Cultural Príncipe de Asturias (Ciudad Lineal)";"1,5,6";"CALLE";"HERMANOS GARCIA NOBLEJAS";"14";"CIUDAD LINEAL";"PUEBLO NUEVO";"28037";"445948";"4476395";"40.43644651057092";"-3.6372924261150033";"/contenido/actividades/1ciudad21distritos";""
12801835;"Exposición Producto Fresco 2025";"Acceso libre hasta completar aforo";"0";"1";"L,M,X,J,V,S,D";"";"2025-06-16 00:00:00.0";"2025-09-14 23:59:00.0";"";"";"http://www.madrid.es/sites/v/index.jsp?vgnextchannel=ca9671ee4a9eb410VgnVCM100000171f5a0aRCRD&vgnextoid=fd49f31ddc367910VgnVCM1000001d4a900aRCRD";"";"";"http://www.madrid.es/sites/v/index.jsp?vgnextchannel=bfa48ab43d6bb410VgnVCM100000171f5a0aRCRD&vgnextoid=ef686a9ee7336110VgnVCM1000000b205a0aRCRD";"Matadero Madrid";"1";"PLAZA";"LEGAZPI";"8";"ARGANZUELA";"CHOPERA";"28045";"440946";"4471422";"40.39130985242181";"-3.6958028442054074";"/contenido/actividades/ProgramacionDestacadaAgendaCultura";""
12801931;"Exposición proyecto 'LIBERA, unidos contra la basuraleza?";"";"1";"1";"X,J,V,S,D";"";"2025-07-02 00:00:00.0";"2025-09-28 23:59:00.0";"10:00";"Exposición basada en el proyecto 'LIBERA, unidos contra la basuraleza? creado por la  ONG SEO/BirdLife, en alianza con  Ecoembes , organización que promueve la economía circular a través del reciclaje de los envases para liberar la naturaleza de basura. El objetivo de esta iniciativa es concienciar y movilizar a la ciudadanía para mantener los espacios naturales liberados de residuos. Para ello, LIBERA plantea un abordaje del problema en tres dimensiones: conocimiento, prevención y participación.";"http://www.madrid.es/sites/v/index.jsp?vgnextchannel=ca9671ee4a9eb410VgnVCM100000171f5a0aRCRD&vgnextoid=0aee7c18cc367910VgnVCM2000001f4a900aRCRD";"Exposición proyecto 'LIBERA, unidos contra la basuraleza?";"http://www.madrid.es/sites/v/index.jsp?vgnextchannel=ca9671ee4a9eb410VgnVCM100000171f5a0aRCRD&vgnextoid=e8430a3187367910VgnVCM2000001f4a900aRCRD";"http://www.madrid.es/sites/v/index.jsp?vgnextchannel=bfa48ab43d6bb410VgnVCM100000171f5a0aRCRD&vgnextoid=8a22598d1351c010VgnVCM1000000b205a0aRCRD";"Centro de Información y Educación Ambiental de Casa de Campo";"1";"PARQUE";"CASA DE CAMPO (JUNTO AL EMBARCADERO DEL LAGO)";"";"MONCLOA-ARAVACA";"CASA DE CAMPO";"28011";"437990";"4474399";"40.41789950036311";"-3.7309390858931137";"/contenido/actividades/Exposiciones";""
12803099;"Exposición Talent Lab";"";"1";"1";"L,M,X,J,V,S,D";"";"2025-06-19 00:00:00.0";"2025-07-18 23:59:00.0";"08:30";"";"http://www.madrid.es/sites/v/index.jsp?vgnextchannel=ca9671ee4a9eb410VgnVCM100000171f5a0aRCRD&vgnextoid=be3c71b0e8967910VgnVCM2000001f4a900aRCRD";"";"";"http://www.madrid.es/sites/v/index.jsp?vgnextchannel=bfa48ab43d6bb410VgnVCM100000171f5a0aRCRD&vgnextoid=e791bed05ceed310VgnVCM1000000b205a0aRCRD";"Biblioteca Pública Municipal Eugenio Trías. Casa de Fieras de El Retiro (Retiro)";"1,6";"PASEO";"FERNÁN NÚÑEZ";"24";"RETIRO";"LOS JERONIMOS";"28009";"442345";"4474221";"40.4166091081099";"-3.6795930368034804";"/contenido/actividades/Exposiciones";""
12794344;"Exposición 'Ciemat: Los Habitantes invisibles del aire'";"";"1";"1";"L,M,X,J,V,S,D";"";"2025-09-01 00:00:00.0";"2025-09-14 23:59:00.0";"09:00";"De lunes a domingo, de 9 a 21 h. Sala de exposiciones José Luis Sampedro. Centro Cultural Galileo.   Espacio creado para acercar la belleza microscópica de la naturaleza y estrechar el vínculo que nos une a ella. A través de imagen científica acompañada con diferentes técnicas de arte visual, el visitante se sumergirá en un mundo con el que convive habitualmente escapando a su vista, y esencial para la salud, y equilibrio del entorno natural y el clima.";"http://www.madrid.es/sites/v/index.jsp?vgnextchannel=ca9671ee4a9eb410VgnVCM100000171f5a0aRCRD&vgnextoid=a39e619ced437910VgnVCM1000001d4a900aRCRD";"Actividades de verano en el Distrito de Chamberí";"http://www.madrid.es/sites/v/index.jsp?vgnextchannel=ca9671ee4a9eb410VgnVCM100000171f5a0aRCRD&vgnextoid=a9d769ea76117910VgnVCM1000001d4a900aRCRD";"http://www.madrid.es/sites/v/index.jsp?vgnextchannel=bfa48ab43d6bb410VgnVCM100000171f5a0aRCRD&vgnextoid=30181e79ee71c010VgnVCM1000000b205a0aRCRD";"Centro Cultural Galileo (Chamberí)";"1";"CALLE";"GALILEO";"39";"CHAMBERI";"ARAPILES";"28015";"439741";"4476139";"40.433719454283505";"-3.7104468992841753";"/contenido/actividades/Exposiciones";""
12728530;"Exposiciones";"";"1";"1";"L,M,X,J,V,S";"";"2025-06-01 00:00:00.0";"2025-06-30 23:59:00.0";"";"Del 1 al 14 de junio:     El profesor Angel Martos nos acerca en esta interesante y amena muestra el mundo de la encuadernación de libros, y sus alumnas y alumnos el trabajo que han desarrollado en este curso.     Las alumnas y alumnos de los talleres de pintura y dibujo de los profesores Sebastián Margulis y Olga Santomé nos muestran los trabajos que han realizado durante este curso.     Del 16 al 30 de junio:     Las alumnas y alumnos de la profesora Chus Navalón exponen las obras que han realizado durante el curso que ahora termina.";"http://www.madrid.es/sites/v/index.jsp?vgnextchannel=ca9671ee4a9eb410VgnVCM100000171f5a0aRCRD&vgnextoid=13e4dbd50a8b5910VgnVCM1000001d4a900aRCRD";"Actividades en el Centro Cultural Fernando de los Ríos";"http://www.madrid.es/sites/v/index.jsp?vgnextchannel=ca9671ee4a9eb410VgnVCM100000171f5a0aRCRD&vgnextoid=36e6d0843f893510VgnVCM2000001f4a900aRCRD";"http://www.madrid.es/sites/v/index.jsp?vgnextchannel=bfa48ab43d6bb410VgnVCM100000171f5a0aRCRD&vgnextoid=3d973d0b5e71c010VgnVCM1000000b205a0aRCRD";"Centro Cultural Fernando de los Ríos (Latina)";"1";"CALLE";"CAMARENA";"10";"LATINA";"ALUCHE";"28047";"435819";"4471933";"40.39552931214334";"-3.7562667464373223";"/contenido/actividades/Exposiciones";""
12790967;"Exposiciones de los alumnos de los talleres del Centro Cultural";"";"1";"1";"L,M,X,J,V,S,D";"";"2025-06-01 00:00:00.0";"2025-06-30 23:59:00.0";"";"DEL 2 AL 13 DE JUNIO.   EXPOSICIÓN DE LOS ALUMNOS DE FOTOGRAFÍA DEL C.S.C. VILLA DE BARAJAS  Horario: De 10,00 a 14,00 y de 16,00 a 21,00 horas. Lugar:  Sala de Exposiciones  Centro Socio Cultural Villa de Barajas       DEL 23 AL 30 DE JUNIO  EXPOSICIÓN DE LOS ALUMNOS DE PINTURA DEL CLUB VIVE IBERIA  Horario: De 10,00 a 14,00 y de 16,00 a 21,00 horas. Lugar:  Sala de Exposiciones  Centro Socio Cultural Villa de Barajas          DEL 4 AL 18 DE JUNIO  EXPOSICIÓN DE LOS ALUMNOS DE MANUALIDADES DEL C.S.C. VILLA DE BARAJAS  Horario: De 10,00 a 14,00 y de 16,00 a 21,00 horas. Lugar:  Patio de Cristales  Centro Socio Cultural Villa de Barajas   DEL 2 AL 13 DE JUNIO  EXPOSICIÓN DE LOS ALUMNOS DE PINTURA DEL C.S.C. VILLA DE BARAJAS  Horario: De 10,00 a 14,00 y de 16,00 a 21,00 horas. Lugar:  Sala de Exposiciones c/Botica 7  Centro Socio Cultural Villa de Barajas   DEL 16 AL 27 DE JUNIO  EXPOSICIÓN DE LOS ALUMNOS DE PINTURA INFANTIL DEL C.S.C. VILLA DE BARAJAS  Horario: De 10,00 a 14,00 y de 16,00 a 21,00 horas. Lugar:  Sala de Exposiciones c/Botica 7  Centro Socio Cultural Villa de Barajas";"http://www.madrid.es/sites/v/index.jsp?vgnextchannel=ca9671ee4a9eb410VgnVCM100000171f5a0aRCRD&vgnextoid=7adce1efbc027910VgnVCM2000001f4a900aRCRD";"Actividades del Centro Cultural Villa de Barajas";"http://www.madrid.es/sites/v/index.jsp?vgnextchannel=ca9671ee4a9eb410VgnVCM100000171f5a0aRCRD&vgnextoid=7cf87fa151abf810VgnVCM2000001f4a900aRCRD";"http://www.madrid.es/sites/v/index.jsp?vgnextchannel=bfa48ab43d6bb410VgnVCM100000171f5a0aRCRD&vgnextoid=476c1e79ee71c010VgnVCM1000000b205a0aRCRD";"Centro Cultural - Centro Socio Cultural Villa de Barajas";"1,5,6";"CALLE";"BOTICA";"7";"BARAJAS";"CASCO H.BARAJAS";"28042";"450962";"4480446";"40.47324881250678";"-3.5784908616003723";"/contenido/actividades/Exposiciones";""
12792550;"EXPOSICIÓN. Lola Salinas 'Pasión al oleo'";"";"1";"1";"L,M,X,J,V,S";"";"2025-07-08 00:00:00.0";"2025-07-19 23:59:00.0";"";"";"http://www.madrid.es/sites/v/index.jsp?vgnextchannel=ca9671ee4a9eb410VgnVCM100000171f5a0aRCRD&vgnextoid=5d7119f894037910VgnVCM2000001f4a900aRCRD";"";"";"http://www.madrid.es/sites/v/index.jsp?vgnextchannel=bfa48ab43d6bb410VgnVCM100000171f5a0aRCRD&vgnextoid=d1ca1e79ee71c010VgnVCM1000000b205a0aRCRD";"Centro Cultural Príncipe de Asturias (Ciudad Lineal)";"1,5,6";"CALLE";"HERMANOS GARCIA NOBLEJAS";"14";"CIUDAD LINEAL";"PUEBLO NUEVO";"28037";"445948";"4476395";"40.43644651057092";"-3.6372924261150033";"/contenido/actividades/Exposiciones";""
12736424;"Exposición: Anfibios españoles. Los más amenazados de nuestra fauna";"";"1";"1";"X,J,V,S,D";"";"2025-04-02 00:00:00.0";"2025-06-29 23:59:00.0";"10:00";"";"http://www.madrid.es/sites/v/index.jsp?vgnextchannel=ca9671ee4a9eb410VgnVCM100000171f5a0aRCRD&vgnextoid=b8291d4aeecd5910VgnVCM2000001f4a900aRCRD";"Exposición: Anfibios españoles. Los más amenazados de nuestra fauna";"http://www.madrid.es/sites/v/index.jsp?vgnextchannel=ca9671ee4a9eb410VgnVCM100000171f5a0aRCRD&vgnextoid=18f7f2081bcd5910VgnVCM2000001f4a900aRCRD";"http://www.madrid.es/sites/v/index.jsp?vgnextchannel=bfa48ab43d6bb410VgnVCM100000171f5a0aRCRD&vgnextoid=8a22598d1351c010VgnVCM1000000b205a0aRCRD";"Centro de Información y Educación Ambiental de Casa de Campo";"1";"PARQUE";"CASA DE CAMPO (JUNTO AL EMBARCADERO DEL LAGO)";"";"MONCLOA-ARAVACA";"CASA DE CAMPO";"28011";"437990";"4474399";"40.41789950036311";"-3.7309390858931137";"/contenido/actividades/Exposiciones";""
12794231;"Exposición: Augusta Holmés, pianista y compositora francesa del siglo XIX";"";"1";"1";"L,M,X,J,V";"";"2025-06-03 00:00:00.0";"2025-09-30 23:59:00.0";"";"";"http://www.madrid.es/sites/v/index.jsp?vgnextchannel=ca9671ee4a9eb410VgnVCM100000171f5a0aRCRD&vgnextoid=9852f9d17c437910VgnVCM1000001d4a900aRCRD";"Exposición: Giovanni Perluigi da Palestrina, compositor renacentista de música sacra";"http://www.madrid.es/sites/v/index.jsp?vgnextchannel=ca9671ee4a9eb410VgnVCM100000171f5a0aRCRD&vgnextoid=7c2961cfcafdb710VgnVCM2000001f4a900aRCRD";"http://www.madrid.es/sites/v/index.jsp?vgnextchannel=bfa48ab43d6bb410VgnVCM100000171f5a0aRCRD&vgnextoid=d482270f58c6c310VgnVCM2000000c205a0aRCRD";"Biblioteca Musical Víctor Espinós";"1,6";"CALLE";"CONDE DUQUE";"9";"CENTRO";"UNIVERSIDAD";"28015";"439723";"4475437";"40.42737760210632";"-3.7106116887809817";"/contenido/actividades/Exposiciones";""
12767085;"Exposición: España también es gitana";"";"1";"1";"L,M,X,J,V,S";"";"2025-06-04 00:00:00.0";"2025-06-29 23:59:00.0";"";"INSTITUTO DE CULTURA GITANA     Horario: de lunes a sábado de 9 a 21 horas. Festivos cerrado.  Comisariada por el Instituto de Cultura Gitana conmemora los 600 años de la llegada del Pueblo Gitano a España.  En ella el visitante podrá recorrer tres espacios centrados en:   La HISTORIA (un Pueblo sin miedo a la libertad: de Oriente a Occidente), El ARTE (la Cultura Gitana y sus aportaciones a la Cultura Española) El FLAMENCO (el Lungo Drom: Familienco. El cante de las familias) durante estos 600 años de historia.   La exposición busca dar a conocer y poner en valor la Cultura y al Pueblo Gitano a través de una selección de objetos de gran valor histórico, obras artísticas y vídeos explicativos que contribuyen a entender la cuestión gitana como una cuestión de reconocimiento cultural y político, más allá de los tratamientos estrictamente asistenciales que hasta ahora se han realizado.";"http://www.madrid.es/sites/v/index.jsp?vgnextchannel=ca9671ee4a9eb410VgnVCM100000171f5a0aRCRD&vgnextoid=1d1463d57fd96910VgnVCM1000001d4a900aRCRD";"Actividades en el Centro Cultural Casa del Reloj";"http://www.madrid.es/sites/v/index.jsp?vgnextchannel=ca9671ee4a9eb410VgnVCM100000171f5a0aRCRD&vgnextoid=b8ce2420dc891910VgnVCM1000001d4a900aRCRD";"http://www.madrid.es/sites/v/index.jsp?vgnextchannel=bfa48ab43d6bb410VgnVCM100000171f5a0aRCRD&vgnextoid=3de6d4ddebac6810VgnVCM1000001d4a900aRCRD";"Sala de exposiciones La Lonja. Centro Cultural Casa del Reloj (Arganzuela)";"1";"PASEO";"CHOPERA";"10";"ARGANZUELA";"CHOPERA";"28045";"440676";"4471620";"40.39307289237465";"-3.699005654074825";"/contenido/actividades/Exposiciones";""
12806023;"Exposición: Karlheinz Stockhausen, el lenguaje del Universo";"";"1";"1";"L,M,X,J,V,S,D";"";"2025-06-19 00:00:00.0";"2025-09-30 23:59:00.0";"00:00";"";"http://www.madrid.es/sites/v/index.jsp?vgnextchannel=ca9671ee4a9eb410VgnVCM100000171f5a0aRCRD&vgnextoid=59d5f7bdc2587910VgnVCM1000001d4a900aRCRD";"";"";"http://www.madrid.es/sites/v/index.jsp?vgnextchannel=bfa48ab43d6bb410VgnVCM100000171f5a0aRCRD&vgnextoid=d482270f58c6c310VgnVCM2000000c205a0aRCRD";"Biblioteca Musical Víctor Espinós";"1,6";"CALLE";"CONDE DUQUE";"9";"CENTRO";"UNIVERSIDAD";"28015";"439723";"4475437";"40.42737760210632";"-3.7106116887809817";"/contenido/actividades/Exposiciones";""
12763315;"Exposición: Miscelánea talleres pintura, acuarela y dibujo, curso 2024-2025";"";"1";"1";"L,M,X,J,V,S";"";"2025-06-05 00:00:00.0";"2025-06-25 23:59:00.0";"09:00";"Horario de apertura del Centro Socioculural.";"http://www.madrid.es/sites/v/index.jsp?vgnextchannel=ca9671ee4a9eb410VgnVCM100000171f5a0aRCRD&vgnextoid=083c4e4bcdb76910VgnVCM1000001d4a900aRCRD";"Actividades en el Centro Sociocultural Valverde";"http://www.madrid.es/sites/v/index.jsp?vgnextchannel=ca9671ee4a9eb410VgnVCM100000171f5a0aRCRD&vgnextoid=371b57bf29a1c810VgnVCM2000001f4a900aRCRD";"http://www.madrid.es/sites/v/index.jsp?vgnextchannel=bfa48ab43d6bb410VgnVCM100000171f5a0aRCRD&vgnextoid=f04c1e79ee71c010VgnVCM1000000b205a0aRCRD";"Centro Sociocultural Valverde (Fuencarral - El Pardo)";"1";"PLAZA";"ISLAS AZORES";"1";"FUENCARRAL-EL PARDO";"VALVERDE";"28034";"441699";"4482933";"40.49504564211655";"-3.6880070256093758";"/contenido/actividades/Exposiciones";""
12797933;"EXPOSICIÓN: 'EXPO POP! CINE Y TV";"";"1";"1";"L,M,X,J,V,S";"";"2025-06-17 00:00:00.0";"2025-07-17 23:59:00.0";"";"";"http://www.madrid.es/sites/v/index.jsp?vgnextchannel=ca9671ee4a9eb410VgnVCM100000171f5a0aRCRD&vgnextoid=d24fdb3e7b447910VgnVCM1000001d4a900aRCRD";"Exposiciones en el distrito de Tetuán";"http://www.madrid.es/sites/v/index.jsp?vgnextchannel=ca9671ee4a9eb410VgnVCM100000171f5a0aRCRD&vgnextoid=4762273c8ff5e810VgnVCM1000001d4a900aRCRD";"http://www.madrid.es/sites/v/index.jsp?vgnextchannel=bfa48ab43d6bb410VgnVCM100000171f5a0aRCRD&vgnextoid=c0fa3c89a18d5910VgnVCM1000001d4a900aRCRD";"Junta Municipal del Distrito de Tetuán";"1";"CALLE";"BRAVO MURILLO";"357";"TETUAN";"ALMENARA";"28020";"441190";"4479614";"40.46512470562675";"-3.693686385782941";"/contenido/actividades/Exposiciones";""
12787107;"Fácil de amar";"";"1";"0";"";"";"2025-06-25 00:00:00.0";"2025-06-25 23:59:00.0";"18:30";"Cine Clásicos del Espronceda: 'Fácil de amar' (1953). Charles Walters. Con coloquio de Guillermo Balmori (crítico de cine). Van Johnson y Tony Martin se disputan el amor de Esther Williams en Florida mientras ella hace sus números musicales en el agua. La sirenita Williams en technicolor en su pleno apogeo. Duración: 96 minutos. Edad recomendada: a partir de 16 años.";"http://www.madrid.es/sites/v/index.jsp?vgnextchannel=ca9671ee4a9eb410VgnVCM100000171f5a0aRCRD&vgnextoid=73dde9131aa17910VgnVCM1000001d4a900aRCRD";"Actividades Centro Cultural José de Espronceda";"http://www.madrid.es/sites/v/index.jsp?vgnextchannel=ca9671ee4a9eb410VgnVCM100000171f5a0aRCRD&vgnextoid=1ba4173467aeb810VgnVCM1000001d4a900aRCRD";"http://www.madrid.es/sites/v/index.jsp?vgnextchannel=bfa48ab43d6bb410VgnVCM100000171f5a0aRCRD&vgnextoid=23881e79ee71c010VgnVCM1000000b205a0aRCRD";"Centro Sociocultural José de Espronceda (Tetuán)";"1";"CALLE";"ALMANSA";"9";"TETUAN";"BELLAS VISTAS";"28039";"440258";"4477792";"40.44864332758775";"-3.704513191828797";"/contenido/actividades/CineActividadesAudiovisuales";""
12597638;"Farruquito";"Desde 30  euros";"0";"1";"J,V,S";"";"2025-06-26 00:00:00.0";"2025-06-28 23:59:00.0";"";"";"http://www.madrid.es/sites/v/index.jsp?vgnextchannel=ca9671ee4a9eb410VgnVCM100000171f5a0aRCRD&vgnextoid=7bbb52df5d253910VgnVCM1000001d4a900aRCRD";"";"";"http://www.madrid.es/sites/v/index.jsp?vgnextchannel=bfa48ab43d6bb410VgnVCM100000171f5a0aRCRD&vgnextoid=2b09c47ca9572910VgnVCM1000001d4a900aRCRD";"Centro Danza Matadero - CDM";"1";"PASEO";"CHOPERA";"14";"ARGANZUELA";"CHOPERA";"28045";"440828";"4471551";"40.39245798191536";"-3.6972067902718897";"/contenido/actividades/DanzaBaile";""
12802669;"Fauna de El Retiro";"";"1";"0";"";"";"2025-09-13 00:00:00.0";"2025-09-13 23:59:00.0";"10:00";"El Retiro es algo más que un lugar de encuentro y disfrute. A pesar de estar en pleno corazón de una gran ciudad como Madrid, es un refugio para una gran variedad de fauna.  Descubre los animales que habitan nuestro emblemático Parque. Actividad dirigida a público adulto.  Duración estimada: aproximadamente dos horas.";"http://www.madrid.es/sites/v/index.jsp?vgnextchannel=ca9671ee4a9eb410VgnVCM100000171f5a0aRCRD&vgnextoid=b1cc5150f8867910VgnVCM2000001f4a900aRCRD";"Itinerarios guiados por El Retiro";"http://www.madrid.es/sites/v/index.jsp?vgnextchannel=ca9671ee4a9eb410VgnVCM100000171f5a0aRCRD&vgnextoid=e7b01130a93b1810VgnVCM1000001d4a900aRCRD";"http://www.madrid.es/sites/v/index.jsp?vgnextchannel=bfa48ab43d6bb410VgnVCM100000171f5a0aRCRD&vgnextoid=796b8193c73c4210VgnVCM1000000b205a0aRCRD";"Centro de Información y Educación Ambiental de El Huerto de El Retiro";"1";"PASEO";"FERNAN NUÑEZ";"2";"RETIRO";"LOS JERONIMOS";"28009";"441779";"4473428";"40.40943503279114";"-3.6861797800993257";"";""
12803567;"Fauna de El Retiro";"";"1";"0";"";"";"2025-07-03 00:00:00.0";"2025-07-03 23:59:00.0";"20:00";"El Retiro es algo más que un lugar de encuentro y disfrute. A pesar de estar en pleno corazón de una gran ciudad como Madrid, es un refugio para una gran variedad de fauna. Descubre los animales que habitan nuestro emblemático Parque. Actividad dirigida a público adulto.  Duración estimada: aproximadamente dos horas.";"http://www.madrid.es/sites/v/index.jsp?vgnextchannel=ca9671ee4a9eb410VgnVCM100000171f5a0aRCRD&vgnextoid=a3c32407bb777910VgnVCM2000001f4a900aRCRD";"Itinerarios guiados a la luz de la luna";"http://www.madrid.es/sites/v/index.jsp?vgnextchannel=ca9671ee4a9eb410VgnVCM100000171f5a0aRCRD&vgnextoid=af532407bb777910VgnVCM2000001f4a900aRCRD";"http://www.madrid.es/sites/v/index.jsp?vgnextchannel=bfa48ab43d6bb410VgnVCM100000171f5a0aRCRD&vgnextoid=796b8193c73c4210VgnVCM1000000b205a0aRCRD";"Centro de Información y Educación Ambiental de El Huerto de El Retiro";"1";"PASEO";"FERNAN NUÑEZ";"2";"RETIRO";"LOS JERONIMOS";"28009";"441779";"4473428";"40.40943503279114";"-3.6861797800993257";"";""
11771324;"Fauna del huerto";"";"1";"0";"";"";"2025-09-21 00:00:00.0";"2025-09-21 23:59:00.0";"11:00";"Se trata de una actividad diseñada para familias de acercamiento a la Biodiversidad presente en los Huertos.  La actividad incorpora un recorrido por las instalaciones del Huerto del Retiro observando y reflexionando sobre la variada diversidad e introduciéndonos en las distintas especies de animales, anfibios e insectos que conviven en este medio y su relación con el entorno.  Hotel de insectos, la charca, comederos para aves, gallinero y vermicomposteras son algunos de los recursos empleados. Dirigido a familias con menores de 6 a 12 años.  Duración estimada: aproximadamente una hora y media.";"http://www.madrid.es/sites/v/index.jsp?vgnextchannel=ca9671ee4a9eb410VgnVCM100000171f5a0aRCRD&vgnextoid=f47def951fa33810VgnVCM1000001d4a900aRCRD";"Talleres familiares";"http://www.madrid.es/sites/v/index.jsp?vgnextchannel=ca9671ee4a9eb410VgnVCM100000171f5a0aRCRD&vgnextoid=21d31f7a68a33810VgnVCM1000001d4a900aRCRD";"http://www.madrid.es/sites/v/index.jsp?vgnextchannel=bfa48ab43d6bb410VgnVCM100000171f5a0aRCRD&vgnextoid=796b8193c73c4210VgnVCM1000000b205a0aRCRD";"Centro de Información y Educación Ambiental de El Huerto de El Retiro";"1";"PASEO";"FERNAN NUÑEZ";"2";"RETIRO";"LOS JERONIMOS";"28009";"441779";"4473428";"40.40943503279114";"-3.6861797800993257";"";""
12811277;"Fernando Asian del Barco";"";"1";"1";"L,M,X,J,V,S,D";"";"2025-07-01 00:00:00.0";"2025-08-26 23:59:00.0";"";"El dibujo es el arte visual que más he practicado y estudiado como lenguaje. Mi dibujo con tinta  china a plumilla y pincel me ha permitido cosechar reconocimientos y comentarios positivos de algunos críticos de arte y de colegas. Creo que el dibujo está en la base de todas las artes plásticas. Es el lenguaje que describe y da sentido a cada idea y al cualquier proyecto visual. Es por lo tanto muy importante en el diseño, la arquitectura, la ingeniería, e incluso en ciencias como la botánica, la biología o la medicina. Mi medio favorito, hablando de pintura, es el óleo sobre cualquier soporte. En mi ejecución tengo una visión realista y surrealista. Me gusta el óleo por su acabado, nobleza, y bien probada resistencia.";"http://www.madrid.es/sites/v/index.jsp?vgnextchannel=ca9671ee4a9eb410VgnVCM100000171f5a0aRCRD&vgnextoid=83e196a2ff5a7910VgnVCM1000001d4a900aRCRD";"Actividades en el Centro Cultural Quinta del Berro - Rafael Altamira";"http://www.madrid.es/sites/v/index.jsp?vgnextchannel=ca9671ee4a9eb410VgnVCM100000171f5a0aRCRD&vgnextoid=bf80615955c3a810VgnVCM2000001f4a900aRCRD";"http://www.madrid.es/sites/v/index.jsp?vgnextchannel=bfa48ab43d6bb410VgnVCM100000171f5a0aRCRD&vgnextoid=bcc7cbf06c81c010VgnVCM1000000b205a0aRCRD";"Centro Cultural Quinta del Berro - Rafael Altamira (Salamanca)";"1,5";"CALLE";"ENRIQUE D'ALMONTE";"1";"SALAMANCA";"FUENTE DEL BERRO";"28028";"443759";"4474815";"40.42206923419431";"-3.6629608041639368";"/contenido/actividades/Exposiciones";""
12801884;"Ferrari";"";"1";"0";"";"";"2025-08-02 00:00:00.0";"2025-08-02 23:59:00.0";"22:00";"Verano de 1957. El expiloto de carreras Enzo Ferrari está en crisis. La bancarrota acecha a la empresa que él y su esposa, Laura, construyeron de la nada diez años atrás. Su tormentoso matrimonio se encuentra en medio de una gran crisis, mientras lidian con la muerte de su hijo. En esta crucial etapa, Ferrari tomará decisiones arriesgadas apostándolo todo en una única carrera que atraviesa 1.000 millas a lo largo de toda Italia: la Mille Miglia. Duración 130 minutos. Edad recomendada: a partir de 12 años.";"http://www.madrid.es/sites/v/index.jsp?vgnextchannel=ca9671ee4a9eb410VgnVCM100000171f5a0aRCRD&vgnextoid=6a2b7c18cc367910VgnVCM2000001f4a900aRCRD";"Cine de verano en Tetuán";"http://www.madrid.es/sites/v/index.jsp?vgnextchannel=ca9671ee4a9eb410VgnVCM100000171f5a0aRCRD&vgnextoid=b6ba7c18cc367910VgnVCM2000001f4a900aRCRD";"";"";"";"";"";"";"";"";"";"";"";"";"";"/contenido/actividades/CineActividadesAudiovisuales";""
12799123;"Festival 4 Estaciones 2025. Barba Dixie Band";"";"1";"0";"";"";"2025-07-04 00:00:00.0";"2025-07-04 23:59:00.0";"19:00";"";"http://www.madrid.es/sites/v/index.jsp?vgnextchannel=ca9671ee4a9eb410VgnVCM100000171f5a0aRCRD&vgnextoid=a91cee1ea9457910VgnVCM2000001f4a900aRCRD";"Festival 4 Estaciones 2025";"http://www.madrid.es/sites/v/index.jsp?vgnextchannel=ca9671ee4a9eb410VgnVCM100000171f5a0aRCRD&vgnextoid=cbdf4248e6383810VgnVCM1000001d4a900aRCRD";"http://www.madrid.es/sites/v/index.jsp?vgnextchannel=bfa48ab43d6bb410VgnVCM100000171f5a0aRCRD&vgnextoid=35e53d0b5e71c010VgnVCM1000000b205a0aRCRD";"Centro Cultural Casa de Vacas (Retiro)";"1";"PASEO";"COLOMBIA";"1";"RETIRO";"LOS JERONIMOS";"28009";"441967";"4474495";"40.41906571939961";"-3.684053112760816";"/contenido/actividades/Musica";""
12799125;"Festival 4 Estaciones 2025. Tú me quieres Blanca";"";"1";"0";"";"";"2025-07-11 00:00:00.0";"2025-07-11 23:59:00.0";"19:00";"Elena Aranoa.";"http://www.madrid.es/sites/v/index.jsp?vgnextchannel=ca9671ee4a9eb410VgnVCM100000171f5a0aRCRD&vgnextoid=954cee1ea9457910VgnVCM2000001f4a900aRCRD";"Festival 4 Estaciones 2025";"http://www.madrid.es/sites/v/index.jsp?vgnextchannel=ca9671ee4a9eb410VgnVCM100000171f5a0aRCRD&vgnextoid=cbdf4248e6383810VgnVCM1000001d4a900aRCRD";"http://www.madrid.es/sites/v/index.jsp?vgnextchannel=bfa48ab43d6bb410VgnVCM100000171f5a0aRCRD&vgnextoid=35e53d0b5e71c010VgnVCM1000000b205a0aRCRD";"Centro Cultural Casa de Vacas (Retiro)";"1";"PASEO";"COLOMBIA";"1";"RETIRO";"LOS JERONIMOS";"28009";"441967";"4474495";"40.41906571939961";"-3.684053112760816";"/contenido/actividades/Musica";""
12785451;"Festival de alumnos en el Centro Cultural Lope de Vega";"";"1";"0";"";"";"2025-06-25 00:00:00.0";"2025-06-25 23:59:00.0";"19:00";"El día 25 de junio, los alumnos de los talleres de aerodance, baile español, gimnasia de mantenimiento y guitarra clásica española del curso 2024-25, celebrarán el festival de fin de curso.";"http://www.madrid.es/sites/v/index.jsp?vgnextchannel=ca9671ee4a9eb410VgnVCM100000171f5a0aRCRD&vgnextoid=2bc107f005117910VgnVCM2000001f4a900aRCRD";"Actividades en el Centro Cultural Lope de Vega";"http://www.madrid.es/sites/v/index.jsp?vgnextchannel=ca9671ee4a9eb410VgnVCM100000171f5a0aRCRD&vgnextoid=74ba6ec1906fc610VgnVCM1000001d4a900aRCRD";"http://www.madrid.es/sites/v/index.jsp?vgnextchannel=bfa48ab43d6bb410VgnVCM100000171f5a0aRCRD&vgnextoid=4a273d0b5e71c010VgnVCM1000000b205a0aRCRD";"Centro Cultural Lope de Vega (Puente de Vallecas)";"1";"CALLE";"CONCEJO DE TEVERGA";"1";"PUENTE DE VALLECAS";"ENTREVIAS";"28053";"442974";"4470850";"40.386296991431074";"-3.671858416387963";"/contenido/actividades/CursosTalleres";""
12788013;"Festival de fin de curso";"";"1";"1";"L,M,X,J,V,S,D";"";"2025-06-09 00:00:00.0";"2025-06-25 23:59:00.0";"19:00";"Del 9 al 20 de junio. Exposición de pintura y cerámica. Sala de exposiciones. Día 12 de junio. Actuaciones de bollywood y danza oriental. En el teatro de 18 a 18:30 horas. Día 12 de junio. Actuaciones de aerodance infantil. En el teatro de 18:30 a 19 horas. Día 17 de junio. Exhibición de judo. En el tatami de judo a las 18 horas. Día 25 de junio. Muestra de guitarra. En la Sala de exposiciones a las 17:30 horas. Día 25 de junio. Muestra de teatro. En el Teatro a las 19:30 horas.";"http://www.madrid.es/sites/v/index.jsp?vgnextchannel=ca9671ee4a9eb410VgnVCM100000171f5a0aRCRD&vgnextoid=09a5911975b17910VgnVCM1000001d4a900aRCRD";"Actividades en el Centro Cultural El Pozo del Tío Raimundo";"http://www.madrid.es/sites/v/index.jsp?vgnextchannel=ca9671ee4a9eb410VgnVCM100000171f5a0aRCRD&vgnextoid=5c0f16c17a87f610VgnVCM2000001f4a900aRCRD";"http://www.madrid.es/sites/v/index.jsp?vgnextchannel=bfa48ab43d6bb410VgnVCM100000171f5a0aRCRD&vgnextoid=add63d0b5e71c010VgnVCM1000000b205a0aRCRD";"Centro Cultural El Pozo del tío Raimundo (Puente de Vallecas)";"1";"AVENIDA";"GLORIETAS";"19";"PUENTE DE VALLECAS";"ENTREVIAS";"28053";"443976";"4469457";"40.37381624358889";"-3.6599325731670977";"/contenido/actividades/Festivales";""
12788107;"Festival de teatro clásico";"";"0";"1";"L,M,X,J,V,S,D";"";"2025-05-29 00:00:00.0";"2025-06-30 23:59:00.0";"";"PRIMER SEMESTRE DE 2025: TEATRO COMPAÑÍA CORRAL CERVANTES   Durante el primer semestre de 2025 la Fundación Siglo de Oro desarrollará su Festival de Teatro Clásico en la Nave de Terneras.";"http://www.madrid.es/sites/v/index.jsp?vgnextchannel=ca9671ee4a9eb410VgnVCM100000171f5a0aRCRD&vgnextoid=3519960837b17910VgnVCM2000001f4a900aRCRD";"Actividades en el Centro Cultural Casa del Reloj";"http://www.madrid.es/sites/v/index.jsp?vgnextchannel=ca9671ee4a9eb410VgnVCM100000171f5a0aRCRD&vgnextoid=b8ce2420dc891910VgnVCM1000001d4a900aRCRD";"http://www.madrid.es/sites/v/index.jsp?vgnextchannel=bfa48ab43d6bb410VgnVCM100000171f5a0aRCRD&vgnextoid=8b063d0b5e71c010VgnVCM1000000b205a0aRCRD";"Centro Cultural Casa del Reloj (Arganzuela)";"1";"PASEO";"CHOPERA";"6";"ARGANZUELA";"CHOPERA";"28045";"440559";"4471798";"40.39466755008527";"-3.700396761468562";"/contenido/actividades/TeatroPerformance";""
12785691;"Festival Fin de curso: 'Danza del viente y  bollywood'";"";"1";"0";"";"";"2025-06-25 00:00:00.0";"2025-06-25 23:59:00.0";"18:00";"Espectáculo a cargo de los alumnos del CSC Maestro Alonso Profesora: Elodie Sophie Rogguero";"http://www.madrid.es/sites/v/index.jsp?vgnextchannel=ca9671ee4a9eb410VgnVCM100000171f5a0aRCRD&vgnextoid=1475f6bdf8117910VgnVCM2000001f4a900aRCRD";"Actividades en el Centro Sociocultural Maestro Alonso";"http://www.madrid.es/sites/v/index.jsp?vgnextchannel=ca9671ee4a9eb410VgnVCM100000171f5a0aRCRD&vgnextoid=5f030288d2d0c710VgnVCM2000001f4a900aRCRD";"http://www.madrid.es/sites/v/index.jsp?vgnextchannel=bfa48ab43d6bb410VgnVCM100000171f5a0aRCRD&vgnextoid=783f1e79ee71c010VgnVCM1000000b205a0aRCRD";"Centro Sociocultural Maestro Alonso (Salamanca)";"1";"CALLE";"MAESTRO ALONSO";"6";"SALAMANCA";"FUENTE DEL BERRO";"28028";"443605";"4475629";"40.4293927571053";"-3.664846244443566";"/contenido/actividades/DanzaBaile";""
12788527;"Festival La Sub25";"";"1";"0";"";"";"2025-06-28 00:00:00.0";"2025-06-28 23:59:00.0";"20:30";"";"http://www.madrid.es/sites/v/index.jsp?vgnextchannel=ca9671ee4a9eb410VgnVCM100000171f5a0aRCRD&vgnextoid=3caa4cd79bb17910VgnVCM1000001d4a900aRCRD";"Festival La Sub25";"http://www.madrid.es/sites/v/index.jsp?vgnextchannel=ca9671ee4a9eb410VgnVCM100000171f5a0aRCRD&vgnextoid=00ba4cd79bb17910VgnVCM1000001d4a900aRCRD";"";"";"";"";"";"";"";"";"";"";"";"";"";"/contenido/actividades/1ciudad21distritos";""
12788052;"Festivales de alumnos de los talleres del Centro Cultural";"";"1";"1";"L,M,X,J,V,S,D";"17/6/2025;18/6/2025;21/6/2025;22/6/2025;23/6/2025;24/6/2025;";"2025-06-16 00:00:00.0";"2025-06-25 23:59:00.0";"";"Lunes 16, a las 18 horas. FESTIVAL FIN DE CURSO: DESFILE de alumnos deL CURSO DE Corte y Confección con los MEJORES trabajos REALIZADOS.  Martes 17, a las 18 horas. FESTIVAL FIN DE CURSO: OBRA DE TEATRO de alumnos DEL CURSO DE LOS MÍERCOLES DEL CENTRO CULTURAL.  Jueves 19, a las 18 horas. FESTIVAL FIN DE CURSO: OBRA DE TEATRO de alumnos DEL CURSO DE LOS JUEVES DEL CENTRO CULTURAL.  Viernes 20, a las 18 horas. FESTIVAL FIN DE CURSO: SEVILLANAS, DANZA ORIENTAL, BAILES LATINOS DEL CENTRO CULTURAL.";"http://www.madrid.es/sites/v/index.jsp?vgnextchannel=ca9671ee4a9eb410VgnVCM100000171f5a0aRCRD&vgnextoid=94d67cd8b4b17910VgnVCM2000001f4a900aRCRD";"Actividades en el Centro Cultural Casa del Reloj";"http://www.madrid.es/sites/v/index.jsp?vgnextchannel=ca9671ee4a9eb410VgnVCM100000171f5a0aRCRD&vgnextoid=b8ce2420dc891910VgnVCM1000001d4a900aRCRD";"http://www.madrid.es/sites/v/index.jsp?vgnextchannel=bfa48ab43d6bb410VgnVCM100000171f5a0aRCRD&vgnextoid=8b063d0b5e71c010VgnVCM1000000b205a0aRCRD";"Centro Cultural Casa del Reloj (Arganzuela)";"1";"PASEO";"CHOPERA";"6";"ARGANZUELA";"CHOPERA";"28045";"440559";"4471798";"40.39466755008527";"-3.700396761468562";"/contenido/actividades/Festivales";""
12792895;"Festivales fin de Curso";"";"1";"1";"L,M,X,J,V,S";"";"2025-06-09 00:00:00.0";"2025-06-26 23:59:00.0";"";"En junio, nuestros alumnos y alumnas protagonizarán muestras y festivales de sus talleres, poniendo un 'broche final' al Curso 2024-25 en compañía de familiares y amigos.   Muestra de teatro infantil: lunes 9 de junio a las 18:30 horas  Muestra de teatro juvenil: martes 10 de junio a las 19 horas  Desfile corte y confección: miércoles 11 de junio a las 18 horas  Festival de canto: jueves 12 de junio a las 19 horas  Festival de baile moderno infantil: martes 17 de junio a las 18:30 horas  Festival de sevillanas: miércoles 18 de junio a las 18 horas  Festival de aerobic: jueves 19 de junio a las 18:30 horas  Festival danza oriental: miércoles 25 de junio a las 19:30 horas  Muestra de teatro adultos: jueves 26 de junio a las 19:30 horas";"http://www.madrid.es/sites/v/index.jsp?vgnextchannel=ca9671ee4a9eb410VgnVCM100000171f5a0aRCRD&vgnextoid=ca8153804e037910VgnVCM2000001f4a900aRCRD";"Actividades en el Centro Sociocultural Santa Petronila";"http://www.madrid.es/sites/v/index.jsp?vgnextchannel=ca9671ee4a9eb410VgnVCM100000171f5a0aRCRD&vgnextoid=fe7ed15c0bfe4910VgnVCM2000001f4a900aRCRD";"http://www.madrid.es/sites/v/index.jsp?vgnextchannel=bfa48ab43d6bb410VgnVCM100000171f5a0aRCRD&vgnextoid=03f7cbf06c81c010VgnVCM1000000b205a0aRCRD";"Centro Sociocultural Santa Petronila (Villaverde)";"1";"CALLE";"MARIA MARTINEZ OVIOL";"12";"VILLAVERDE";"LOS ROSALES";"28021";"441276";"4466932";"40.350886994103284";"-3.6914981254409645";"/contenido/actividades/Festivales";""
12792461;"Fiesta sonidera con Ruiseñor, Sonido Eckos y Sonido Confirmación";"Entrada libre hasta completar aforo";"0";"0";"";"";"2025-06-28 00:00:00.0";"2025-06-28 23:59:00.0";"21:00";"";"http://www.madrid.es/sites/v/index.jsp?vgnextchannel=ca9671ee4a9eb410VgnVCM100000171f5a0aRCRD&vgnextoid=ffbe429854037910VgnVCM1000001d4a900aRCRD";"";"";"http://www.madrid.es/sites/v/index.jsp?vgnextchannel=bfa48ab43d6bb410VgnVCM100000171f5a0aRCRD&vgnextoid=64463d0b5e71c010VgnVCM1000000b205a0aRCRD";"Centro de Cultura Contemporánea Conde Duque";"1";"CALLE";"CONDE DUQUE";"9";"CENTRO";"UNIVERSIDAD";"28015";"439723";"4475438";"40.42739911262292";"-3.710589286287491";"/contenido/actividades/ProgramacionDestacadaAgendaCultura";""
12806957;"Fiestas de Marconi 2025 - Distrito de Villaverde";"";"1";"1";"J,V,S,D";"";"2025-06-26 00:00:00.0";"2025-06-29 23:59:00.0";"";"";"http://www.madrid.es/sites/v/index.jsp?vgnextchannel=ca9671ee4a9eb410VgnVCM100000171f5a0aRCRD&vgnextoid=543c4d08d1887910VgnVCM1000001d4a900aRCRD";"Fiestas de Marconi 2025 - Distrito de Villaverde";"http://www.madrid.es/sites/v/index.jsp?vgnextchannel=ca9671ee4a9eb410VgnVCM100000171f5a0aRCRD&vgnextoid=38d09ba162887910VgnVCM2000001f4a900aRCRD";"http://www.madrid.es/sites/v/index.jsp?vgnextchannel=bfa48ab43d6bb410VgnVCM100000171f5a0aRCRD&vgnextoid=2b538004f7471110VgnVCM1000000b205a0aRCRD";"Instalación Deportiva Municipal Básica Colonia Marconi";"0";"AVENIDA";"MARCONI";"s/n";"VILLAVERDE";"SAN ANDRES";"28021";"441125";"4465053";"40.33393325295466";"-3.6931253996834856";"/contenido/actividades/Fiestas";""
12806535;"Fiestas del Carmen";"";"1";"0";"";"";"2025-07-16 00:00:00.0";"2025-07-16 23:59:00.0";"";"Inauguración de las Fiestas del Carmen 2025.  19 horas. Banda de música de Vallecas, exhibición de Castellet (Pilar de la Colla Castellera de Madrid)  y a las 19:30 horas. Pregón a cargo del periódico 'Vallecas va', con motivo de su 30 aniversario y a cargo de Pedro Gil Herranz, Director del mítico gimnasio de boxeo 'El Rayo'. Lugar: Junta Municipal del distrito de Puente de Vallecas, avenda de la Albufera, 42. 20 horas. Misa en honor de la Virgen del Carmen y 21 horas. Procesión de la Virgen del Carmen. Lugar: Parroquía San Ramón Nonato, calle Melquiades Biencinto, 10. 20:30 horas. Concierto Festival infantil y familiar de Puente de Vallecas, pequecas. Mágico 'Tributo a Disney', David Velardo y Rocking girl (versiones de rock para toda la familia). Banda formada por mujeres. Lugar: Recinto Ferial calle Payaso Fofó.";"http://www.madrid.es/sites/v/index.jsp?vgnextchannel=ca9671ee4a9eb410VgnVCM100000171f5a0aRCRD&vgnextoid=ccb308a9f6787910VgnVCM1000001d4a900aRCRD";"";"";"";"";"";"";"";"";"";"";"";"";"";"";"";"/contenido/actividades/Fiestas";""
12806632;"Fiestas del Carmen";"";"1";"0";"";"";"2025-07-18 00:00:00.0";"2025-07-18 23:59:00.0";"";"19 horas. Exhibición del Cuerpo de Bomberos Ayuntamiento de Madrid (Fiesta de la Espuma). 20 horas. Animación infantil y familiar. Estructura Sawaypole, zancudos, malabares y banderas. Compañía Tanalborde.  21 horas. Sesión de discoteca con Primo (Djset). 22:30 horas. Concierto de Chambao. 00:30 horas. Concierto Tributo a AC DC. A cargo de Rosies in Hell. Banda formada por mujeres.   Lugar: Recinto Ferial, calle Payaso Fofó.";"http://www.madrid.es/sites/v/index.jsp?vgnextchannel=ca9671ee4a9eb410VgnVCM100000171f5a0aRCRD&vgnextoid=c9c9c8865a787910VgnVCM1000001d4a900aRCRD";"";"";"";"";"";"";"";"";"";"";"";"";"";"";"";"/contenido/actividades/Fiestas";""
12806651;"Fiestas del Carmen";"";"1";"0";"";"";"2025-07-19 00:00:00.0";"2025-07-19 23:59:00.0";"";"20 horas. Animación infantil y familiar. Estructura de aéreos, zancudos, mariposa hinchable. Compañía Tanalborde.  21 horas. Concierto de Lemot. 20:30 horas. Concierto de Nena Daconte. 00:00 horas. Orquesta Péndulo.   Lugar: Recinto Ferial, calle Payaso Fofó.";"http://www.madrid.es/sites/v/index.jsp?vgnextchannel=ca9671ee4a9eb410VgnVCM100000171f5a0aRCRD&vgnextoid=8b2bc8865a787910VgnVCM1000001d4a900aRCRD";"";"";"";"";"";"";"";"";"";"";"";"";"";"";"";"/contenido/actividades/Fiestas";""
12806573;"Fiestas del Carmen";"";"1";"0";"";"";"2025-07-17 00:00:00.0";"2025-07-17 23:59:00.0";"";"20 horas. Animación infantil y familiar, estructura del Lolipop, zancudos, malabares y robot con luces LED. Compañía Tanalborde.  21 horas. Concierto Tributo a Extremoduro y Platero y tú. A cargo de las bandas 'Golfa' y 'Pálpelo y tú' 22:30 horas. Concierto TAM TAM GO!    Lugar: Recinto Ferial calle Payaso Fofó.";"http://www.madrid.es/sites/v/index.jsp?vgnextchannel=ca9671ee4a9eb410VgnVCM100000171f5a0aRCRD&vgnextoid=8aa408a9f6787910VgnVCM1000001d4a900aRCRD";"";"";"";"";"";"";"";"";"";"";"";"";"";"";"";"/contenido/actividades/Fiestas";""
12806675;"Fiestas del Carmen";"";"1";"0";"";"";"2025-07-20 00:00:00.0";"2025-07-20 23:59:00.0";"";"16:30 a 20:30 horas. Batalla Naval. Cofradía Marinera de Vallecas en el Bulevar de Peña Gorbea hasta la calle Payaso Fofó. 20:30 horas. Banda de Música de Vallecas en la plaza del Puerto Rubio (plaza Vieja). 22 horas. Concierto de No me pises que llevo chanclas en el Recinto Ferial calle Payaso Fofó. 00:00 horas Fuegos artificiales en el Mirador del Cerro del Tío Pío.";"http://www.madrid.es/sites/v/index.jsp?vgnextchannel=ca9671ee4a9eb410VgnVCM100000171f5a0aRCRD&vgnextoid=5f6dc8865a787910VgnVCM1000001d4a900aRCRD";"";"";"";"";"";"";"";"";"";"";"";"";"";"";"";"/contenido/actividades/Fiestas";""
12806518;"Fiestas del Carmen";"";"1";"0";"";"";"2025-07-12 00:00:00.0";"2025-07-12 23:59:00.0";"";"18 horas. Actuación castellera de la colla castella de Madrid, los castellers de Cornellá y los falcons de Vilanova. 20 horas. Actividad infantil y familiar pasacalles pirata. The little history, compañía Sinfín.  21:30 horas. Concierto María Ruiz y Eva Sierra.    Lugar: parque Juan José García Espartero, junto al Recinto Ferial Calle Payaso Fofó.";"http://www.madrid.es/sites/v/index.jsp?vgnextchannel=ca9671ee4a9eb410VgnVCM100000171f5a0aRCRD&vgnextoid=537008a9f6787910VgnVCM1000001d4a900aRCRD";"";"";"";"";"";"";"";"";"";"";"";"";"";"";"";"/contenido/actividades/Fiestas";""
12792095;"Final de curso alumnas de Jessie Alexandra Ferreira Maldonado taller de Danza Oriental";"";"1";"0";"";"";"2025-06-27 00:00:00.0";"2025-06-27 23:59:00.0";"19:00";"Final de curso alumnas de Jessie Alexandra Ferreira Maldonado taller de Danza Oriental.";"http://www.madrid.es/sites/v/index.jsp?vgnextchannel=ca9671ee4a9eb410VgnVCM100000171f5a0aRCRD&vgnextoid=f947194f69f27910VgnVCM2000001f4a900aRCRD";"Actividades en el Centro Cultural Fernando de los Ríos";"http://www.madrid.es/sites/v/index.jsp?vgnextchannel=ca9671ee4a9eb410VgnVCM100000171f5a0aRCRD&vgnextoid=36e6d0843f893510VgnVCM2000001f4a900aRCRD";"http://www.madrid.es/sites/v/index.jsp?vgnextchannel=bfa48ab43d6bb410VgnVCM100000171f5a0aRCRD&vgnextoid=3d973d0b5e71c010VgnVCM1000000b205a0aRCRD";"Centro Cultural Fernando de los Ríos (Latina)";"1";"CALLE";"CAMARENA";"10";"LATINA";"ALUCHE";"28047";"435819";"4471933";"40.39552931214334";"-3.7562667464373223";"/contenido/actividades/DanzaBaile";""
12792102;"Final de curso alumnos de Alicia Roa Alonso talleres de Guitarra Infantil";"";"1";"0";"";"";"2025-06-28 00:00:00.0";"2025-06-28 23:59:00.0";"12:00";"Final de curso alumnos de Alicia Roa Alonso talleres de Guitarra Infantil.";"http://www.madrid.es/sites/v/index.jsp?vgnextchannel=ca9671ee4a9eb410VgnVCM100000171f5a0aRCRD&vgnextoid=7787194f69f27910VgnVCM2000001f4a900aRCRD";"Actividades en el Centro Cultural Fernando de los Ríos";"http://www.madrid.es/sites/v/index.jsp?vgnextchannel=ca9671ee4a9eb410VgnVCM100000171f5a0aRCRD&vgnextoid=36e6d0843f893510VgnVCM2000001f4a900aRCRD";"http://www.madrid.es/sites/v/index.jsp?vgnextchannel=bfa48ab43d6bb410VgnVCM100000171f5a0aRCRD&vgnextoid=3d973d0b5e71c010VgnVCM1000000b205a0aRCRD";"Centro Cultural Fernando de los Ríos (Latina)";"1";"CALLE";"CAMARENA";"10";"LATINA";"ALUCHE";"28047";"435819";"4471933";"40.39552931214334";"-3.7562667464373223";"/contenido/actividades/Musica";"/usuario/Familias"
12792091;"Final de curso alumnos de Marco Antonio Gómez Ollero talleres de teatro infantil y adultos";"";"1";"0";"";"";"2025-06-25 00:00:00.0";"2025-06-25 23:59:00.0";"16:00";"Final de curso alumnos de Marco Antonio Gómez Ollero talleres de teatro infantil y adultos.";"http://www.madrid.es/sites/v/index.jsp?vgnextchannel=ca9671ee4a9eb410VgnVCM100000171f5a0aRCRD&vgnextoid=b427194f69f27910VgnVCM2000001f4a900aRCRD";"Actividades en el Centro Cultural Fernando de los Ríos";"http://www.madrid.es/sites/v/index.jsp?vgnextchannel=ca9671ee4a9eb410VgnVCM100000171f5a0aRCRD&vgnextoid=36e6d0843f893510VgnVCM2000001f4a900aRCRD";"http://www.madrid.es/sites/v/index.jsp?vgnextchannel=bfa48ab43d6bb410VgnVCM100000171f5a0aRCRD&vgnextoid=3d973d0b5e71c010VgnVCM1000000b205a0aRCRD";"Centro Cultural Fernando de los Ríos (Latina)";"1";"CALLE";"CAMARENA";"10";"LATINA";"ALUCHE";"28047";"435819";"4471933";"40.39552931214334";"-3.7562667464373223";"/contenido/actividades/TeatroPerformance";""
12402294;"Finca Vista Alegre";"";"1";"0";"";"";"2025-07-17 00:00:00.0";"2025-07-17 23:59:00.0";"10:00";"Recorrido por una de las fincas de recreo más aristocráticas de Madrid que aún conserva la esencia del Madrid romántico del siglo XIX, cuando las fiestas palaciegas estaban asociadas al juego del entretenimiento en los jardines. Actividad dirigida a público adulto.  Duración estimada: aproximadamente dos horas y media";"http://www.madrid.es/sites/v/index.jsp?vgnextchannel=ca9671ee4a9eb410VgnVCM100000171f5a0aRCRD&vgnextoid=3ebad9a1fe930910VgnVCM2000001f4a900aRCRD";"Entre historias y jardines";"http://www.madrid.es/sites/v/index.jsp?vgnextchannel=ca9671ee4a9eb410VgnVCM100000171f5a0aRCRD&vgnextoid=bf8b691bdf7ce810VgnVCM1000001d4a900aRCRD";"";"";"";"";"";"";"";"";"";"";"";"";"";"/contenido/actividades/ExcursionesItinerariosVisitas";""
12345408;"Finca Vista Alegre";"";"1";"0";"";"";"2025-06-26 00:00:00.0";"2025-06-26 23:59:00.0";"10:00";"Recorrido por una de las fincas de recreo más aristocráticas de Madrid que aún conserva la esencia del Madrid romántico del siglo XIX, cuando las fiestas palaciegas estaban asociadas al juego del entretenimiento en los jardines. Actividad dirigida a público adulto.  Duración estimada: aproximadamente dos horas y media.";"http://www.madrid.es/sites/v/index.jsp?vgnextchannel=ca9671ee4a9eb410VgnVCM100000171f5a0aRCRD&vgnextoid=934659067b1de810VgnVCM1000001d4a900aRCRD";"Entre historias y jardines";"http://www.madrid.es/sites/v/index.jsp?vgnextchannel=ca9671ee4a9eb410VgnVCM100000171f5a0aRCRD&vgnextoid=bf8b691bdf7ce810VgnVCM1000001d4a900aRCRD";"";"";"";"";"";"";"";"";"";"";"";"";"";"/contenido/actividades/ExcursionesItinerariosVisitas";""
12794167;"Flor y Floreta";"";"1";"0";"";"";"2025-06-25 00:00:00.0";"2025-06-25 23:59:00.0";"18:00";"Estos personajes, Flor y Floreta traen alegría y diversión al escenario con canciones infantiles llenas de ritmo y color. A través de sus melodías, invitan a los niños a cantar, bailar y participar en divertidas aventuras. Su espectáculo enseña a los pequeños el valor de la música.  Las entradas se repartirán desde dos días antes de la actuación hasta 15 minutos antes del comienzo de la misma.";"http://www.madrid.es/sites/v/index.jsp?vgnextchannel=ca9671ee4a9eb410VgnVCM100000171f5a0aRCRD&vgnextoid=d05cd2ee2b437910VgnVCM1000001d4a900aRCRD";"Actividades infantiles Moratalaz";"http://www.madrid.es/sites/v/index.jsp?vgnextchannel=ca9671ee4a9eb410VgnVCM100000171f5a0aRCRD&vgnextoid=401c6c33ba017910VgnVCM2000001f4a900aRCRD";"http://www.madrid.es/sites/v/index.jsp?vgnextchannel=bfa48ab43d6bb410VgnVCM100000171f5a0aRCRD&vgnextoid=f3073d0b5e71c010VgnVCM1000000b205a0aRCRD";"Centro Cultural el Torito (Moratalaz)";"1";"AVENIDA";"MORATALAZ";"130";"MORATALAZ";"VINATEROS";"28030";"445141";"4473033";"40.40610655994401";"-3.646521482592748";"";"/usuario/Niños,/usuario/Familias"
12805967;"Flow";"";"1";"0";"";"";"2025-08-22 00:00:00.0";"2025-08-22 23:59:00.0";"22:00";"Dir. Gints Zilbalodis  UBICACIÓN: Explanada del Ensanche, (Calle Cañada del Santísimo esquina con Avenida del Ensanche de Vallecas, 28051, Madrid)  Duración: 83 minutos  Edad recomendada: Todos los Públicos.  Sinopsis: Un gato se despierta en un mundo cubierto de agua, donde la raza humana parece haber desaparecido. Busca refugio en un barco con un grupo de otros animales. Pero llevarse bien con ellos resulta ser un reto aún mayor que superar su miedo al agua. Todos tendrán que aprender a superar sus diferencias y adaptarse a este nuevo mundo en el que se encuentran.";"http://www.madrid.es/sites/v/index.jsp?vgnextchannel=ca9671ee4a9eb410VgnVCM100000171f5a0aRCRD&vgnextoid=54ffac9d6e687910VgnVCM2000001f4a900aRCRD";"Cine de verano 2025 en Villa de Vallecas";"http://www.madrid.es/sites/v/index.jsp?vgnextchannel=ca9671ee4a9eb410VgnVCM100000171f5a0aRCRD&vgnextoid=57775720325a6910VgnVCM1000001d4a900aRCRD";"";"";"";"";"";"";"";"";"";"";"";"";"";"/contenido/actividades/ActividadesCalleArteUrbano";"/usuario/Niños"
12806650;"Flow, un mundo que salvar";"";"1";"0";"";"";"2025-07-26 00:00:00.0";"2025-07-26 23:59:00.0";"22:15";"De Gints Zilbalodis. Animación. Letonia 2024. 83?.  Recomendada para todos los públicos y especialmente recomendada para la infancia.    Un gato se despierta en un mundo cubierto de agua, donde la raza humana parece haber desaparecido. Busca refugio en un barco con un grupo de otros animales. Pero llevarse bien con ellos resulta ser un reto aún mayor que superar su miedo al agua. Todos tendrán que aprender a superar sus diferencias y adaptarse a este nuevo mundo en el que se encuentran.";"http://www.madrid.es/sites/v/index.jsp?vgnextchannel=ca9671ee4a9eb410VgnVCM100000171f5a0aRCRD&vgnextoid=fb5fc8aa09787910VgnVCM2000001f4a900aRCRD";"Ciclo Los sábados de cine. Primavera 2025";"http://www.madrid.es/sites/v/index.jsp?vgnextchannel=ca9671ee4a9eb410VgnVCM100000171f5a0aRCRD&vgnextoid=c0de900069495910VgnVCM2000001f4a900aRCRD";"http://www.madrid.es/sites/v/index.jsp?vgnextchannel=bfa48ab43d6bb410VgnVCM100000171f5a0aRCRD&vgnextoid=a395946be351c010VgnVCM2000000c205a0aRCRD";"Centro Cultural Auditorio Parque El Paraíso (San Blas - Canillejas)";"1";"AVENIDA";"ARCENTALES";"4";"SAN BLAS-CANILLEJAS";"HELLIN";"28037";"447225";"4475667";"40.42997621103139";"-3.6221773579444596";"/contenido/actividades/CineActividadesAudiovisuales";"/usuario/Niños,/usuario/Familias"
12809273;"Flow, un mundo que salvar";"";"1";"0";"";"";"2025-07-12 00:00:00.0";"2025-07-12 23:59:00.0";"22:00";"Dirección: Gints Zilbalodis.  Animación. Letonia 2024. 83?.      Un gato en un mundo cubierto de agua, donde la raza humana parece haber desaparecido. Busca refugio en un barco con otros animales. Pero llevarse bien con ellos resulta ser un reto aún mayor que superar su miedo al agua. Todos tendrán que aprender a superar sus diferencias y adaptarse a este nuevo mundo en el que se encuentran.      Apta para todos los públicos y especialmente recomendada para la infancia.";"http://www.madrid.es/sites/v/index.jsp?vgnextchannel=ca9671ee4a9eb410VgnVCM100000171f5a0aRCRD&vgnextoid=9c1ee7bbebb97910VgnVCM2000001f4a900aRCRD";"XXIX Festival de cine al aire libre de Ciudad Lineal 2025";"http://www.madrid.es/sites/v/index.jsp?vgnextchannel=ca9671ee4a9eb410VgnVCM100000171f5a0aRCRD&vgnextoid=e0d141fef4a97910VgnVCM1000001d4a900aRCRD";"http://www.madrid.es/sites/v/index.jsp?vgnextchannel=bfa48ab43d6bb410VgnVCM100000171f5a0aRCRD&vgnextoid=598745dbd6891110VgnVCM1000000b205a0aRCRD";"Instalación Deportiva Municipal Básica Parque El Calero";"0";"CALLE";"VIRGEN DE NURIA";"S/N";"CIUDAD LINEAL";"CONCEPCION";"28027";"444643";"4476387";"40.436286671972276";"-3.6526968257803736";"/contenido/actividades/CineActividadesAudiovisuales";"/usuario/Niños,/usuario/Familias"
12787775;"Fotograma a Fotograma: Historias de vida y duelo";"";"1";"1";"L,M,X,J,V,S,D";"";"2025-06-04 00:00:00.0";"2025-07-04 23:59:00.0";"";"";"http://www.madrid.es/sites/v/index.jsp?vgnextchannel=ca9671ee4a9eb410VgnVCM100000171f5a0aRCRD&vgnextoid=c491058231b17910VgnVCM1000001d4a900aRCRD";"";"";"http://www.madrid.es/sites/v/index.jsp?vgnextchannel=bfa48ab43d6bb410VgnVCM100000171f5a0aRCRD&vgnextoid=13ec3d0b5e71c010VgnVCM1000000b205a0aRCRD";"Biblioteca Pública Municipal Benito Pérez Galdós (Centro)";"1,6";"CALLE";"CONDE DUQUE";"9";"CENTRO";"UNIVERSIDAD";"28015";"439723";"4475438";"40.42738668300474";"-3.7105999955473625";"/contenido/actividades/Exposiciones";""
12630752;"Fuente del Berro";"";"1";"0";"";"";"2025-08-09 00:00:00.0";"2025-08-09 23:59:00.0";"19:00";"";"http://www.madrid.es/sites/v/index.jsp?vgnextchannel=ca9671ee4a9eb410VgnVCM100000171f5a0aRCRD&vgnextoid=e1c376bd693f3910VgnVCM1000001d4a900aRCRD";"Fuente del Berro";"http://www.madrid.es/sites/v/index.jsp?vgnextchannel=ca9671ee4a9eb410VgnVCM100000171f5a0aRCRD&vgnextoid=049169f2b7d7d810VgnVCM2000001f4a900aRCRD";"http://www.madrid.es/sites/v/index.jsp?vgnextchannel=bfa48ab43d6bb410VgnVCM100000171f5a0aRCRD&vgnextoid=38d83bba7834f210VgnVCM2000000c205a0aRCRD";"Quinta de la Fuente del Berro";"2";"CALLE";"ENRIQUE D'ALMONTE";"1";"SALAMANCA";"FUENTE DEL BERRO";"28028";"443759";"4474815";"40.42299730556785";"-3.6625213630031794";"/contenido/actividades/ExcursionesItinerariosVisitas";""
12630753;"Fuente del Berro";"";"1";"0";"";"";"2025-07-18 00:00:00.0";"2025-07-18 23:59:00.0";"19:00";"";"http://www.madrid.es/sites/v/index.jsp?vgnextchannel=ca9671ee4a9eb410VgnVCM100000171f5a0aRCRD&vgnextoid=36d376bd693f3910VgnVCM1000001d4a900aRCRD";"Fuente del Berro";"http://www.madrid.es/sites/v/index.jsp?vgnextchannel=ca9671ee4a9eb410VgnVCM100000171f5a0aRCRD&vgnextoid=049169f2b7d7d810VgnVCM2000001f4a900aRCRD";"http://www.madrid.es/sites/v/index.jsp?vgnextchannel=bfa48ab43d6bb410VgnVCM100000171f5a0aRCRD&vgnextoid=38d83bba7834f210VgnVCM2000000c205a0aRCRD";"Quinta de la Fuente del Berro";"2";"CALLE";"ENRIQUE D'ALMONTE";"1";"SALAMANCA";"FUENTE DEL BERRO";"28028";"443759";"4474815";"40.42299730556785";"-3.6625213630031794";"/contenido/actividades/ExcursionesItinerariosVisitas";""
12630751;"Fuente del Berro";"";"1";"0";"";"";"2025-09-24 00:00:00.0";"2025-09-24 23:59:00.0";"10:00";"";"http://www.madrid.es/sites/v/index.jsp?vgnextchannel=ca9671ee4a9eb410VgnVCM100000171f5a0aRCRD&vgnextoid=32b376bd693f3910VgnVCM1000001d4a900aRCRD";"Fuente del Berro";"http://www.madrid.es/sites/v/index.jsp?vgnextchannel=ca9671ee4a9eb410VgnVCM100000171f5a0aRCRD&vgnextoid=049169f2b7d7d810VgnVCM2000001f4a900aRCRD";"http://www.madrid.es/sites/v/index.jsp?vgnextchannel=bfa48ab43d6bb410VgnVCM100000171f5a0aRCRD&vgnextoid=38d83bba7834f210VgnVCM2000000c205a0aRCRD";"Quinta de la Fuente del Berro";"2";"CALLE";"ENRIQUE D'ALMONTE";"1";"SALAMANCA";"FUENTE DEL BERRO";"28028";"443759";"4474815";"40.42299730556785";"-3.6625213630031794";"/contenido/actividades/ExcursionesItinerariosVisitas";""
12804795;"Fuenteovejuna";"";"1";"0";"";"";"2025-06-28 00:00:00.0";"2025-06-28 23:59:00.0";"12:00";"Cía. Sol y Tierra Teatro Eco-Social (Madrid)    Dirección y dramaturgia: Mar De la Rosa y Álvaro Torre       En nuestra versión de Fuenteovejuna de Lope de Vega,  el pueblo está representado por un rebaño de ovejas y el  Comendador es un perro. Trasladamos la obra a un universo  más cercano al de las fábulas, con un tono inocente y sencillo  que conecta fácilmente con la sensibilidad del público infantil  y familiar.     Edad: a partir de 6 años      Duración: 50 minutos";"http://www.madrid.es/sites/v/index.jsp?vgnextchannel=ca9671ee4a9eb410VgnVCM100000171f5a0aRCRD&vgnextoid=c7c7c319a1d77910VgnVCM1000001d4a900aRCRD";"";"";"http://www.madrid.es/sites/v/index.jsp?vgnextchannel=bfa48ab43d6bb410VgnVCM100000171f5a0aRCRD&vgnextoid=209aa0ae12cc9710VgnVCM2000001f4a900aRCRD";"Escuela municipal de música Ciudad Lineal";"2";"CALLE";"DALIA";"4";"CIUDAD LINEAL";"COSTILLARES";"28033";"443498";"4481190";"40.47948371546377";"-3.6666068980576436";"/contenido/actividades/TeatroPerformance/Clasico";"/usuario/Niños,/usuario/Familias"
12804851;"Fuga entre teclas negras + Diamantes en la noche";"";"0";"0";"";"";"2025-09-06 00:00:00.0";"2025-09-06 23:59:00.0";"20:30";"Programa:   Fuga entre teclas negras  (Fuga na ?erných klávesách) (Drahomíra Vihanová, Checoslovaquia, 1964, 34') Un hombre negro se prepara para dar un concierto de piano en la Escuela de Música de Praga. Su experiencia como el único estudiante africano del centro y los retos por integrarse en la ciudad marcan un examen que encara con nerviosismo.   Diamantes en la noche  (Démanty noci) (Jan N?mec, Checoslovaquia, 1964, 67') Dos niños judíos escapan de un tren que los conduce a un campo de concentración, pero no podrán dejar de correr y ocultarse si desean sobrevivir. Con los chavales en constante movimiento, N?mec firma una experiencia de corte expresionista y experimental, muy opresiva.   Drahomíra Vihanová estudió en la FAMU como muchos otros cineastas responsables de la regeneración del cine checoslovaco de los sesenta. Su primer largometraje, Un domingo desperdiciado (1969) es un oscuro drama psicológico que captura la desesperanza y la futilidad de la vida. No sería proyectado en cines por motivos políticos hasta 1990. Vihanová se dedicó después a la realización de documentales y a la televisión, convirtiéndose en una representante destacada de la corriente existencialista del cine documental checoslovaco. Solo pudo volver a dirigir ficción a partir de 1989. En 2014 recibió el León Checo por su contribución al cine de su país.  Jan N?mec (1936-2016) inició su trayectoria cuando asistió a la FAMU a finales de los años cincuenta. Para su graduación adaptó una historia de Arno?t Lustig basada en sus experiencias durante el Holocausto. Posteriormente, regresaría a un texto de Lustig para realizar Diamantes de la noche (1964), que sigue a dos jóvenes en su huida de un tren de camino a un campo de concentración y que destaca por el uso del punto de vista subjetivo a través de múltiples recursos, que incluyen flashbacks, alucinaciones y un final ambivalente que cuestiona el destino de sus protagonistas. Su obra más conocida es La fiesta y los invitados (1966). La película fue especialmente mal recibida por las autoridades, que llegaron a plantearse el arresto de N?mec por subversivo. Se encontraba rodando un documental sobre la Primavera de Praga cuando se produjo la invasión de Checoslovaquia por el Pacto de Varsovia. Pasó de contrabando las imágenes de la invasión a Viena, donde se emitieron en la televisión austriaca. Editó las imágenes junto con el documental de la Primavera de Praga y estrenó la película como Oratorio para Praga (1968), que fue ovacionada en el Festival de Cine de Nueva York. Las imágenes de N?mec acabarían siendo utilizadas por innumerables organizaciones internacionales de noticias como material de archivo de la invasión. La adaptación cinematográfica de La insoportable levedad del ser (1988), de Philip Kaufman, utilizó imágenes de la película; N?mec también actuó como asesor. Posteriormente se vio obligado a emigrar en 1974, tras ser incluido en una lista negra que le impedía trabajar en el cine. A su regreso a casa tras la Revolución de Terciopelo en 1989, reanudó su trabajo encontrando un nuevo estilo y enfoque en su expresión audiovisual. Su trabajo en la era digital se distingue de nuevo por su originalidad e identidad propias, que también fue reconocido en el Festival de Locarno.   Idioma: V.O.S.E.    Formato: Archivo Digital";"http://www.madrid.es/sites/v/index.jsp?vgnextchannel=ca9671ee4a9eb410VgnVCM100000171f5a0aRCRD&vgnextoid=484d082228d77910VgnVCM1000001d4a900aRCRD";"";"";"http://www.madrid.es/sites/v/index.jsp?vgnextchannel=bfa48ab43d6bb410VgnVCM100000171f5a0aRCRD&vgnextoid=2dbd1fe44c5ee310VgnVCM2000000c205a0aRCRD";"Cineteca Madrid";"1";"PLAZA";"LEGAZPI";"8";"ARGANZUELA";"CHOPERA";"28045";"440946";"4471422";"40.39130985242181";"-3.6958028442054074";"/contenido/actividades/ProgramacionDestacadaAgendaCultura";""
12792455;"Futuros fascinantes, horrorosos y poderosos";"Descarga gratuita de invitaciones una semana antes de la actividad";"0";"0";"";"";"2025-06-27 00:00:00.0";"2025-06-27 23:59:00.0";"19:30";"";"http://www.madrid.es/sites/v/index.jsp?vgnextchannel=ca9671ee4a9eb410VgnVCM100000171f5a0aRCRD&vgnextoid=5f7e429854037910VgnVCM1000001d4a900aRCRD";"Futuros fascinantes, horrorosos y poderosos";"http://www.madrid.es/sites/v/index.jsp?vgnextchannel=ca9671ee4a9eb410VgnVCM100000171f5a0aRCRD&vgnextoid=748e429854037910VgnVCM1000001d4a900aRCRD";"http://www.madrid.es/sites/v/index.jsp?vgnextchannel=bfa48ab43d6bb410VgnVCM100000171f5a0aRCRD&vgnextoid=64463d0b5e71c010VgnVCM1000000b205a0aRCRD";"Centro de Cultura Contemporánea Conde Duque";"1";"CALLE";"CONDE DUQUE";"9";"CENTRO";"UNIVERSIDAD";"28015";"439723";"4475438";"40.42739911262292";"-3.710589286287491";"/contenido/actividades/ConferenciasColoquios";""
12804324;"Garfield la película";"";"1";"0";"";"";"2025-08-20 00:00:00.0";"2025-08-20 23:59:00.0";"22:00";"Duración: 100 min.  Dirección: Mark Dindal.  Sinopsis: El mundialmente famoso Garfield, el gato casero que odia los lunes y que adora la lasaña, está a punto de vivir una aventura ¡en el salvaje mundo exterior!. Tras una inesperada reunión con su perdido padre ? el desaliñado gato callejero Vic?, Garfield y su amigo canino Odie se ven forzados a abandonar sus perfectas y consentidas vidas al unirse a Vic en un muy arriesgado atraco.  Público: todos los públicos.  Entrada libre hasta completar aforo.";"http://www.madrid.es/sites/v/index.jsp?vgnextchannel=ca9671ee4a9eb410VgnVCM100000171f5a0aRCRD&vgnextoid=3748240b69c77910VgnVCM1000001d4a900aRCRD";"Verano de cine Retiro 2025";"http://www.madrid.es/sites/v/index.jsp?vgnextchannel=ca9671ee4a9eb410VgnVCM100000171f5a0aRCRD&vgnextoid=cdac62ae0c4a1810VgnVCM1000001d4a900aRCRD";"http://www.madrid.es/sites/v/index.jsp?vgnextchannel=bfa48ab43d6bb410VgnVCM100000171f5a0aRCRD&vgnextoid=675e280d37e2e210VgnVCM1000000b205a0aRCRD";"Parque Roma";"2";"CALLE";"JUAN ESPLANDIU";"4";"RETIRO";"ESTRELLA";"28007";"443786";"4474188";"40.41641041087398";"-3.662606100328213";"/contenido/actividades/CineActividadesAudiovisuales";""
12805668;"Garfield: la película";"";"1";"0";"";"";"2025-07-26 00:00:00.0";"2025-07-26 23:59:00.0";"22:15";"De Mark Dindal. Animación. EEUU y Reino Unido 2024. 100?    Recomendada para todos los públicos y especialmente recomendada para la infancia.  El mundialmente famoso Garfield, el gato casero que odia los lunes y que adora la lasaña, está a punto de vivir una aventura ¡en el salvaje mundo exterior! Tras una inesperada reunión con su perdido padre, Garfield y su amigo canino Odie, se ven forzados a abandonar sus perfectas y consentidas vidas.";"http://www.madrid.es/sites/v/index.jsp?vgnextchannel=ca9671ee4a9eb410VgnVCM100000171f5a0aRCRD&vgnextoid=9d9e5f5bd8287910VgnVCM1000001d4a900aRCRD";"Ciclo Los sábados de cine. Primavera 2025";"http://www.madrid.es/sites/v/index.jsp?vgnextchannel=ca9671ee4a9eb410VgnVCM100000171f5a0aRCRD&vgnextoid=c0de900069495910VgnVCM2000001f4a900aRCRD";"http://www.madrid.es/sites/v/index.jsp?vgnextchannel=bfa48ab43d6bb410VgnVCM100000171f5a0aRCRD&vgnextoid=07f63190712b1110VgnVCM1000000b205a0aRCRD";"Centro Cultural Ciudad Pegaso (San Blas - Canillejas)";"1";"AVENIDA";"SEPTIMA";"11";"SAN BLAS-CANILLEJAS";"REJAS";"28022";"449281";"4477704";"40.44844757572015";"-3.598099871155595";"/contenido/actividades/CineActividadesAudiovisuales";"/usuario/Niños,/usuario/Familias"
12800028;"Garfield: la película";"";"1";"0";"";"";"2025-07-19 00:00:00.0";"2025-07-19 23:59:00.0";"22:00";"Dir. Mark Dinda  Duración: 100 minuto  Edad recomendada: TP.  Sinopsis: El mundialmente famoso Garfield, el gato casero que odia los lunes y que adora la lasaña, está a punto de vivir una aventura ¡en el salvaje mundo exterior! Tras una inesperada reunión con su perdido padre, Garfield y su amigo canino Odie, se ven forzados a abandonar sus perfectas y consentidas vidas.";"http://www.madrid.es/sites/v/index.jsp?vgnextchannel=ca9671ee4a9eb410VgnVCM100000171f5a0aRCRD&vgnextoid=83faba98e7957910VgnVCM1000001d4a900aRCRD";"Cine de verano 2025 en Villa de Vallecas";"http://www.madrid.es/sites/v/index.jsp?vgnextchannel=ca9671ee4a9eb410VgnVCM100000171f5a0aRCRD&vgnextoid=57775720325a6910VgnVCM1000001d4a900aRCRD";"http://www.madrid.es/sites/v/index.jsp?vgnextchannel=bfa48ab43d6bb410VgnVCM100000171f5a0aRCRD&vgnextoid=db73abd0991ce210VgnVCM1000000b205a0aRCRD";"Parque Santa Eugenia";"2";"CALLE";"Cerro Almodóvar";"1";"VILLA DE VALLECAS";"SANTA EUGENIA";"28031";"448352";"4470258";"40.38131130575197";"-3.608459149580722";"/contenido/actividades/ActividadesCalleArteUrbano";"/usuario/Niños"
12781352;"Geometría y paz";"";"1";"1";"L,M,X,J,V,S,D";"";"2025-06-02 00:00:00.0";"2025-06-29 23:59:00.0";"";"Exposición fotográfica de David Martín.     Este proyecto vital (por lo introspectivo) y vitalicio (por lo inacabado) se construye con imágenes de espacios que el autor se encuentra de manera inesperada. Lugares que David Martín Martín ha capturado a lo largo de los viajes realizados en los últimos años y que, conceptualmente, le representan e identifican, puesto que reflejan su actitud de vivir con intensidad. Y lo hacen al utilizar una plasticidad formal que cincela elementos visuales aparentemente inconexos, disruptivos e incompatibles; llenos de contrastes, unas veces cromáticos, otras veces texturales; y que contraponen la naturaleza frente a la intervención humana.";"http://www.madrid.es/sites/v/index.jsp?vgnextchannel=ca9671ee4a9eb410VgnVCM100000171f5a0aRCRD&vgnextoid=e96cc21a157f6910VgnVCM1000001d4a900aRCRD";"Actividades en el Centro Cultural Antonio Machado";"http://www.madrid.es/sites/v/index.jsp?vgnextchannel=ca9671ee4a9eb410VgnVCM100000171f5a0aRCRD&vgnextoid=74f47a01d8641910VgnVCM2000001f4a900aRCRD";"http://www.madrid.es/sites/v/index.jsp?vgnextchannel=bfa48ab43d6bb410VgnVCM100000171f5a0aRCRD&vgnextoid=cce43d0b5e71c010VgnVCM1000000b205a0aRCRD";"Centro Cultural Antonio Machado (San Blas - Canillejas)";"1";"CALLE";"SAN ROMAN DEL VALLE";"8";"SAN BLAS-CANILLEJAS";"ARCOS";"28037";"447255";"4474591";"40.420280457570335";"-3.621730741880216";"/contenido/actividades/Exposiciones";""
12803139;"Ghatashraddha (El Ritual)";"";"0";"0";"";"";"2025-09-02 00:00:00.0";"2025-09-02 23:59:00.0";"20:00";"Ambientada en el sur de la India, Ghatashraddha cuenta la trágica historia de Yamuna, una joven viuda que vive en una escuela védica con su padre. Tras ser seducida por un maestro local y quedarse embarazada, se convierte en una paria cuando su propio padre realiza un ritual de muerte para ella mientras aún está viva. Dirigida por Girish Kasaravalli, la película retrata la rigidez de la ortodoxia brahmánica y el impacto de las normas sociales patriarcales. Restaurada por The Film Foundation?s World Cinema Project y Film Heritage Foundation en el laboratorio L?Immagine Ritrovata en asociación con Girish Kasaravalli.";"http://www.madrid.es/sites/v/index.jsp?vgnextchannel=ca9671ee4a9eb410VgnVCM100000171f5a0aRCRD&vgnextoid=f55c0061f2967910VgnVCM1000001d4a900aRCRD";"";"";"http://www.madrid.es/sites/v/index.jsp?vgnextchannel=bfa48ab43d6bb410VgnVCM100000171f5a0aRCRD&vgnextoid=2dbd1fe44c5ee310VgnVCM2000000c205a0aRCRD";"Cineteca Madrid";"1";"PLAZA";"LEGAZPI";"8";"ARGANZUELA";"CHOPERA";"28045";"440946";"4471422";"40.39130985242181";"-3.6958028442054074";"/contenido/actividades/ProgramacionDestacadaAgendaCultura";""
12782758;"Gilda. Ciclo de cine clásico";"";"1";"0";"";"";"2025-06-27 00:00:00.0";"2025-06-27 23:59:00.0";"19:00";"Director: Charles Vidor     Duración: 110 minutos  Edad recomendada: A partir de 18 años  Sinopsis: Continuamos con el ciclo de cine clásico iniciado en marzo. Johnny Farrell, un aventurero que vive de hacer trampas en el juego recala en Buenos Aires. Allí lo saca de un apuro Ballin Mundson, el propietario de un lujoso casino, que acaba haciendo de él su hombre de confianza. Un día, Mundson le presenta a su esposa Gilda. Su sorpresa no tiene límites: fue ella precisamente quien lo convirtió en lo que es: un ser cínico y amargado.";"http://www.madrid.es/sites/v/index.jsp?vgnextchannel=ca9671ee4a9eb410VgnVCM100000171f5a0aRCRD&vgnextoid=163d6c7dadcf6910VgnVCM2000001f4a900aRCRD";"Actividades en el Centro Sociocultural Francisco Fatou";"http://www.madrid.es/sites/v/index.jsp?vgnextchannel=ca9671ee4a9eb410VgnVCM100000171f5a0aRCRD&vgnextoid=c70fe07d5bf61910VgnVCM1000001d4a900aRCRD";"http://www.madrid.es/sites/v/index.jsp?vgnextchannel=bfa48ab43d6bb410VgnVCM100000171f5a0aRCRD&vgnextoid=d9e73d0b5e71c010VgnVCM1000000b205a0aRCRD";"Centro Sociocultural Francisco Fatou (Villa de Vallecas)";"1";"CALLE";"MANUEL VELEZ";"10";"VILLA DE VALLECAS";"CASCO H.VALLECAS";"28031";"447107";"4470075";"40.37959032098656";"-3.62310875744905";"/contenido/actividades/CineActividadesAudiovisuales";""
12786920;"Ginel";"";"1";"0";"";"";"2025-06-27 00:00:00.0";"2025-06-27 23:59:00.0";"19:00";"Su estilo es una fusión única quecombina elementos del soul, reggae,pop, indie y funk, todo ello enriquecidocon un toque distintivo de ritmoslatinos.  60 minutos";"http://www.madrid.es/sites/v/index.jsp?vgnextchannel=ca9671ee4a9eb410VgnVCM100000171f5a0aRCRD&vgnextoid=ee3944e6b1717910VgnVCM1000001d4a900aRCRD";"Actividades en el centro cultural La Elipa";"http://www.madrid.es/sites/v/index.jsp?vgnextchannel=ca9671ee4a9eb410VgnVCM100000171f5a0aRCRD&vgnextoid=b7beed0b61217910VgnVCM2000001f4a900aRCRD";"http://www.madrid.es/sites/v/index.jsp?vgnextchannel=bfa48ab43d6bb410VgnVCM100000171f5a0aRCRD&vgnextoid=6c191e79ee71c010VgnVCM1000000b205a0aRCRD";"Centro Cultural la Elipa (Ciudad Lineal)";"1";"CALLE";"SANTA FELICIDAD";"39";"CIUDAD LINEAL";"VENTAS";"28017";"444825";"4475074";"40.42446957496409";"-3.6504201407465917";"/contenido/actividades/ProgramacionDestacadaAgendaCultura";""
12804761;"Gru 4 mi villano favorito (2024) dirigido por Chris Renaud y Patrick Dejage";"";"0";"0";"";"";"2025-08-09 00:00:00.0";"2025-08-09 23:59:00.0";"22:00";"Gru, Lucy y las niñas -Margo, Edith y Agnes- dan la bienvenida a un nuevo miembro en la familia: Gru Junior, que parece llegar con el propósito de ser un suplicio para su padre. Gru tendrá que enfrentarse en esta ocasión a su nueva némesis Maxime Le Mal y su sofisticada y malévola novia Valentina, lo que obligará a la familia a tener que darse a la fuga.  Género: Animación  Edad recomendada: apta para todos los públicos y distintivo especialmente recomendada para la infancia   Duración: 94 minutos";"http://www.madrid.es/sites/v/index.jsp?vgnextchannel=ca9671ee4a9eb410VgnVCM100000171f5a0aRCRD&vgnextoid=8f7cbeab36d77910VgnVCM2000001f4a900aRCRD";"Cine de verano 2025 en Carabanchel";"http://www.madrid.es/sites/v/index.jsp?vgnextchannel=ca9671ee4a9eb410VgnVCM100000171f5a0aRCRD&vgnextoid=e8a2cd0e24b76910VgnVCM1000001d4a900aRCRD";"http://www.madrid.es/sites/v/index.jsp?vgnextchannel=bfa48ab43d6bb410VgnVCM100000171f5a0aRCRD&vgnextoid=7cfaa531dcf9e210VgnVCM2000000c205a0aRCRD";"Parque de Salvador Allende";"2";"CALLE";"SALVADOR ALLENDE";"3";"CARABANCHEL";"BUENAVISTA";"28054";"435693";"4468472";"40.364341448699825";"-3.757402071835875";"/contenido/actividades/CineActividadesAudiovisuales";"/usuario/Niños"
12806447;"Gru 4. Mi villano favorito";"";"1";"0";"";"";"2025-07-19 00:00:00.0";"2025-07-19 23:59:00.0";"22:15";"De Patrick Delage y Chris Renaud. Animación. EEUU 2024. 95?   Recomendada para todos los públicos y especialmente recomendada para la infancia.   Gru, Lucy y las niñas dan la bienvenida a un nuevo miembro en la familia: Gru Junior, que parece llegar con el propósito de ser un suplicio para su padre. Gru tendrá que enfrentarse en esta ocasión a su nueva némesis Maxime Le Mal y su sofisticada y malévola novia Valentina, lo que obligará a la familia a tener que darse a la fuga.";"http://www.madrid.es/sites/v/index.jsp?vgnextchannel=ca9671ee4a9eb410VgnVCM100000171f5a0aRCRD&vgnextoid=798808a9f6787910VgnVCM1000001d4a900aRCRD";"Ciclo Los sábados de cine. Primavera 2025";"http://www.madrid.es/sites/v/index.jsp?vgnextchannel=ca9671ee4a9eb410VgnVCM100000171f5a0aRCRD&vgnextoid=c0de900069495910VgnVCM2000001f4a900aRCRD";"http://www.madrid.es/sites/v/index.jsp?vgnextchannel=bfa48ab43d6bb410VgnVCM100000171f5a0aRCRD&vgnextoid=a395946be351c010VgnVCM2000000c205a0aRCRD";"Centro Cultural Auditorio Parque El Paraíso (San Blas - Canillejas)";"1";"AVENIDA";"ARCENTALES";"4";"SAN BLAS-CANILLEJAS";"HELLIN";"28037";"447225";"4475667";"40.42997621103139";"-3.6221773579444596";"/contenido/actividades/CineActividadesAudiovisuales";"/usuario/Niños,/usuario/Familias"
12800448;"Gru 4. Mi villano Favorito";"";"1";"0";"";"";"2025-07-26 00:00:00.0";"2025-07-26 23:59:00.0";"22:00";"Dir. De Patrick Delage y Chris Renaud    Duración: 95 minutos  Edad recomendada: TP.  Sinopsis: Gru, Lucy y las niñas dan la bienvenida a un nuevo miembro en la familia: Gru Junior, que parece llegar con el propósito de ser un suplicio para su padre. Gru tendrá que enfrentarse en esta ocasión a su nueva némesis Maxime Le Mal y su sofisticada y malévola novia Valentina, lo que obligará a la familia a tener que darse a la fuga.";"http://www.madrid.es/sites/v/index.jsp?vgnextchannel=ca9671ee4a9eb410VgnVCM100000171f5a0aRCRD&vgnextoid=99a24223be957910VgnVCM1000001d4a900aRCRD";"Cine de verano 2025 en Villa de Vallecas";"http://www.madrid.es/sites/v/index.jsp?vgnextchannel=ca9671ee4a9eb410VgnVCM100000171f5a0aRCRD&vgnextoid=57775720325a6910VgnVCM1000001d4a900aRCRD";"http://www.madrid.es/sites/v/index.jsp?vgnextchannel=bfa48ab43d6bb410VgnVCM100000171f5a0aRCRD&vgnextoid=0dabd0b2571d1610VgnVCM1000001d4a900aRCRD";"Auditorio Municipal al aire libre Lola Camarena";"1";"AVENIDA";"LA GAVIA";"13";"VILLA DE VALLECAS";"ENSANCHE DE VALLECAS";"28051";"448205";"4469500";"40.37447621683769";"-3.6101291550314283";"/contenido/actividades/ActividadesCalleArteUrbano";"/usuario/Niños"
12809410;"Gru 4: mi villano favorito";"";"1";"0";"";"";"2025-08-16 00:00:00.0";"2025-08-16 23:59:00.0";"22:00";"Dirección: Patrick Delage y Chris Renaud.  Animación. EEUU 2024. 95?       Gru, Lucy y las niñas dan la bienvenida a un nuevo miembro en la familia: Gru Junior, que parece llegar con el propósito de ser un suplicio para su padre. Gru tendrá que enfrentarse en esta ocasión a su nueva némesis Maxime Le Mal y su sofisticada y malévola novia Valentina, lo que obligará a la familia a tener que darse a la fuga.     Apto para todos los públicos y especialmente recomendada para la infancia.";"http://www.madrid.es/sites/v/index.jsp?vgnextchannel=ca9671ee4a9eb410VgnVCM100000171f5a0aRCRD&vgnextoid=9596e7bbebb97910VgnVCM2000001f4a900aRCRD";"XXIX Festival de cine al aire libre de Ciudad Lineal 2025";"http://www.madrid.es/sites/v/index.jsp?vgnextchannel=ca9671ee4a9eb410VgnVCM100000171f5a0aRCRD&vgnextoid=e0d141fef4a97910VgnVCM1000001d4a900aRCRD";"http://www.madrid.es/sites/v/index.jsp?vgnextchannel=bfa48ab43d6bb410VgnVCM100000171f5a0aRCRD&vgnextoid=598745dbd6891110VgnVCM1000000b205a0aRCRD";"Instalación Deportiva Municipal Básica Parque El Calero";"0";"CALLE";"VIRGEN DE NURIA";"S/N";"CIUDAD LINEAL";"CONCEPCION";"28027";"444643";"4476387";"40.436286671972276";"-3.6526968257803736";"/contenido/actividades/CineActividadesAudiovisuales";"/usuario/Niños"
12804342;"Guardiana de dragones";"";"1";"0";"";"";"2025-07-17 00:00:00.0";"2025-07-17 23:59:00.0";"22:00";"Duración: 90 min.  Dirección: Salvador Simó Busom, Jianping Li.  Sinopsis: Son tiempos oscuros en la China imperial. Los dragones, antaño amigos y sabios aliados de los hombres, han sido perseguidos durante años y encerrados en mazmorras. En una remota fortaleza en las montañas, una niña ayuda a escapar al último de los dragones y se une a él en una apasionante misión para recuperar el tesoro más preciado: El último huevo de dragón, robado por un malvado hechicero que quiere explotar su potencial mágico para alcanzar la inmortalidad. Adaptación de la primera de las seis novelas de la saga literaria homónima de Carole Wilkins.  Público: todos los públicos.  Entrada libre hasta completar aforo.";"http://www.madrid.es/sites/v/index.jsp?vgnextchannel=ca9671ee4a9eb410VgnVCM100000171f5a0aRCRD&vgnextoid=09a9240b69c77910VgnVCM1000001d4a900aRCRD";"Verano de cine Retiro 2025";"http://www.madrid.es/sites/v/index.jsp?vgnextchannel=ca9671ee4a9eb410VgnVCM100000171f5a0aRCRD&vgnextoid=cdac62ae0c4a1810VgnVCM1000001d4a900aRCRD";"http://www.madrid.es/sites/v/index.jsp?vgnextchannel=bfa48ab43d6bb410VgnVCM100000171f5a0aRCRD&vgnextoid=cdbeb77bb6884610VgnVCM1000001d4a900aRCRD";"Plaza de Daoíz y Velarde";"1";"PLAZA";"DAOIZ Y VELARDE";"2";"RETIRO";"PACIFICO";"28007";"442527";"4472618";"40.402190438836826";"-3.6772826298329093";"/contenido/actividades/CineActividadesAudiovisuales";""
12787932;"Había una vez una iguana";"";"1";"0";"";"";"2025-06-28 00:00:00.0";"2025-06-28 23:59:00.0";"12:00";"Nunca es demasiado pronto para iniciar a los bebés en el maravilloso mundo del libro y la lectura. Además de estimular su imaginación, descubrirán colores, sonidos y palabras que enriquecerán su vocabulario.  Este cuento está pensado para bebés de 0 a 24 meses. Se celebrarán dos sesiones de media hora de duración, a las 12:00 y a las 12:30 horas  Hay que recoger invitación en el mostrador a partir del lunes 23 de junio:  8 entradas dobles a partir de las 08:30 horas. 8 entradas dobles a partir de las 17:00 horas.       Te esperamos en la biblioteca para pasar un buen rato lleno de fantasía de la mano de Nelson Calderón";"http://www.madrid.es/sites/v/index.jsp?vgnextchannel=ca9671ee4a9eb410VgnVCM100000171f5a0aRCRD&vgnextoid=17b6934b52b17910VgnVCM2000001f4a900aRCRD";"Bebecuentos";"http://www.madrid.es/sites/v/index.jsp?vgnextchannel=ca9671ee4a9eb410VgnVCM100000171f5a0aRCRD&vgnextoid=29805b097f75e710VgnVCM1000001d4a900aRCRD";"http://www.madrid.es/sites/v/index.jsp?vgnextchannel=bfa48ab43d6bb410VgnVCM100000171f5a0aRCRD&vgnextoid=ec750a2153ef9210VgnVCM2000000c205a0aRCRD";"Biblioteca Pública Municipal Ángel González (Latina)";"1,6";"CALLE";"GRANJA DE TORREHERMOSA";"1";"LATINA";"ALUCHE";"28024";"434954";"4472113";"40.397074625115906";"-3.7664885474841556";"/contenido/actividades/CuentacuentosTiteresMarionetas";"/usuario/Niños"
12804847;"Hablemos de otra cosa";"";"0";"0";"";"";"2025-09-04 00:00:00.0";"2025-09-04 23:59:00.0";"19:00";"Un relato crudo de las vidas de dos mujeres narradas en paralelo: los entrenamientos de una gimnasta para su último campeonato y las vicisitudes de una ama de casa desbordada por las tareas domésticas, infeliz en su matrimonio y con hijo conflictivo.   V?ra Chytilová (1929 ? 2014) es quizá la directora más vanguardista de la Nueva Ola checa de los años sesenta. Mientras trabajaba como claqueta en el estudio Barrandov, fue admitida en la escuela de cine FAMU de Praga. De 1957 a 1962 estudió dirección con el veterano director de cine checo Otakar Vávra. En sus trabajos académicos, se vio influida por los documentales cinéma-vérité y el cine europeo formalista moderno. Lo mismo ocurrió con su primer largometraje, Hablemos de otra cosa (1963), que alterna entre la vida de una gimnasta real con la historia ficticia de una ama de casa. Chytilová es probablemente más conocida por su segunda película, el himno dadaísta, surrealista y feminista de desbordante imaginación Las margaritas (1966). Tras la invasión soviética de 1968, no se le permitió rodar largometrajes durante años. Regresó con la ácida comedia costumbrista El juego de la manzana (1977). Su sátira sobre la realidad social de la comunidad socialista titulada Panelstory (1979) fue tan provocadora que solo pudo verse en las afueras de Praga. Tras la caída del régimen comunista, Chytilová realizó documentales de gran calado y cuatro largometrajes más que satirizaban el capitalismo y revelaban su postura moral, que continuaba siendo igual de firme.   Idioma: V.O.S.E.    Formato: DCP";"http://www.madrid.es/sites/v/index.jsp?vgnextchannel=ca9671ee4a9eb410VgnVCM100000171f5a0aRCRD&vgnextoid=d63d082228d77910VgnVCM1000001d4a900aRCRD";"";"";"http://www.madrid.es/sites/v/index.jsp?vgnextchannel=bfa48ab43d6bb410VgnVCM100000171f5a0aRCRD&vgnextoid=2dbd1fe44c5ee310VgnVCM2000000c205a0aRCRD";"Cineteca Madrid";"1";"PLAZA";"LEGAZPI";"8";"ARGANZUELA";"CHOPERA";"28045";"440946";"4471422";"40.39130985242181";"-3.6958028442054074";"/contenido/actividades/ProgramacionDestacadaAgendaCultura";""
12805979;"Hacer sonar la entraña: latir juntas un ratito";"Acceso gratuito hasta completar aforo previa recogida de entradas en el Punto de Información media hora antes.  Aforo: 30 personas";"0";"0";"";"";"2025-07-04 00:00:00.0";"2025-07-04 23:59:00.0";"19:00";"";"http://www.madrid.es/sites/v/index.jsp?vgnextchannel=ca9671ee4a9eb410VgnVCM100000171f5a0aRCRD&vgnextoid=7661f7bdc2587910VgnVCM1000001d4a900aRCRD";"";"";"http://www.madrid.es/sites/v/index.jsp?vgnextchannel=bfa48ab43d6bb410VgnVCM100000171f5a0aRCRD&vgnextoid=ef686a9ee7336110VgnVCM1000000b205a0aRCRD";"Matadero Madrid";"1";"PLAZA";"LEGAZPI";"8";"ARGANZUELA";"CHOPERA";"28045";"440946";"4471422";"40.39130985242181";"-3.6958028442054074";"/contenido/actividades/RecitalesPresentacionesActosLiterarios";""
12779056;"Hariak Zirkus - Picuentos (País Vasco)";"";"1";"1";"S,D";"";"2025-07-05 00:00:00.0";"2025-07-06 23:59:00.0";"20:00";"";"http://www.madrid.es/sites/v/index.jsp?vgnextchannel=ca9671ee4a9eb410VgnVCM100000171f5a0aRCRD&vgnextoid=ba69dfe2e2de6910VgnVCM2000001f4a900aRCRD";"";"";"http://www.madrid.es/sites/v/index.jsp?vgnextchannel=bfa48ab43d6bb410VgnVCM100000171f5a0aRCRD&vgnextoid=784d8c7c0f91f010VgnVCM1000000b205a0aRCRD";"Teatro Municipal de Títeres. Parque de El Retiro";"1";"AVENIDA";"MÉXICO";"4";"RETIRO";"LOS JERÓNIMOS";"28009";"441748";"4474466";"40.41878362561595";"-3.6866519471003647";"/contenido/actividades/CuentacuentosTiteresMarionetas";"/usuario/Niños"
12400669;"Haz tu propio vermicompost";"";"1";"0";"";"";"2025-07-13 00:00:00.0";"2025-07-13 23:59:00.0";"10:30";"";"http://www.madrid.es/sites/v/index.jsp?vgnextchannel=ca9671ee4a9eb410VgnVCM100000171f5a0aRCRD&vgnextoid=9f9d2e8c67030910VgnVCM2000001f4a900aRCRD";"Haz tu propio vermicompost";"http://www.madrid.es/sites/v/index.jsp?vgnextchannel=ca9671ee4a9eb410VgnVCM100000171f5a0aRCRD&vgnextoid=160d2e8c67030910VgnVCM2000001f4a900aRCRD";"http://www.madrid.es/sites/v/index.jsp?vgnextchannel=bfa48ab43d6bb410VgnVCM100000171f5a0aRCRD&vgnextoid=8a22598d1351c010VgnVCM1000000b205a0aRCRD";"Centro de Información y Educación Ambiental de Casa de Campo";"1";"PARQUE";"CASA DE CAMPO (JUNTO AL EMBARCADERO DEL LAGO)";"";"MONCLOA-ARAVACA";"CASA DE CAMPO";"28011";"437990";"4474399";"40.41789950036311";"-3.7309390858931137";"/contenido/actividades/CursosTalleres";""
12762957;"Héroes de Central Park (2023) dirigido por Jérémie Degruson";"";"1";"0";"";"";"2025-07-11 00:00:00.0";"2025-07-11 23:59:00.0";"22:00";"Un títere de Don Quijote fugitivo con una imaginación ilimitada, y DJ Doggy Dog, un peluche abandonado que necesita un amigo, cruzarán sus caminos en Central Park y se unirán contra viento y marea para una épica aventura de amistad en la ciudad de Nueva York.   Lugar: Instalación Mercadillo c/ del Gorrión (Vicente Quesada, 11)  Género: Animación  Edad recomendada: Apta para todos los públicos  Duración: 89 minutos.";"http://www.madrid.es/sites/v/index.jsp?vgnextchannel=ca9671ee4a9eb410VgnVCM100000171f5a0aRCRD&vgnextoid=1cfa4bcad6b76910VgnVCM1000001d4a900aRCRD";"Cine de verano 2025 en Carabanchel";"http://www.madrid.es/sites/v/index.jsp?vgnextchannel=ca9671ee4a9eb410VgnVCM100000171f5a0aRCRD&vgnextoid=e8a2cd0e24b76910VgnVCM1000001d4a900aRCRD";"";"";"";"";"";"";"";"";"";"";"";"";"";"/contenido/actividades/CineActividadesAudiovisuales";""
11769483;"Historia de El Retiro";"";"1";"0";"";"";"2025-09-20 00:00:00.0";"2025-09-20 23:59:00.0";"11:00";"Los Jardines del Buen Retiro cuentan con 400 años de historia en los que han sufrido múltiples transformaciones tanto a nivel botánico como paisajístico y arquitectónico. A lo largo de este itinerario se conocen distintos elementos que han sobrevivido al paso del tiempo y se conocerán los distintos usos que ha tenido cada zona del parque, desde su origen hasta la actualidad. Actividad dirigida a público adulto.  Duración estimada: aproximadamente dos horas.";"http://www.madrid.es/sites/v/index.jsp?vgnextchannel=ca9671ee4a9eb410VgnVCM100000171f5a0aRCRD&vgnextoid=7d99af6138133810VgnVCM2000001f4a900aRCRD";"Itinerarios guiados por El Retiro";"http://www.madrid.es/sites/v/index.jsp?vgnextchannel=ca9671ee4a9eb410VgnVCM100000171f5a0aRCRD&vgnextoid=e7b01130a93b1810VgnVCM1000001d4a900aRCRD";"http://www.madrid.es/sites/v/index.jsp?vgnextchannel=bfa48ab43d6bb410VgnVCM100000171f5a0aRCRD&vgnextoid=796b8193c73c4210VgnVCM1000000b205a0aRCRD";"Centro de Información y Educación Ambiental de El Huerto de El Retiro";"1";"PASEO";"FERNAN NUÑEZ";"2";"RETIRO";"LOS JERONIMOS";"28009";"441779";"4473428";"40.40943503279114";"-3.6861797800993257";"";""
12800061;"Historia de una muñeca abandonad";"";"0";"0";"";"";"2025-08-24 00:00:00.0";"2025-08-24 23:59:00.0";"";"";"http://www.madrid.es/sites/v/index.jsp?vgnextchannel=ca9671ee4a9eb410VgnVCM100000171f5a0aRCRD&vgnextoid=d40cba98e7957910VgnVCM1000001d4a900aRCRD";"Historia de una muñeca abandonad";"http://www.madrid.es/sites/v/index.jsp?vgnextchannel=ca9671ee4a9eb410VgnVCM100000171f5a0aRCRD&vgnextoid=390cba98e7957910VgnVCM1000001d4a900aRCRD";"http://www.madrid.es/sites/v/index.jsp?vgnextchannel=bfa48ab43d6bb410VgnVCM100000171f5a0aRCRD&vgnextoid=784d8c7c0f91f010VgnVCM1000000b205a0aRCRD";"Teatro Municipal de Títeres. Parque de El Retiro";"1";"AVENIDA";"MÉXICO";"4";"RETIRO";"LOS JERÓNIMOS";"28009";"441748";"4474466";"40.41878362561595";"-3.6866519471003647";"/contenido/actividades/CuentacuentosTiteresMarionetas";"/usuario/Familias"
12808467;"Historia del amor";"";"0";"1";"X,J,V,S,D";"";"2025-10-01 00:00:00.0";"2025-10-05 23:59:00.0";"19:30";"";"http://www.madrid.es/sites/v/index.jsp?vgnextchannel=ca9671ee4a9eb410VgnVCM100000171f5a0aRCRD&vgnextoid=ff9a52a730d87910VgnVCM1000001d4a900aRCRD";"";"";"http://www.madrid.es/sites/v/index.jsp?vgnextchannel=bfa48ab43d6bb410VgnVCM100000171f5a0aRCRD&vgnextoid=835295423e700910VgnVCM2000001f4a900aRCRD";"Nave 10 Matadero. Creación Dramática Contemporánea";"1,6";"PASEO";"CHOPERA";"14";"ARGANZUELA";"CHOPERA";"28045";"440828";"4471551";"40.39245798191536";"-3.6972067902718897";"/contenido/actividades/ProgramacionDestacadaAgendaCultura";""
12811310;"Historia y cultura del pueblo gitano";"";"1";"1";"L,M,X,J,V,S,D";"";"2025-07-24 00:00:00.0";"2025-08-31 23:59:00.0";"";"Os proponemos un recorrido por la historia y cultura del Pueblo Gitano para estimular y motivar una mirada limpia y respetuosa sobre los ciudadanos gitanos. La exposición nace con la intención de acercar los ciudadanos, la información real y documentada de la historia del pueblo Gitano, esa historia que nunca aparece en los libros de texto. Sabemos que su desconocimiento ayuda a reforzar los prejuicios y estereotipos que se tienen de nuestros conciudadanos gitanos, además de la desigualdad.";"http://www.madrid.es/sites/v/index.jsp?vgnextchannel=ca9671ee4a9eb410VgnVCM100000171f5a0aRCRD&vgnextoid=1d4796a2ff5a7910VgnVCM1000001d4a900aRCRD";"Actividades Centro Cultural Emilia Pardo Bazán";"http://www.madrid.es/sites/v/index.jsp?vgnextchannel=ca9671ee4a9eb410VgnVCM100000171f5a0aRCRD&vgnextoid=f44bedf006a51910VgnVCM1000001d4a900aRCRD";"http://www.madrid.es/sites/v/index.jsp?vgnextchannel=bfa48ab43d6bb410VgnVCM100000171f5a0aRCRD&vgnextoid=dc8d531521b74810VgnVCM1000001d4a900aRCRD";"Centro Cultural Emilia Pardo Bazán (Salamanca)";"1";"CALLE";"GOYA";"1";"SALAMANCA";"RECOLETOS";"28001";"441502";"4475253";"40.42585800515975";"-3.689601594290468";"/contenido/actividades/Exposiciones";""
12805872;"Homenaje Federico García Lorca";"";"1";"0";"";"";"2025-08-18 00:00:00.0";"2025-08-18 23:59:00.0";"21:00";"Ubicación: Plaza Juan Malasaña  Duración: 100 minutos  Edad recomendada: Todos los públicos  Sinopsis: Al inicio habrá un micrófono abierto para que los vecinos y participantes puedan leer poemas del dramaturgo Federico García Lorca en conmemoración del día de su fallecimiento. En la segunda parte, tendrá lugar la actuación de Yorukalia 'Lorca, popular y flamenco'.";"http://www.madrid.es/sites/v/index.jsp?vgnextchannel=ca9671ee4a9eb410VgnVCM100000171f5a0aRCRD&vgnextoid=5a35e5173c287910VgnVCM2000001f4a900aRCRD";"Actividades Calle Abierta";"http://www.madrid.es/sites/v/index.jsp?vgnextchannel=ca9671ee4a9eb410VgnVCM100000171f5a0aRCRD&vgnextoid=261af36edd371910VgnVCM2000001f4a900aRCRD";"";"";"";"";"";"";"";"";"";"";"";"";"";"/contenido/actividades/ComemoracionesHomenajes";""
12776144;"Hook";"";"1";"0";"";"";"2025-06-27 00:00:00.0";"2025-06-27 23:59:00.0";"18:00";"Steven Spielberg Peter Pan (Robin Williams) es un prestigioso abogado que vive absorto en su trabajo. Tiene una encantadora familia a la que apenas dedica tiempo, porque se ha olvidado de lo que significa la infancia. Sin embargo, cuando sus hijos son secuestrados por su antiguo enemigo, el Capitán Garfio (Dustin Hoffman), y llevados al País de Nunca Jamás, se verá obligado a viajar a ese reino encantado, donde, con la ayuda de Campanilla (Julia Roberts), podrá recuperar no sólo a sus hijos, sino también al niño que un día fue. Duración: 137 minutos Edad: a partir de 4 años.";"http://www.madrid.es/sites/v/index.jsp?vgnextchannel=ca9671ee4a9eb410VgnVCM100000171f5a0aRCRD&vgnextoid=7ac4d0a9e9ec6910VgnVCM1000001d4a900aRCRD";"Actividades en el Teatro Municipal Villa de Vallecas";"http://www.madrid.es/sites/v/index.jsp?vgnextchannel=ca9671ee4a9eb410VgnVCM100000171f5a0aRCRD&vgnextoid=7bf62d24e6f61910VgnVCM2000001f4a900aRCRD";"http://www.madrid.es/sites/v/index.jsp?vgnextchannel=bfa48ab43d6bb410VgnVCM100000171f5a0aRCRD&vgnextoid=2193cb665c6e8610VgnVCM1000001d4a900aRCRD";"Teatro Municipal de Vallecas";"1";"CALLE";"PASO DE VILLAMANRIQUE";"3";"VILLA DE VALLECAS";"CASCO H.VALLECAS";"28031";"447122";"4469857";"40.37762362093048";"-3.6229095774784765";"/contenido/actividades/CineActividadesAudiovisuales";"/usuario/Niños"
12804317;"Hotel Royal";"";"1";"0";"";"";"2025-07-30 00:00:00.0";"2025-07-30 23:59:00.0";"22:00";"Duración: 87 min.  Dirección: Kitty Green  Sinopsis: Hanna y Liv son dos amigas canadienses que viajan como mochileras por Australia. Tras quedarse sin dinero, Liv, buscando vivir una aventura, convence a Hanna de aceptar un trabajo temporal tras la barra de un pub llamado The Royal Hotel, en una remota localidad minera del Outback. El dueño del bar, Billy, y un grupo de lugareños les ofrecen una desenfrenada introducción a la cultura del alcohol en Australia, pero pronto Hanna y Liv se ven atrapadas en una inquietante situación que rápidamente escapa a su control.  Público: mayor de 16 años.  Entrada libre hasta completar aforo.";"http://www.madrid.es/sites/v/index.jsp?vgnextchannel=ca9671ee4a9eb410VgnVCM100000171f5a0aRCRD&vgnextoid=bb865de1ee977910VgnVCM1000001d4a900aRCRD";"Verano de cine Retiro 2025";"http://www.madrid.es/sites/v/index.jsp?vgnextchannel=ca9671ee4a9eb410VgnVCM100000171f5a0aRCRD&vgnextoid=cdac62ae0c4a1810VgnVCM1000001d4a900aRCRD";"http://www.madrid.es/sites/v/index.jsp?vgnextchannel=bfa48ab43d6bb410VgnVCM100000171f5a0aRCRD&vgnextoid=675e280d37e2e210VgnVCM1000000b205a0aRCRD";"Parque Roma";"2";"CALLE";"JUAN ESPLANDIU";"4";"RETIRO";"ESTRELLA";"28007";"443786";"4474188";"40.41641041087398";"-3.662606100328213";"/contenido/actividades/CineActividadesAudiovisuales";""
12804234;"Hoy no me puedo levantar";"";"1";"0";"";"";"2025-07-13 00:00:00.0";"2025-07-13 23:59:00.0";"19:00";"";"http://www.madrid.es/sites/v/index.jsp?vgnextchannel=ca9671ee4a9eb410VgnVCM100000171f5a0aRCRD&vgnextoid=079da9afce877910VgnVCM2000001f4a900aRCRD";"";"";"http://www.madrid.es/sites/v/index.jsp?vgnextchannel=bfa48ab43d6bb410VgnVCM100000171f5a0aRCRD&vgnextoid=35e53d0b5e71c010VgnVCM1000000b205a0aRCRD";"Centro Cultural Casa de Vacas (Retiro)";"1";"PASEO";"COLOMBIA";"1";"RETIRO";"LOS JERONIMOS";"28009";"441967";"4474495";"40.41906571939961";"-3.684053112760816";"";""
12761877;"I Ciclo de música clásica. Jóvenes + Clásicos en Carabanchel. Cuarteto Bassadonna";"";"1";"0";"";"";"2025-06-28 00:00:00.0";"2025-06-28 23:59:00.0";"19:00";"Noemí Molinero, contrabajo Zlatka Pencheva, contrabajo Susana Rivero, contrabajo Enara Susano, contrabajo   Edad recomendada: A partir de 12 años  Duración: 60 minutos";"http://www.madrid.es/sites/v/index.jsp?vgnextchannel=ca9671ee4a9eb410VgnVCM100000171f5a0aRCRD&vgnextoid=2907385903c66910VgnVCM2000001f4a900aRCRD";"Actividades en el Centro Cultural San Francisco La Prensa";"http://www.madrid.es/sites/v/index.jsp?vgnextchannel=ca9671ee4a9eb410VgnVCM100000171f5a0aRCRD&vgnextoid=7d60f36edd371910VgnVCM2000001f4a900aRCRD";"http://www.madrid.es/sites/v/index.jsp?vgnextchannel=bfa48ab43d6bb410VgnVCM100000171f5a0aRCRD&vgnextoid=5787e842ec9a6110VgnVCM1000000b205a0aRCRD";"Centro Cultural San Francisco La Prensa (Carabanchel)";"1";"CALLE";"ALISEDA";"4";"CARABANCHEL";"PUERTA BONITA";"28025";"437044";"4469856";"40.37691447788016";"-3.7416256113806847";"/contenido/actividades/Musica";""
12620956;"Increíble Mundo Insecto";"";"1";"0";"";"";"2025-08-09 00:00:00.0";"2025-08-09 23:59:00.0";"10:30";"¿Cuántos insectos conoces? ¿Sabrías distinguir un insecto del resto de animales artrópodos? ¿Has visto alguna vez cómo son capaces de transformarse? Actividad teórico-práctica en la que dar a conocer el fascinante mundo de los insectos a través de la visita al Centro Entomológico Manuel Ortego. Descubriremos una magnífica colección de insectos de diferentes tamaños y colores que viven en distintas partes del mundo y son imprescindibles para la salud del planeta. Taller dirigido a usuarios/as mayores de 9 años.   Duración estimada: aproximadamente una hora y media.";"http://www.madrid.es/sites/v/index.jsp?vgnextchannel=ca9671ee4a9eb410VgnVCM100000171f5a0aRCRD&vgnextoid=d5ecccb244dc3910VgnVCM2000001f4a900aRCRD";"Especial familias";"http://www.madrid.es/sites/v/index.jsp?vgnextchannel=ca9671ee4a9eb410VgnVCM100000171f5a0aRCRD&vgnextoid=9bfd9a5c7db95810VgnVCM1000001d4a900aRCRD";"http://www.madrid.es/sites/v/index.jsp?vgnextchannel=bfa48ab43d6bb410VgnVCM100000171f5a0aRCRD&vgnextoid=8a22598d1351c010VgnVCM1000000b205a0aRCRD";"Centro de Información y Educación Ambiental de Casa de Campo";"1";"PARQUE";"CASA DE CAMPO (JUNTO AL EMBARCADERO DEL LAGO)";"";"MONCLOA-ARAVACA";"CASA DE CAMPO";"28011";"437990";"4474399";"40.41789950036311";"-3.7309390858931137";"";"/usuario/Familias"
12792200;"INFANTIL. Likuado Producciones, presenta 'Profesor Bromato'";"";"1";"0";"";"";"2025-06-28 00:00:00.0";"2025-06-28 23:59:00.0";"18:00";"Un espectáculo de humor innovador que explora los límites de la ciencia a través de los sorprendentes y divertidos experimentos del excéntrico Profesor Bromato. Con su estilo único, el profesor combina risas y conocimientos en una experiencia que desafía las leyes de la ciencia, pero nunca las de la diversión. Ideal para grandes y pequeños, esta aventura científica promete entretener mientras deja una lección inesperada.  Edad recomendada.  A partir de 5 años   Duración: 50 minutos.";"http://www.madrid.es/sites/v/index.jsp?vgnextchannel=ca9671ee4a9eb410VgnVCM100000171f5a0aRCRD&vgnextoid=c416c744fcf27910VgnVCM2000001f4a900aRCRD";"Auditorio Carmen Laforet.";"http://www.madrid.es/sites/v/index.jsp?vgnextchannel=ca9671ee4a9eb410VgnVCM100000171f5a0aRCRD&vgnextoid=1059ef619aca2910VgnVCM2000001f4a900aRCRD";"http://www.madrid.es/sites/v/index.jsp?vgnextchannel=bfa48ab43d6bb410VgnVCM100000171f5a0aRCRD&vgnextoid=fca22248514ae210VgnVCM1000000b205a0aRCRD";"Auditorio Carmen Laforet (Ciudad Lineal)";"1";"CALLE";"JAZMIN";"46";"CIUDAD LINEAL";"COSTILLARES";"28033";"443573";"4481211";"40.47967249471556";"-3.6657243894913565";"/contenido/actividades/TeatroPerformance";"/usuario/Niños,/usuario/Familias"
12797997;"Inks from the Kitchen";"Acceso libre hasta completar aforo   ";"1";"0";"";"";"2025-06-26 00:00:00.0";"2025-06-26 23:59:00.0";"";"";"http://www.madrid.es/sites/v/index.jsp?vgnextchannel=ca9671ee4a9eb410VgnVCM100000171f5a0aRCRD&vgnextoid=c744db3e7b447910VgnVCM1000001d4a900aRCRD";"";"";"";"";"";"";"";"";"";"";"";"";"";"";"";"/contenido/actividades/ProgramacionDestacadaAgendaCultura";""
12811446;"Irenne";"";"1";"0";"";"";"2025-07-18 00:00:00.0";"2025-07-18 23:59:00.0";"19:00";"Irenne, 28 años, nace en Madrid en una familia en el que la música era una constante. Esto hace que se vaya formando vocalmente desde los 18 años. Estrenó su primer proyecto discográfico en noviembre de 2023: 'Inercia'. Actualmente, está empezando la preproducción de su siguiente proyecto";"http://www.madrid.es/sites/v/index.jsp?vgnextchannel=ca9671ee4a9eb410VgnVCM100000171f5a0aRCRD&vgnextoid=acc56c93646a7910VgnVCM1000001d4a900aRCRD";"Actividades Centro Cultural Emilia Pardo Bazán";"http://www.madrid.es/sites/v/index.jsp?vgnextchannel=ca9671ee4a9eb410VgnVCM100000171f5a0aRCRD&vgnextoid=f44bedf006a51910VgnVCM1000001d4a900aRCRD";"http://www.madrid.es/sites/v/index.jsp?vgnextchannel=bfa48ab43d6bb410VgnVCM100000171f5a0aRCRD&vgnextoid=dc8d531521b74810VgnVCM1000001d4a900aRCRD";"Centro Cultural Emilia Pardo Bazán (Salamanca)";"1";"CALLE";"GOYA";"1";"SALAMANCA";"RECOLETOS";"28001";"441502";"4475253";"40.42585800515975";"-3.689601594290468";"/contenido/actividades/Musica";""
12803147;"Ishanou (La elegida)";"";"0";"0";"";"";"2025-09-09 00:00:00.0";"2025-09-09 23:59:00.0";"20:00";"Ishanou es un conmovedor retrato de Tampha, una joven que experimenta un llamado místico, abandonando a su familia para unirse a la secta de sacerdotisas Maibi. A medida que se sumerge en la cultura Maibi, sus seres queridos luchan por comprender su transformación. La película de Aribam Syam Sharma captura la esencia espiritual y cultural de Manipur a través de una narrativa elegante y música tradicional. Restaurada por Film Heritage Foundation en el laboratorio L?Immagine Ritrovata y en Prasad Corporation Pvt. Ltd.?s Post- Studios, Chennai, en colaboración con el productor y director Aribam Syam Sharma y la Manipur State Film Development Society. Financiada por Film Heritage Foundation con el generoso apoyo de Dr. Richard Meyer y Susan Harmon.";"http://www.madrid.es/sites/v/index.jsp?vgnextchannel=ca9671ee4a9eb410VgnVCM100000171f5a0aRCRD&vgnextoid=de7c0061f2967910VgnVCM1000001d4a900aRCRD";"";"";"http://www.madrid.es/sites/v/index.jsp?vgnextchannel=bfa48ab43d6bb410VgnVCM100000171f5a0aRCRD&vgnextoid=2dbd1fe44c5ee310VgnVCM2000000c205a0aRCRD";"Cineteca Madrid";"1";"PLAZA";"LEGAZPI";"8";"ARGANZUELA";"CHOPERA";"28045";"440946";"4471422";"40.39130985242181";"-3.6958028442054074";"/contenido/actividades/ProgramacionDestacadaAgendaCultura";""
12233847;"Itinerario Ornitológico Monte de El Pardo";"";"1";"0";"";"";"2025-09-06 00:00:00.0";"2025-09-06 23:59:00.0";"09:00";"Paseo guiado durante el cual se reconocerán las aves más comunes en este espacio verde de Madrid, especialmente las relacionadas con el ecosistema fluvial que aporta el río Manzanares a su paso.  Recomendable llevar  prismáticos .  Actividad familiar a partir de 7 años acompañados siempre de un adulto responsable.  Duración estimada: de 9:00 a 12:00 horas.";"http://www.madrid.es/sites/v/index.jsp?vgnextchannel=ca9671ee4a9eb410VgnVCM100000171f5a0aRCRD&vgnextoid=f5a4c2fff9aac810VgnVCM1000001d4a900aRCRD";"Itinerarios Ornitológicos";"http://www.madrid.es/sites/v/index.jsp?vgnextchannel=ca9671ee4a9eb410VgnVCM100000171f5a0aRCRD&vgnextoid=b6c8c2fff9aac810VgnVCM1000001d4a900aRCRD";"";"";"";"";"";"";"";"";"";"";"";"";"";"/contenido/actividades/ExcursionesItinerariosVisitas";""
12233854;"Itinerario Ornitológico Monte de El Pardo";"";"1";"0";"";"";"2025-07-06 00:00:00.0";"2025-07-06 23:59:00.0";"09:00";"Paseo guiado durante el cual se reconocerán las aves más comunes en este espacio verde de Madrid, especialmente las relacionadas con el ecosistema fluvial que aporta el río Manzanares a su paso.  Recomendable llevar  prismáticos .  Actividad familiar a partir de 7 años acompañados siempre de un adulto responsable.  Duración estimada: de 9:00 a 12:00 horas.";"http://www.madrid.es/sites/v/index.jsp?vgnextchannel=ca9671ee4a9eb410VgnVCM100000171f5a0aRCRD&vgnextoid=bd16c2fff9aac810VgnVCM1000001d4a900aRCRD";"Itinerarios Ornitológicos";"http://www.madrid.es/sites/v/index.jsp?vgnextchannel=ca9671ee4a9eb410VgnVCM100000171f5a0aRCRD&vgnextoid=b6c8c2fff9aac810VgnVCM1000001d4a900aRCRD";"";"";"";"";"";"";"";"";"";"";"";"";"";"/contenido/actividades/ExcursionesItinerariosVisitas";""
12798803;"Itinerario Ornitológico Monte de El Pardo";"";"1";"0";"";"";"2025-09-13 00:00:00.0";"2025-09-13 23:59:00.0";"09:00";"Paseo guiado durante el cual se reconocerán las aves más comunes en este espacio verde de Madrid, especialmente las relacionadas con el ecosistema fluvial que aporta el río Manzanares a su paso. Recomendable llevar prismáticos. Actividad familiar a partir de 7 años acompañados siempre de un adulto responsable.  Duración estimada: de 9:00 a 12:00 horas.";"http://www.madrid.es/sites/v/index.jsp?vgnextchannel=ca9671ee4a9eb410VgnVCM100000171f5a0aRCRD&vgnextoid=a6b92cade1457910VgnVCM2000001f4a900aRCRD";"Itinerarios Ornitológicos";"http://www.madrid.es/sites/v/index.jsp?vgnextchannel=ca9671ee4a9eb410VgnVCM100000171f5a0aRCRD&vgnextoid=b6c8c2fff9aac810VgnVCM1000001d4a900aRCRD";"";"";"";"";"";"";"";"";"";"";"";"";"";"/contenido/actividades/ExcursionesItinerariosVisitas";""
12233829;"Itinerario Ornitológico Monte de El Pardo";"";"1";"0";"";"";"2025-08-10 00:00:00.0";"2025-08-10 23:59:00.0";"09:00";"Paseo guiado durante el cual se reconocerán las aves más comunes en este espacio verde de Madrid, especialmente las relacionadas con el ecosistema fluvial que aporta el río Manzanares a su paso. Actividad familiar a partir de 7 años acompañados siempre de un adulto responsable. Es recomendable traer prismáticos.  Duración estimada: de 9:00 a 12:00 horas.";"http://www.madrid.es/sites/v/index.jsp?vgnextchannel=ca9671ee4a9eb410VgnVCM100000171f5a0aRCRD&vgnextoid=8731c2fff9aac810VgnVCM1000001d4a900aRCRD";"Itinerarios Ornitológicos";"http://www.madrid.es/sites/v/index.jsp?vgnextchannel=ca9671ee4a9eb410VgnVCM100000171f5a0aRCRD&vgnextoid=b6c8c2fff9aac810VgnVCM1000001d4a900aRCRD";"";"";"";"";"";"";"";"";"";"";"";"";"";"/contenido/actividades/ExcursionesItinerariosVisitas";""
12233836;"Itinerario Ornitológico Monte de El Pardo";"";"1";"0";"";"";"2025-06-28 00:00:00.0";"2025-06-28 23:59:00.0";"09:00";"Paseo guiado durante el cual se reconocerán las aves más comunes en este espacio verde de Madrid, especialmente las relacionadas con el ecosistema fluvial que aporta el río Manzanares a su paso.  Recomendable llevar  prismáticos .  Actividad familiar a partir de 7 años acompañados siempre de un adulto responsable.  Duración estimada: de 9:00 a 12:00 horas.";"http://www.madrid.es/sites/v/index.jsp?vgnextchannel=ca9671ee4a9eb410VgnVCM100000171f5a0aRCRD&vgnextoid=9491c2fff9aac810VgnVCM1000001d4a900aRCRD";"Itinerarios Ornitológicos";"http://www.madrid.es/sites/v/index.jsp?vgnextchannel=ca9671ee4a9eb410VgnVCM100000171f5a0aRCRD&vgnextoid=b6c8c2fff9aac810VgnVCM1000001d4a900aRCRD";"";"";"";"";"";"";"";"";"";"";"";"";"";"/contenido/actividades/ExcursionesItinerariosVisitas";""
12630726;"Itinerario Ornitológico Parque del Manzanares - Madrid Río";"";"1";"0";"";"";"2025-08-30 00:00:00.0";"2025-08-30 23:59:00.0";"09:00";"Itinerario en el que podremos observar el paisaje que conforma el parque, la flora y fauna que vive en él, dando especial relevancia a las aves. Actividad familiar a partir de 7 años acompañados siempre de un adulto responsable. Es recomendable traer prismáticos.  Duración estimada: de 9:00 a 12:00 horas.";"http://www.madrid.es/sites/v/index.jsp?vgnextchannel=ca9671ee4a9eb410VgnVCM100000171f5a0aRCRD&vgnextoid=e90076bd693f3910VgnVCM1000001d4a900aRCRD";"Itinerarios Ornitológicos";"http://www.madrid.es/sites/v/index.jsp?vgnextchannel=ca9671ee4a9eb410VgnVCM100000171f5a0aRCRD&vgnextoid=b6c8c2fff9aac810VgnVCM1000001d4a900aRCRD";"";"";"";"";"";"";"";"";"";"";"";"";"";"/contenido/actividades/ExcursionesItinerariosVisitas";""
12630715;"Itinerario Ornitológico Parque del Manzanares ? Madrid Río";"";"1";"0";"";"";"2025-07-12 00:00:00.0";"2025-07-12 23:59:00.0";"09:00";"Recorreremos las riberas de este legendario río a lo largo del primer tramo del Parque Lineal que hace mención a su nombre, y subiremos aguas arriba finalizando a la altura del Matadero de Madrid Río. Actividad familiar a partir de 7 años acompañados siempre de un adulto responsable.  Duración estimada: de 9:00 a 12:00 horas.";"http://www.madrid.es/sites/v/index.jsp?vgnextchannel=ca9671ee4a9eb410VgnVCM100000171f5a0aRCRD&vgnextoid=5e2f76bd693f3910VgnVCM1000001d4a900aRCRD";"Itinerarios Ornitológicos";"http://www.madrid.es/sites/v/index.jsp?vgnextchannel=ca9671ee4a9eb410VgnVCM100000171f5a0aRCRD&vgnextoid=b6c8c2fff9aac810VgnVCM1000001d4a900aRCRD";"";"";"";"";"";"";"";"";"";"";"";"";"";"/contenido/actividades/ExcursionesItinerariosVisitas";""
12336869;"Itinerario Ornitológico Parque del Manzanares ? Madrid Río";"";"1";"0";"";"";"2025-06-29 00:00:00.0";"2025-06-29 23:59:00.0";"09:00";"Recorreremos las riberas de este legendario río a lo largo del primer tramo del Parque Lineal que hace mención a su nombre, y subiremos aguas arriba finalizando a la altura del Matadero de Madrid Río. Actividad familiar a partir de 7 años acompañados siempre de un adulto responsable. Es recomendable traer prismáticos.  Duración estimada: de 9:00 a 12:00 horas.";"http://www.madrid.es/sites/v/index.jsp?vgnextchannel=ca9671ee4a9eb410VgnVCM100000171f5a0aRCRD&vgnextoid=07af3fb304e9e810VgnVCM1000001d4a900aRCRD";"Itinerarios Ornitológicos";"http://www.madrid.es/sites/v/index.jsp?vgnextchannel=ca9671ee4a9eb410VgnVCM100000171f5a0aRCRD&vgnextoid=b6c8c2fff9aac810VgnVCM1000001d4a900aRCRD";"";"";"";"";"";"";"";"";"";"";"";"";"";"/contenido/actividades/ExcursionesItinerariosVisitas";""
12233856;"Itinerario Ornitológico Parque del Oeste";"";"1";"0";"";"";"2025-07-11 00:00:00.0";"2025-07-11 23:59:00.0";"09:00";"En esta ruta de observación iremos al primer parque público del municipio de Madrid: el Parque del Oeste. Los inmensos y centenarios árboles, el pinar, el bosquecillo del observatorio, los arbustos y praderas y la galería ribereña que encontramos en este pequeño pulmón de la ciudad erigido para uso y disfrute de los vecinos, ofrecen refugio y alimento a la enorme variedad de aves que los habitan. Disfrutaremos de la observación de estos pequeños y camuflados seres que podemos contemplar en el silencio de las primeras horas del día.  Recomendable llevar  prismáticos .  Actividad familiar a partir de 7 años acompañados siempre de un adulto responsable.  Duración estimada: de 9:00 a 12:00 horas.";"http://www.madrid.es/sites/v/index.jsp?vgnextchannel=ca9671ee4a9eb410VgnVCM100000171f5a0aRCRD&vgnextoid=a6b6c2fff9aac810VgnVCM1000001d4a900aRCRD";"Itinerarios Ornitológicos";"http://www.madrid.es/sites/v/index.jsp?vgnextchannel=ca9671ee4a9eb410VgnVCM100000171f5a0aRCRD&vgnextoid=b6c8c2fff9aac810VgnVCM1000001d4a900aRCRD";"";"";"";"";"";"";"";"";"";"";"";"";"";"/contenido/actividades/ExcursionesItinerariosVisitas";""
12233848;"Itinerario Ornitológico Parque del Oeste";"";"1";"0";"";"";"2025-09-27 00:00:00.0";"2025-09-27 23:59:00.0";"09:00";"En esta ruta de observación iremos al primer parque público del municipio de Madrid: el Parque del Oeste. Los inmensos y centenarios árboles, el pinar, el bosquecillo del observatorio, los arbustos y praderas y la galería ribereña que encontramos en este pequeño pulmón de la ciudad erigido para uso y disfrute de los vecinos, ofrecen refugio y alimento a la enorme variedad de aves que los habitan. Disfrutaremos de la observación de estos pequeños y camuflados seres que podemos contemplar en el silencio de las primeras horas del día.  Recomendable llevar  prismáticos .  Actividad familiar a partir de 7 años acompañados siempre de un adulto responsable.  Duración estimada: de 9:00 a 12:00 horas.";"http://www.madrid.es/sites/v/index.jsp?vgnextchannel=ca9671ee4a9eb410VgnVCM100000171f5a0aRCRD&vgnextoid=fd05c2fff9aac810VgnVCM1000001d4a900aRCRD";"Itinerarios Ornitológicos";"http://www.madrid.es/sites/v/index.jsp?vgnextchannel=ca9671ee4a9eb410VgnVCM100000171f5a0aRCRD&vgnextoid=b6c8c2fff9aac810VgnVCM1000001d4a900aRCRD";"";"";"";"";"";"";"";"";"";"";"";"";"";"/contenido/actividades/ExcursionesItinerariosVisitas";""
12233828;"Itinerario Ornitológico Parque Emperatriz María de Austria";"";"1";"0";"";"";"2025-08-22 00:00:00.0";"2025-08-22 23:59:00.0";"09:00";"Este parque cuenta con extensas praderas, diverso y abundante arbolado y macizos arbustivos, así como con una zona de pinar y otra de humedal, lo que se traduce en una abundante biodiversidad que podremos contemplar durante todo nuestro recorrido. ¡Acompáñanos!  Recomendable llevar  prismáticos .  Actividad familiar a partir de 7 años acompañados siempre de un adulto responsable.  Duración estimada: de 9:00 a 12:00 horas.";"http://www.madrid.es/sites/v/index.jsp?vgnextchannel=ca9671ee4a9eb410VgnVCM100000171f5a0aRCRD&vgnextoid=af9fc2fff9aac810VgnVCM1000001d4a900aRCRD";"Itinerarios Ornitológicos";"http://www.madrid.es/sites/v/index.jsp?vgnextchannel=ca9671ee4a9eb410VgnVCM100000171f5a0aRCRD&vgnextoid=b6c8c2fff9aac810VgnVCM1000001d4a900aRCRD";"";"";"";"";"";"";"";"";"";"";"";"";"";"/contenido/actividades/ExcursionesItinerariosVisitas";""
12233851;"Itinerario Ornitológico Parque Emperatriz María de Austria";"";"1";"0";"";"";"2025-09-12 00:00:00.0";"2025-09-12 23:59:00.0";"09:00";"Este parque cuenta con extensas praderas, diverso y abundante arbolado y macizos arbustivos, así como con una zona de pinar y otra de humedal, lo que se traduce en una abundante biodiversidad que podremos contemplar durante todo nuestro recorrido. ¡Acompáñanos! Actividad familiar a partir de 7 años acompañados siempre de un adulto responsable. Es recomendable traer prismáticos.  Duración estimada: de 9:00 a 12:00 horas.";"http://www.madrid.es/sites/v/index.jsp?vgnextchannel=ca9671ee4a9eb410VgnVCM100000171f5a0aRCRD&vgnextoid=7fc5c2fff9aac810VgnVCM1000001d4a900aRCRD";"Itinerarios Ornitológicos";"http://www.madrid.es/sites/v/index.jsp?vgnextchannel=ca9671ee4a9eb410VgnVCM100000171f5a0aRCRD&vgnextoid=b6c8c2fff9aac810VgnVCM1000001d4a900aRCRD";"";"";"";"";"";"";"";"";"";"";"";"";"";"/contenido/actividades/ExcursionesItinerariosVisitas";""
12336860;"Itinerario Ornitológico Parque Enrique Tierno Galván";"";"1";"0";"";"";"2025-09-07 00:00:00.0";"2025-09-07 23:59:00.0";"09:00";"Itinerario en el que podremos observar el paisaje que conforma el parque, la flora y fauna que vive en él, dando especial relevancia a las aves. Actividad familiar a partir de 7 años acompañados siempre de un adulto responsable. Es recomendable traer prismáticos.  Duración estimada: de 9:00 a 12:00 horas.";"http://www.madrid.es/sites/v/index.jsp?vgnextchannel=ca9671ee4a9eb410VgnVCM100000171f5a0aRCRD&vgnextoid=dbde3fb304e9e810VgnVCM1000001d4a900aRCRD";"Itinerarios Ornitológicos";"http://www.madrid.es/sites/v/index.jsp?vgnextchannel=ca9671ee4a9eb410VgnVCM100000171f5a0aRCRD&vgnextoid=b6c8c2fff9aac810VgnVCM1000001d4a900aRCRD";"";"";"";"";"";"";"";"";"";"";"";"";"";"/contenido/actividades/ExcursionesItinerariosVisitas";""
12233845;"Itinerario Ornitológico Parque Forestal de Valdebebas";"";"1";"0";"";"";"2025-09-27 00:00:00.0";"2025-09-27 23:59:00.0";"09:00";"Itinerario en el que podremos observar el paisaje que conforma el parque, la flora y fauna que vive en él, dando especial relevancia a las aves. Recomendable llevar prismáticos. Actividad familiar a partir de 7 años acompañados siempre de un adulto responsable.  Duración estimada: de 9:00 a 12:00 horas.";"http://www.madrid.es/sites/v/index.jsp?vgnextchannel=ca9671ee4a9eb410VgnVCM100000171f5a0aRCRD&vgnextoid=7a04c2fff9aac810VgnVCM1000001d4a900aRCRD";"Itinerarios Ornitológicos";"http://www.madrid.es/sites/v/index.jsp?vgnextchannel=ca9671ee4a9eb410VgnVCM100000171f5a0aRCRD&vgnextoid=b6c8c2fff9aac810VgnVCM1000001d4a900aRCRD";"";"";"";"";"";"";"";"";"";"";"";"";"";"/contenido/actividades/ExcursionesItinerariosVisitas";""
12233849;"Itinerario Ornitológico Parque Juan Carlos I";"";"1";"0";"";"";"2025-07-27 00:00:00.0";"2025-07-27 23:59:00.0";"09:00";"Durante esta ruta por el parque Juan Carlos I, podremos observar aves en varios ecosistemas como son el lacustre o el bosque mixto de dehesa y pinar. Son lugares que nos dan pistas sobre las aves que podremos encontrar y las que no; y aunque estos microecosistemas son de naturaleza antrópica, consiguen una diversidad ornitológica de interés. Actividad familiar a partir de 7 años acompañados siempre de un adulto responsable. Es recomendable traer prismáticos.  Duración estimada: de 9:00 a 12:00 horas.";"http://www.madrid.es/sites/v/index.jsp?vgnextchannel=ca9671ee4a9eb410VgnVCM100000171f5a0aRCRD&vgnextoid=3e55c2fff9aac810VgnVCM1000001d4a900aRCRD";"Itinerarios Ornitológicos";"http://www.madrid.es/sites/v/index.jsp?vgnextchannel=ca9671ee4a9eb410VgnVCM100000171f5a0aRCRD&vgnextoid=b6c8c2fff9aac810VgnVCM1000001d4a900aRCRD";"";"";"";"";"";"";"";"";"";"";"";"";"";"/contenido/actividades/ExcursionesItinerariosVisitas";""
12233832;"Itinerario Ornitológico Parque Juan Carlos I";"";"1";"0";"";"";"2025-09-28 00:00:00.0";"2025-09-28 23:59:00.0";"09:00";"Durante esta ruta por el parque Juan Carlos I, podremos observar aves en varios ecosistemas como son el lacustre o el bosque mixto de dehesa y pinar. Son lugares que nos dan pistas sobre las aves que podremos encontrar y las que no; y aunque estos microecosistemas son de naturaleza antrópica, consiguen una diversidad ornitológica de interés. Actividad familiar a partir de 7 años acompañados siempre de un adulto responsable. Es recomendable traer prismáticos.  Duración estimada: de 9:00 a 12:00 horas.";"http://www.madrid.es/sites/v/index.jsp?vgnextchannel=ca9671ee4a9eb410VgnVCM100000171f5a0aRCRD&vgnextoid=2481c2fff9aac810VgnVCM1000001d4a900aRCRD";"Itinerarios Ornitológicos";"http://www.madrid.es/sites/v/index.jsp?vgnextchannel=ca9671ee4a9eb410VgnVCM100000171f5a0aRCRD&vgnextoid=b6c8c2fff9aac810VgnVCM1000001d4a900aRCRD";"";"";"";"";"";"";"";"";"";"";"";"";"";"/contenido/actividades/ExcursionesItinerariosVisitas";""
12630718;"Itinerario Ornitológico Parque Lineal del Manzanares";"";"1";"0";"";"";"2025-09-06 00:00:00.0";"2025-09-06 23:59:00.0";"09:00";"Itinerario en el que podremos observar el paisaje que conforma el parque Lineal del Manzanares, la flora y fauna que vive en él, dando especial relevancia a las aves. Recomendable llevar prismáticos. Actividad familiar a partir de 7 años acompañados siempre de un adulto responsable.  Duración estimada: de 9:00 a 12:00 horas.";"http://www.madrid.es/sites/v/index.jsp?vgnextchannel=ca9671ee4a9eb410VgnVCM100000171f5a0aRCRD&vgnextoid=065f76bd693f3910VgnVCM1000001d4a900aRCRD";"Itinerarios Ornitológicos";"http://www.madrid.es/sites/v/index.jsp?vgnextchannel=ca9671ee4a9eb410VgnVCM100000171f5a0aRCRD&vgnextoid=b6c8c2fff9aac810VgnVCM1000001d4a900aRCRD";"";"";"";"";"";"";"";"";"";"";"";"";"";"/contenido/actividades/ExcursionesItinerariosVisitas";""
12402225;"Jardín El Capricho";"";"1";"0";"";"";"2025-07-04 00:00:00.0";"2025-07-04 23:59:00.0";"10:00";"Itinerario guiado por el espacio verde madrileño de la mano de un educador ambiental. Identificaremos los caprichos de la Duquesa, así como algunas de las especies vegetales con conforman el espacio. Actividad dirigida a público adulto (mayores de 18 años)  Duración estimada: de 10:00 a 13:00 horas.";"http://www.madrid.es/sites/v/index.jsp?vgnextchannel=ca9671ee4a9eb410VgnVCM100000171f5a0aRCRD&vgnextoid=db7dde3f4c930910VgnVCM2000001f4a900aRCRD";"Jardín El Capricho";"http://www.madrid.es/sites/v/index.jsp?vgnextchannel=ca9671ee4a9eb410VgnVCM100000171f5a0aRCRD&vgnextoid=8a82cf426faac810VgnVCM1000001d4a900aRCRD";"";"";"";"";"";"";"";"";"";"";"";"";"";"";""
12234101;"Jardín El Capricho";"";"1";"0";"";"";"2025-08-30 00:00:00.0";"2025-08-30 23:59:00.0";"10:00";"Itinerario guiado por el espacio verde madrileño de la mano de un educador ambiental. Identificaremos los caprichos de la Duquesa, así como algunas de las especies vegetales con conforman el espacio. Actividad dirigida a público adulto (mayores de 18 años)  Duración estimada: de 10:00 a 13:00 horas.";"http://www.madrid.es/sites/v/index.jsp?vgnextchannel=ca9671ee4a9eb410VgnVCM100000171f5a0aRCRD&vgnextoid=c46a9ad065bac810VgnVCM1000001d4a900aRCRD";"Jardín El Capricho";"http://www.madrid.es/sites/v/index.jsp?vgnextchannel=ca9671ee4a9eb410VgnVCM100000171f5a0aRCRD&vgnextoid=8a82cf426faac810VgnVCM1000001d4a900aRCRD";"";"";"";"";"";"";"";"";"";"";"";"";"";"";""
12794415;"Jardín El Capricho";"";"1";"0";"";"";"2025-09-26 00:00:00.0";"2025-09-26 23:59:00.0";"10:00";"Itinerario guiado por el espacio verde madrileño de la mano de un educador ambiental. Identificaremos los caprichos de la Duquesa, así como algunas de las especies vegetales con conforman el espacio. Actividad dirigida a público adulto (mayores de 18 años).  Duración estimada: de 10:00 a 13:00 horas.";"http://www.madrid.es/sites/v/index.jsp?vgnextchannel=ca9671ee4a9eb410VgnVCM100000171f5a0aRCRD&vgnextoid=c05c084b00537910VgnVCM1000001d4a900aRCRD";"Jardín El Capricho";"http://www.madrid.es/sites/v/index.jsp?vgnextchannel=ca9671ee4a9eb410VgnVCM100000171f5a0aRCRD&vgnextoid=8a82cf426faac810VgnVCM1000001d4a900aRCRD";"";"";"";"";"";"";"";"";"";"";"";"";"";"";""
12234085;"Jardín El Capricho";"";"1";"0";"";"";"2025-09-14 00:00:00.0";"2025-09-14 23:59:00.0";"10:00";"Itinerario guiado por el espacio verde madrileño de la mano de un educador ambiental. Identificaremos los caprichos de la Duquesa, así como algunas de las especies vegetales con conforman el espacio. Actividad dirigida a público adulto (mayores de 18 años).  Duración estimada: de 10:00 a 13:00 horas.";"http://www.madrid.es/sites/v/index.jsp?vgnextchannel=ca9671ee4a9eb410VgnVCM100000171f5a0aRCRD&vgnextoid=bd74cf426faac810VgnVCM1000001d4a900aRCRD";"Jardín El Capricho";"http://www.madrid.es/sites/v/index.jsp?vgnextchannel=ca9671ee4a9eb410VgnVCM100000171f5a0aRCRD&vgnextoid=8a82cf426faac810VgnVCM1000001d4a900aRCRD";"";"";"";"";"";"";"";"";"";"";"";"";"";"";""
12234098;"Jardín El Capricho";"";"1";"0";"";"";"2025-08-23 00:00:00.0";"2025-08-23 23:59:00.0";"10:00";"Itinerario guiado por el espacio verde madrileño de la mano de un educador ambiental. Identificaremos los caprichos de la Duquesa, así como algunas de las especies vegetales con conforman el espacio. Actividad dirigida a público adulto (mayores de 18 años).  Duración estimada: de 10:00 a 13:00 horas.";"http://www.madrid.es/sites/v/index.jsp?vgnextchannel=ca9671ee4a9eb410VgnVCM100000171f5a0aRCRD&vgnextoid=98f89ad065bac810VgnVCM1000001d4a900aRCRD";"Jardín El Capricho";"http://www.madrid.es/sites/v/index.jsp?vgnextchannel=ca9671ee4a9eb410VgnVCM100000171f5a0aRCRD&vgnextoid=8a82cf426faac810VgnVCM1000001d4a900aRCRD";"";"";"";"";"";"";"";"";"";"";"";"";"";"";""
12234100;"Jardín El Capricho";"";"1";"0";"";"";"2025-08-08 00:00:00.0";"2025-08-08 23:59:00.0";"10:00";"Itinerario guiado por el espacio verde madrileño de la mano de un educador ambiental. Identificaremos los caprichos de la Duquesa, así como algunas de las especies vegetales con conforman el espacio. Actividad dirigida a público adulto (mayores de 18 años)  Duración estimada: de 10:00 a 13:00 horas.";"http://www.madrid.es/sites/v/index.jsp?vgnextchannel=ca9671ee4a9eb410VgnVCM100000171f5a0aRCRD&vgnextoid=10799ad065bac810VgnVCM1000001d4a900aRCRD";"Jardín El Capricho";"http://www.madrid.es/sites/v/index.jsp?vgnextchannel=ca9671ee4a9eb410VgnVCM100000171f5a0aRCRD&vgnextoid=8a82cf426faac810VgnVCM1000001d4a900aRCRD";"";"";"";"";"";"";"";"";"";"";"";"";"";"";""
12732488;"Jardines escondidos. De Nuevos Ministerios a la Fundación Juan March";"";"1";"0";"";"";"2025-09-18 00:00:00.0";"2025-09-18 23:59:00.0";"09:30";"Itinerario guiado por jardines escondidos en la ciudad de Madrid en la que, acompañados por un educador ambiental, realizaremos una ruta de senderismo urbano de unos 5 km entre Nuevos Ministerios y la Fundación Juan March. Actividad dirigida a público adulto (mayores de 18 años).  Duración estimada: aproximadamente tres horas";"http://www.madrid.es/sites/v/index.jsp?vgnextchannel=ca9671ee4a9eb410VgnVCM100000171f5a0aRCRD&vgnextoid=25cbfc4d352d5910VgnVCM2000001f4a900aRCRD";"Jardines escondidos";"http://www.madrid.es/sites/v/index.jsp?vgnextchannel=ca9671ee4a9eb410VgnVCM100000171f5a0aRCRD&vgnextoid=e514ea0ac497d810VgnVCM2000001f4a900aRCRD";"";"";"";"";"";"";"";"";"";"";"";"";"";"/contenido/actividades/ExcursionesItinerariosVisitas";""
12754583;"Jet Lag - Barajas";"";"1";"0";"";"";"2025-09-20 00:00:00.0";"2025-09-20 23:59:00.0";"12:00";"";"http://www.madrid.es/sites/v/index.jsp?vgnextchannel=ca9671ee4a9eb410VgnVCM100000171f5a0aRCRD&vgnextoid=7511b4e355536910VgnVCM1000001d4a900aRCRD";"";"";"";"";"";"";"";"";"";"";"";"";"";"";"";"/contenido/actividades/DanzaBaile";""
12754090;"Joel Meyerowitz: Europa 1966-1967";"";"1";"1";"M,X,J,V,S,D";"";"2025-05-15 00:00:00.0";"2025-07-20 23:59:00.0";"";"";"http://www.madrid.es/sites/v/index.jsp?vgnextchannel=ca9671ee4a9eb410VgnVCM100000171f5a0aRCRD&vgnextoid=f80a4632ee336910VgnVCM1000001d4a900aRCRD";"Joel Meyerowitz: Europa 1966-1967";"http://www.madrid.es/sites/v/index.jsp?vgnextchannel=ca9671ee4a9eb410VgnVCM100000171f5a0aRCRD&vgnextoid=d11a4632ee336910VgnVCM1000001d4a900aRCRD";"http://www.madrid.es/sites/v/index.jsp?vgnextchannel=bfa48ab43d6bb410VgnVCM100000171f5a0aRCRD&vgnextoid=ba663d0b5e71c010VgnVCM1000000b205a0aRCRD";"Fernán Gómez Centro Cultural de la Villa";"1,6";"PLAZA";"COLON";"4";"SALAMANCA";"RECOLETOS";"28001";"441472";"4475155";"40.4249721516942";"-3.689948085098791";"/contenido/actividades/ProgramacionDestacadaAgendaCultura";"/usuario/Familias,/usuario/Mayores"
12800032;"Jone, batzuetan";"";"0";"0";"";"";"2025-06-27 00:00:00.0";"2025-06-27 23:59:00.0";"20:00";"Bilbao, pleno agosto. Jone, 20 años, vive con su padre y su hermana pequeña Marta. Aita, el padre de Jone, ha tenido que dejar su trabajo debido a las consecuencias de su Parkinson. Al mismo tiempo, empiezan las fiestas de la Semana Grande de Bilbao en las que Jone se enamorará por primera vez. Durante este verano, Jone vivirá entre la sensación de inmortalidad que transita con Olga, la chica de la que se enamora, y el miedo a quedarse sola debido a la enfermedad de su padre.  Presentación y coloquio posteriorEstreno en Madrid";"http://www.madrid.es/sites/v/index.jsp?vgnextchannel=ca9671ee4a9eb410VgnVCM100000171f5a0aRCRD&vgnextoid=f31bba98e7957910VgnVCM1000001d4a900aRCRD";"";"";"http://www.madrid.es/sites/v/index.jsp?vgnextchannel=bfa48ab43d6bb410VgnVCM100000171f5a0aRCRD&vgnextoid=2dbd1fe44c5ee310VgnVCM2000000c205a0aRCRD";"Cineteca Madrid";"1";"PLAZA";"LEGAZPI";"8";"ARGANZUELA";"CHOPERA";"28045";"440946";"4471422";"40.39130985242181";"-3.6958028442054074";"/contenido/actividades/ProgramacionDestacadaAgendaCultura";""
12792685;"Jornada deportiva familiar";"";"1";"0";"";"";"2025-09-20 00:00:00.0";"2025-09-20 23:59:00.0";"11:00";"Te esperamos en el estadio Vallehermoso para disfrutar de una mañana llena de deporte, energía y risas al aire libre. Una actividad pensada para todas las edades, donde lo importante es participar, convivir y pasarlo en grande. Tendremos actividades como la carrera familiar, carrera de relevos, salto de longitud, lanzamiento de peso, lanzamiento con arco, frisbee en equipo, juegos populares tradicionales y muchas más sorpresas. ¡Ven con tu familia o grupo de amigos y disfruta de un día lleno de deporte, diversión y espíritu de equipo!";"http://www.madrid.es/sites/v/index.jsp?vgnextchannel=ca9671ee4a9eb410VgnVCM100000171f5a0aRCRD&vgnextoid=bfe719f894037910VgnVCM2000001f4a900aRCRD";"Actividades de verano en el Distrito de Chamberí";"http://www.madrid.es/sites/v/index.jsp?vgnextchannel=ca9671ee4a9eb410VgnVCM100000171f5a0aRCRD&vgnextoid=a9d769ea76117910VgnVCM1000001d4a900aRCRD";"http://www.madrid.es/sites/v/index.jsp?vgnextchannel=bfa48ab43d6bb410VgnVCM100000171f5a0aRCRD&vgnextoid=10c0f41a5b442610VgnVCM2000001f4a900aRCRD";"Centro Deportivo Municipal Estadio de Atletismo Vallehermoso";"0,5,6";"CALLE";"MELQUIADES ALVAREZ";"19";"CHAMBERI";"VALLEHERMOSO";"28003";"439737";"4477081";"40.44220302362995";"-3.7105841985334544";"/contenido/actividades/TeatroPerformance";"/usuario/Niños"
12524351;"Jornadas de filosofía. La mirada de la lechuza";"";"1";"1";"J";"";"2024-10-03 00:00:00.0";"2025-06-26 23:59:00.0";"";"Jueves (de octubre a junio) 19:30 a 21 horas.  Inscripción presencial en Conserjería del Centro Cultural, a partir del 25 de septiembre, hasta completar aforo (75 personas mayores de edad).    ?De nuevo otro curso más desde nuestro comienzo en octubre del 2019. En esta nueva andadura caminaremos siguiendo la senda de los Interrogantes de la filosofía como continuación del curso anterior. Acompañaremos nuestro temario con una breve, sencilla y clara exposición de las líneas fundamentales de la Historia de la Filosofía. Lo hacemos así para que ningún asistente a nuestras charlas se quede 'fuera de juego' y no sepa de qué filósofa o filósofo estamos hablando. Con este material y el interés, que lo damos ya como una realidad de siempre, tal vez lleguemos a comprender la 'utilidad de lo inútil', de la que tanto sabía el filósofo italiano Nuccio Ordine. Esta ha sido la intención con la que siempre hemos estado y estaremos todos los jueves del curso.";"http://www.madrid.es/sites/v/index.jsp?vgnextchannel=ca9671ee4a9eb410VgnVCM100000171f5a0aRCRD&vgnextoid=1705e01f5be02910VgnVCM2000001f4a900aRCRD";"Actividades en el Centro Cultural Antonio Machado";"http://www.madrid.es/sites/v/index.jsp?vgnextchannel=ca9671ee4a9eb410VgnVCM100000171f5a0aRCRD&vgnextoid=74f47a01d8641910VgnVCM2000001f4a900aRCRD";"http://www.madrid.es/sites/v/index.jsp?vgnextchannel=bfa48ab43d6bb410VgnVCM100000171f5a0aRCRD&vgnextoid=cce43d0b5e71c010VgnVCM1000000b205a0aRCRD";"Centro Cultural Antonio Machado (San Blas - Canillejas)";"1";"CALLE";"SAN ROMAN DEL VALLE";"8";"SAN BLAS-CANILLEJAS";"ARCOS";"28037";"447255";"4474591";"40.420280457570335";"-3.621730741880216";"/contenido/actividades/ConferenciasColoquios";""
12780153;"Juego de mesa, la escalera";"";"1";"0";"";"";"2025-06-29 00:00:00.0";"2025-06-29 23:59:00.0";"11:30";"? ?Horario: ? De 11:30 a 12:30 horas.    Edad: Familias con peques a partir de 6 años de edad (menores acompañados con un adulto). Imprescindible reserva previa.  Sinopsis: Es uno de los juegos de mesa más recordados por muchos nostálgicos, y por algo será. Por eso en nuestro taller de reutilización hemos decidido rescatar este divertido juego de mesa, elaborando tanto el tablero como las fichas con materiales reciclados de nuestro día a día. ¡Ven y echa una partida!";"http://www.madrid.es/sites/v/index.jsp?vgnextchannel=ca9671ee4a9eb410VgnVCM100000171f5a0aRCRD&vgnextoid=d585c81d8c1f6910VgnVCM2000001f4a900aRCRD";"Actividades en el Centro de Educación Ambiental y Cultural Maris Stella";"http://www.madrid.es/sites/v/index.jsp?vgnextchannel=ca9671ee4a9eb410VgnVCM100000171f5a0aRCRD&vgnextoid=4e25ce5179e61910VgnVCM1000001d4a900aRCRD";"http://www.madrid.es/sites/v/index.jsp?vgnextchannel=bfa48ab43d6bb410VgnVCM100000171f5a0aRCRD&vgnextoid=85205619bc23d710VgnVCM2000001f4a900aRCRD";"Centro de Educación Ambiental y Cultural Maris Stella (Usera)";"1";"CALLE";"DOCTOR TOLOSA LATOUR";"16";"USERA";"PRADOLONGO";"28026";"440301";"4469524";"40.374166248648216";"-3.7032220308808577";"/contenido/actividades/CursosTalleres";"/usuario/Niños,/usuario/Familias"
12805154;"Julio Castejón (líder de asfalto) + Momo + Corro de brujas";"";"1";"0";"";"";"2025-07-13 00:00:00.0";"2025-07-13 23:59:00.0";"20:00";"¡Celebra el Día del Rock en Carabanchel con un concierto de lujo! El domingo 13 de julio, Carabanchel celebra por todo lo alto el Día del Rock. Prepárate para una jornada llena de buena música, energía y grandes clásicos en un evento que no te puedes perder.  Lugar: Parque de Salvador Allende";"http://www.madrid.es/sites/v/index.jsp?vgnextchannel=ca9671ee4a9eb410VgnVCM100000171f5a0aRCRD&vgnextoid=6d5a1a2c8c187910VgnVCM1000001d4a900aRCRD";"";"";"http://www.madrid.es/sites/v/index.jsp?vgnextchannel=bfa48ab43d6bb410VgnVCM100000171f5a0aRCRD&vgnextoid=7cfaa531dcf9e210VgnVCM2000000c205a0aRCRD";"Parque de Salvador Allende";"2";"CALLE";"SALVADOR ALLENDE";"3";"CARABANCHEL";"BUENAVISTA";"28054";"435693";"4468472";"40.364341448699825";"-3.757402071835875";"/contenido/actividades/Musica";""
12776939;"Kaizen Dúo";"";"1";"0";"";"";"2025-06-28 00:00:00.0";"2025-06-28 23:59:00.0";"19:00";"";"http://www.madrid.es/sites/v/index.jsp?vgnextchannel=ca9671ee4a9eb410VgnVCM100000171f5a0aRCRD&vgnextoid=08780dfd0f7d6910VgnVCM1000001d4a900aRCRD";"";"";"http://www.madrid.es/sites/v/index.jsp?vgnextchannel=bfa48ab43d6bb410VgnVCM100000171f5a0aRCRD&vgnextoid=35e53d0b5e71c010VgnVCM1000000b205a0aRCRD";"Centro Cultural Casa de Vacas (Retiro)";"1";"PASEO";"COLOMBIA";"1";"RETIRO";"LOS JERONIMOS";"28009";"441967";"4474495";"40.41906571939961";"-3.684053112760816";"/contenido/actividades/Musica";""
12811283;"Kamarmúsica";"";"1";"0";"";"";"2025-07-12 00:00:00.0";"2025-07-12 23:59:00.0";"19:00";"Clásicos Populares   Terrazas del Centro Cultural  Un concierto muy especial de música clásica popular, que ha atravesado los tiempos y sigue siendoquerida por todo tipo de público, trayendo recuerdos y emociones inolvidables. Recomendado Mayores 12 años.";"http://www.madrid.es/sites/v/index.jsp?vgnextchannel=ca9671ee4a9eb410VgnVCM100000171f5a0aRCRD&vgnextoid=4b8396a2ff5a7910VgnVCM1000001d4a900aRCRD";"Actividades en el Centro Cultural Quinta del Berro - Rafael Altamira";"http://www.madrid.es/sites/v/index.jsp?vgnextchannel=ca9671ee4a9eb410VgnVCM100000171f5a0aRCRD&vgnextoid=bf80615955c3a810VgnVCM2000001f4a900aRCRD";"http://www.madrid.es/sites/v/index.jsp?vgnextchannel=bfa48ab43d6bb410VgnVCM100000171f5a0aRCRD&vgnextoid=bcc7cbf06c81c010VgnVCM1000000b205a0aRCRD";"Centro Cultural Quinta del Berro - Rafael Altamira (Salamanca)";"1,5";"CALLE";"ENRIQUE D'ALMONTE";"1";"SALAMANCA";"FUENTE DEL BERRO";"28028";"443759";"4474815";"40.42206923419431";"-3.6629608041639368";"/contenido/actividades/Musica";""
12804344;"Katak, la pequeña ballena";"";"1";"0";"";"";"2025-07-24 00:00:00.0";"2025-07-24 23:59:00.0";"22:00";"Duración: 78 min.  Dirección: Christine Dallaire-Dupont.  Sinopsis: Mientras que todos sus compañeros se han vuelto blancos, Katak sigue siendo pequeño y gris. Para demostrar que ha crecido y cumplir el último deseo de su adorada abuela, Katak emprende un peligroso viaje al Gran Norte.  Público: todos los públicos.  Entrada libre hasta completar aforo.";"http://www.madrid.es/sites/v/index.jsp?vgnextchannel=ca9671ee4a9eb410VgnVCM100000171f5a0aRCRD&vgnextoid=890a240b69c77910VgnVCM1000001d4a900aRCRD";"Verano de cine Retiro 2025";"http://www.madrid.es/sites/v/index.jsp?vgnextchannel=ca9671ee4a9eb410VgnVCM100000171f5a0aRCRD&vgnextoid=cdac62ae0c4a1810VgnVCM1000001d4a900aRCRD";"http://www.madrid.es/sites/v/index.jsp?vgnextchannel=bfa48ab43d6bb410VgnVCM100000171f5a0aRCRD&vgnextoid=cdbeb77bb6884610VgnVCM1000001d4a900aRCRD";"Plaza de Daoíz y Velarde";"1";"PLAZA";"DAOIZ Y VELARDE";"2";"RETIRO";"PACIFICO";"28007";"442527";"4472618";"40.402190438836826";"-3.6772826298329093";"/contenido/actividades/CineActividadesAudiovisuales";""
12803145;"Kummatty (El hombre del saco)";"";"0";"0";"";"";"2025-09-07 00:00:00.0";"2025-09-07 23:59:00.0";"20:00";"Kummatty es un misterioso personaje del folclore de una remota aldea escondida en las llanuras azotadas por el viento de Malabar, donde la hierba crece alta y los pájaros migratorios llenan el cielo. Para los niños de la aldea, Kummaty es a la vez un espíritu malo y un hechicero. A generaciones de niños les han dicho que un día Kummaty descenderá al pueblo para llevarse a los traviesos y a los que se portan mal. Restaurada por The Film Foundation?s World Cinema Project, Film Heritage Foundation y Cineteca di Bologna en el laboratorio de L?Immagine Ritrovata, en colaboración con General Pictures y la familia de Aravindan Govindan.";"http://www.madrid.es/sites/v/index.jsp?vgnextchannel=ca9671ee4a9eb410VgnVCM100000171f5a0aRCRD&vgnextoid=367c0061f2967910VgnVCM1000001d4a900aRCRD";"";"";"http://www.madrid.es/sites/v/index.jsp?vgnextchannel=bfa48ab43d6bb410VgnVCM100000171f5a0aRCRD&vgnextoid=2dbd1fe44c5ee310VgnVCM2000000c205a0aRCRD";"Cineteca Madrid";"1";"PLAZA";"LEGAZPI";"8";"ARGANZUELA";"CHOPERA";"28045";"440946";"4471422";"40.39130985242181";"-3.6958028442054074";"/contenido/actividades/ProgramacionDestacadaAgendaCultura";""
12801885;"Kun fu Panda 4";"";"1";"0";"";"";"2025-08-09 00:00:00.0";"2025-08-09 23:59:00.0";"22:00";"Po, quien se convertirá en el Maestro Espiritual del Valle de la Paz, busca a su sucesor como el nuevo Guerrero Dragón mientras lucha contra una nueva enemiga llamada 'La Camaleona'. Duración 93 minutos. Edad recomendada: todos los públicos.";"http://www.madrid.es/sites/v/index.jsp?vgnextchannel=ca9671ee4a9eb410VgnVCM100000171f5a0aRCRD&vgnextoid=8d5b7c18cc367910VgnVCM2000001f4a900aRCRD";"Cine de verano en Tetuán";"http://www.madrid.es/sites/v/index.jsp?vgnextchannel=ca9671ee4a9eb410VgnVCM100000171f5a0aRCRD&vgnextoid=b6ba7c18cc367910VgnVCM2000001f4a900aRCRD";"";"";"";"";"";"";"";"";"";"";"";"";"";"/contenido/actividades/CineActividadesAudiovisuales";""
12804348;"Kung Fu Panda 4";"";"1";"0";"";"";"2025-07-31 00:00:00.0";"2025-07-31 23:59:00.0";"22:00";"Duración: 94 min.  Dirección: Mike Mitchell, Stephanie Stine.  Sinopsis: Po, quien se convertirá en el Maestro Espiritual del Valle de la Paz, busca a su sucesor como el nuevo Guerrero Dragón mientras lucha contra una nueva enemiga llamada 'La Camaleona'.  Público: todos los públicos.  Entrada libre hasta completar aforo.";"http://www.madrid.es/sites/v/index.jsp?vgnextchannel=ca9671ee4a9eb410VgnVCM100000171f5a0aRCRD&vgnextoid=6a3a240b69c77910VgnVCM1000001d4a900aRCRD";"Verano de cine Retiro 2025";"http://www.madrid.es/sites/v/index.jsp?vgnextchannel=ca9671ee4a9eb410VgnVCM100000171f5a0aRCRD&vgnextoid=cdac62ae0c4a1810VgnVCM1000001d4a900aRCRD";"http://www.madrid.es/sites/v/index.jsp?vgnextchannel=bfa48ab43d6bb410VgnVCM100000171f5a0aRCRD&vgnextoid=cdbeb77bb6884610VgnVCM1000001d4a900aRCRD";"Plaza de Daoíz y Velarde";"1";"PLAZA";"DAOIZ Y VELARDE";"2";"RETIRO";"PACIFICO";"28007";"442527";"4472618";"40.402190438836826";"-3.6772826298329093";"/contenido/actividades/CineActividadesAudiovisuales";""
12806433;"Kung fu Panda 4";"";"1";"0";"";"";"2025-07-12 00:00:00.0";"2025-07-12 23:59:00.0";"22:15";"De Mike Mitchell y Stephanie Stine. Animación. Fecha de estreno: 8 marzo 2024. EEUU 2024. 94'   Recomendada para todos los públicos y especialmente recomendada para la infancia.    Po, quien se convertirá en el Maestro Espiritual del Valle de la Paz, busca a su sucesor como el nuevo Guerrero Dragón mientras lucha contra una nueva enemiga llamada 'La Camaleona'.";"http://www.madrid.es/sites/v/index.jsp?vgnextchannel=ca9671ee4a9eb410VgnVCM100000171f5a0aRCRD&vgnextoid=2a1808a9f6787910VgnVCM1000001d4a900aRCRD";"Ciclo Los sábados de cine. Primavera 2025";"http://www.madrid.es/sites/v/index.jsp?vgnextchannel=ca9671ee4a9eb410VgnVCM100000171f5a0aRCRD&vgnextoid=c0de900069495910VgnVCM2000001f4a900aRCRD";"http://www.madrid.es/sites/v/index.jsp?vgnextchannel=bfa48ab43d6bb410VgnVCM100000171f5a0aRCRD&vgnextoid=a395946be351c010VgnVCM2000000c205a0aRCRD";"Centro Cultural Auditorio Parque El Paraíso (San Blas - Canillejas)";"1";"AVENIDA";"ARCENTALES";"4";"SAN BLAS-CANILLEJAS";"HELLIN";"28037";"447225";"4475667";"40.42997621103139";"-3.6221773579444596";"/contenido/actividades/CineActividadesAudiovisuales";"/usuario/Niños,/usuario/Familias"
12804266;"Kung Fu Panda 4";"";"1";"0";"";"";"2025-08-02 00:00:00.0";"2025-08-02 23:59:00.0";"22:00";"Dir. Mike Mitchell y Stephanie Stine  Lugar de celebración:  Explanada del Ensanche, (Calle Cañada del Santísimo esquina con Avenida del Ensanche de Vallecas, 28051, Madrid)  Duración: 94 min. TP. Po, quien se convertirá en el Maestro Espiritual del Valle de la Paz, busca a su sucesor como elnuevo Guerrero Dragón mientras lucha contra una nueva enemiga llamada 'La Camaleona'.";"http://www.madrid.es/sites/v/index.jsp?vgnextchannel=ca9671ee4a9eb410VgnVCM100000171f5a0aRCRD&vgnextoid=3c925de1ee977910VgnVCM1000001d4a900aRCRD";"Cine de verano 2025 en Villa de Vallecas";"http://www.madrid.es/sites/v/index.jsp?vgnextchannel=ca9671ee4a9eb410VgnVCM100000171f5a0aRCRD&vgnextoid=57775720325a6910VgnVCM1000001d4a900aRCRD";"";"";"";"";"";"";"";"";"";"";"";"";"";"/contenido/actividades/ActividadesCalleArteUrbano";"/usuario/Niños"
12795962;"Kung fu Panda 4";"";"1";"0";"";"";"2025-06-27 00:00:00.0";"2025-06-27 23:59:00.0";"22:00";"Año: 2024  Duración: 94 min  País: Estados Unidos  Dirección: Mike Mitchell, Stephanie Stine  Género: Animación. Comedia. Acción | Artes marciales. Secuela.  Sinopsis: Po, quien se convertirá en el Maestro Espiritual del Valle de la Paz, busca a su sucesor como el nuevo Guerrero Dragón mientras lucha contra una nueva enemiga llamada 'La Camaleona'.   Calificación: Apta para todos los públicos (especialmente recomendada para la infancia).";"http://www.madrid.es/sites/v/index.jsp?vgnextchannel=ca9671ee4a9eb410VgnVCM100000171f5a0aRCRD&vgnextoid=2fcbb13186a37910VgnVCM1000001d4a900aRCRD";"Cine de Verano 2025 en Barajas";"http://www.madrid.es/sites/v/index.jsp?vgnextchannel=ca9671ee4a9eb410VgnVCM100000171f5a0aRCRD&vgnextoid=c1c73cd450bd5910VgnVCM1000001d4a900aRCRD";"";"";"";"";"";"";"";"";"";"";"";"";"";"/contenido/actividades/CineActividadesAudiovisuales";"/usuario/ONGs"
12763075;"Kung Fu Panda 4 (2024) dirigida por Mike Mitchell y Stephanie Stine";"";"0";"0";"";"";"2025-08-01 00:00:00.0";"2025-08-01 23:59:00.0";"22:00";"Po, quien se convertirá en el Maestro Espiritual del Valle de la Paz, busca a su sucesor como el nuevo Guerrero Dragón mientras lucha contra una nueva enemiga llamada 'La Camaleona'.  Lugar: Instalación Mercadillo c/ del Gorrión (Vicente Quesada, 11)  Género: Animación  Edad recomendada: Apta para todos los públicos y distintivo especialmente recomendada para la infancia   Duración: 94 minutos";"http://www.madrid.es/sites/v/index.jsp?vgnextchannel=ca9671ee4a9eb410VgnVCM100000171f5a0aRCRD&vgnextoid=920efa9f39b76910VgnVCM2000001f4a900aRCRD";"Cine de verano 2025 en Carabanchel";"http://www.madrid.es/sites/v/index.jsp?vgnextchannel=ca9671ee4a9eb410VgnVCM100000171f5a0aRCRD&vgnextoid=e8a2cd0e24b76910VgnVCM1000001d4a900aRCRD";"";"";"";"";"";"";"";"";"";"";"";"";"";"/contenido/actividades/CineActividadesAudiovisuales";"/usuario/Niños"
12803581;"La biodiversidad al descubierto";"";"1";"0";"";"";"2025-08-19 00:00:00.0";"2025-08-19 23:59:00.0";"19:00";"Los Jardines de El Buen Retiro, a pesar de estar en pleno centro de una gran ciudad como Madrid, albergan una biodiversidad de flora y fauna que os va a dejar sorprendidos. No dejéis escapar esta oportunidad de descubrir la vida que se esconde en nuestro emblemático Parque. Actividad dirigida a público adulto.  Duración estimada: aproximadamente dos horas.";"http://www.madrid.es/sites/v/index.jsp?vgnextchannel=ca9671ee4a9eb410VgnVCM100000171f5a0aRCRD&vgnextoid=5d072407bb777910VgnVCM2000001f4a900aRCRD";"Itinerarios guiados a la luz de la luna";"http://www.madrid.es/sites/v/index.jsp?vgnextchannel=ca9671ee4a9eb410VgnVCM100000171f5a0aRCRD&vgnextoid=af532407bb777910VgnVCM2000001f4a900aRCRD";"http://www.madrid.es/sites/v/index.jsp?vgnextchannel=bfa48ab43d6bb410VgnVCM100000171f5a0aRCRD&vgnextoid=796b8193c73c4210VgnVCM1000000b205a0aRCRD";"Centro de Información y Educación Ambiental de El Huerto de El Retiro";"1";"PASEO";"FERNAN NUÑEZ";"2";"RETIRO";"LOS JERONIMOS";"28009";"441779";"4473428";"40.40943503279114";"-3.6861797800993257";"";""
12806766;"La buena letra";"";"1";"0";"";"";"2025-08-15 00:00:00.0";"2025-08-15 23:59:00.0";"22:15";"De Celia Rico Clavellino. Con Loreto Mauleón, Enric Auquer, Roger Casamajor. España 2025. 110?.   No recomendada para menores de 12 años.   En un pueblo valenciano, durante la posguerra, Ana trata de salir adelante con su familia; la guerra civil ha abierto una profunda herida en todos ellos, especialmente en su cuñado, Antonio. Ana intenta curar esa herida a base de guisos, secretos y silencios, pero cuando Isabel, recién casada con Antonio, llega a la familia, las atenciones y cuidados de Ana valdrán de poco o nada: el sacrificio no siempre tiene su recompensa.";"http://www.madrid.es/sites/v/index.jsp?vgnextchannel=ca9671ee4a9eb410VgnVCM100000171f5a0aRCRD&vgnextoid=0539aa003c787910VgnVCM2000001f4a900aRCRD";"Ciclo Los sábados de cine. Primavera 2025";"http://www.madrid.es/sites/v/index.jsp?vgnextchannel=ca9671ee4a9eb410VgnVCM100000171f5a0aRCRD&vgnextoid=c0de900069495910VgnVCM2000001f4a900aRCRD";"http://www.madrid.es/sites/v/index.jsp?vgnextchannel=bfa48ab43d6bb410VgnVCM100000171f5a0aRCRD&vgnextoid=a395946be351c010VgnVCM2000000c205a0aRCRD";"Centro Cultural Auditorio Parque El Paraíso (San Blas - Canillejas)";"1";"AVENIDA";"ARCENTALES";"4";"SAN BLAS-CANILLEJAS";"HELLIN";"28037";"447225";"4475667";"40.42997621103139";"-3.6221773579444596";"/contenido/actividades/CineActividadesAudiovisuales";""
12792299;"La cara oculta de La Dehesa";"";"1";"0";"";"";"2025-08-10 00:00:00.0";"2025-08-10 23:59:00.0";"10:00";"";"http://www.madrid.es/sites/v/index.jsp?vgnextchannel=ca9671ee4a9eb410VgnVCM100000171f5a0aRCRD&vgnextoid=be9e01ef51037910VgnVCM2000001f4a900aRCRD";"La cara oculta de La Dehesa";"http://www.madrid.es/sites/v/index.jsp?vgnextchannel=ca9671ee4a9eb410VgnVCM100000171f5a0aRCRD&vgnextoid=521d9ab0b9c21910VgnVCM1000001d4a900aRCRD";"http://www.madrid.es/sites/v/index.jsp?vgnextchannel=bfa48ab43d6bb410VgnVCM100000171f5a0aRCRD&vgnextoid=a956fc79622ef010VgnVCM2000000c205a0aRCRD";"Centro de Información y Educación Ambiental de Dehesa de la Villa";"1";"PARQUE";"DEHESA DE LA VILLA";"0";"MONCLOA-ARAVACA";"";"28039";"439102";"4478967";"40.45914104116349";"-3.718270563679269";"/contenido/actividades/ExcursionesItinerariosVisitas";""
12798273;"La C.O.S.A en Vicálvaro";"";"1";"0";"";"";"2025-07-09 00:00:00.0";"2025-07-09 23:59:00.0";"10:30";"";"http://www.madrid.es/sites/v/index.jsp?vgnextchannel=ca9671ee4a9eb410VgnVCM100000171f5a0aRCRD&vgnextoid=34529e9b63547910VgnVCM1000001d4a900aRCRD";"";"";"";"";"";"";"";"";"";"";"";"";"";"";"";"/contenido/actividades/1ciudad21distritos";""
12798574;"La C.O.S.A en Villa de Vallecas";"";"1";"0";"";"";"2025-07-02 00:00:00.0";"2025-07-02 23:59:00.0";"10:30";"";"http://www.madrid.es/sites/v/index.jsp?vgnextchannel=ca9671ee4a9eb410VgnVCM100000171f5a0aRCRD&vgnextoid=4b3e99eb18357910VgnVCM2000001f4a900aRCRD";"";"";"";"";"";"";"";"";"";"";"";"";"";"";"";"/contenido/actividades/1ciudad21distritos";""
12780017;"La danza bollywood / Amarleen";"";"1";"0";"";"";"2025-06-27 00:00:00.0";"2025-06-27 23:59:00.0";"17:30";"Taller de danza. La danza bollywood / Amarleen.  Horario: de 17:30 a 19 horas.  Lugar: Centro de Educación Ambiental y Cultural Maris Stella.  Edad: Mayores de 12 años (menores acompañados con un adulto). Imprescindible reserva previa.  Sinopsis: En este taller experimentarás la alegría y la magia de la danza bollywood, baile procedente de India. Con los pasos aprendidos bailaremos una coreografía para disfrutarla. Amarleen es bailarina y coreógrafa de danza bollywood, oriental y otros estilos de bailes. Profesora de danza y miembro de diferentes grupos artísticos.";"http://www.madrid.es/sites/v/index.jsp?vgnextchannel=ca9671ee4a9eb410VgnVCM100000171f5a0aRCRD&vgnextoid=63379b64171f6910VgnVCM2000001f4a900aRCRD";"Actividades en el Centro de Educación Ambiental y Cultural Maris Stella";"http://www.madrid.es/sites/v/index.jsp?vgnextchannel=ca9671ee4a9eb410VgnVCM100000171f5a0aRCRD&vgnextoid=4e25ce5179e61910VgnVCM1000001d4a900aRCRD";"http://www.madrid.es/sites/v/index.jsp?vgnextchannel=bfa48ab43d6bb410VgnVCM100000171f5a0aRCRD&vgnextoid=85205619bc23d710VgnVCM2000001f4a900aRCRD";"Centro de Educación Ambiental y Cultural Maris Stella (Usera)";"1";"CALLE";"DOCTOR TOLOSA LATOUR";"16";"USERA";"PRADOLONGO";"28026";"440301";"4469524";"40.374166248648216";"-3.7032220308808577";"/contenido/actividades/DanzaBaile";""
12792134;"La Dehesa en guerra: un momento crucial en la historia de Madrid";"";"1";"0";"";"";"2025-07-04 00:00:00.0";"2025-07-04 23:59:00.0";"20:00";"";"http://www.madrid.es/sites/v/index.jsp?vgnextchannel=ca9671ee4a9eb410VgnVCM100000171f5a0aRCRD&vgnextoid=722bc744fcf27910VgnVCM2000001f4a900aRCRD";"La Dehesa en guerra: un momento crucial en la historia de Madrid";"http://www.madrid.es/sites/v/index.jsp?vgnextchannel=ca9671ee4a9eb410VgnVCM100000171f5a0aRCRD&vgnextoid=8d13ee09e2a46810VgnVCM2000001f4a900aRCRD";"http://www.madrid.es/sites/v/index.jsp?vgnextchannel=bfa48ab43d6bb410VgnVCM100000171f5a0aRCRD&vgnextoid=a956fc79622ef010VgnVCM2000000c205a0aRCRD";"Centro de Información y Educación Ambiental de Dehesa de la Villa";"1";"PARQUE";"DEHESA DE LA VILLA";"0";"MONCLOA-ARAVACA";"";"28039";"439102";"4478967";"40.45914104116349";"-3.718270563679269";"/contenido/actividades/ExcursionesItinerariosVisitas";""
12788531;"La estrella azul";"";"1";"0";"";"";"2025-06-27 00:00:00.0";"2025-06-27 23:59:00.0";"22:15";"Años 90. Mauricio Aznar, un famoso rockero español recorre Latinoamérica buscando reencontrarse con su vocación dejando atrás el fantasma de la adicción. Allí conoce a Don Carlos, un anciano músico en horas bajas que, a pesar de ser autor de algunas de las canciones más famosas del folclore de su país, apenas consigue pagar sus facturas. Carlos acoge con generosidad al extraño visitante haciendo las veces de maestro Miyagi musical.";"http://www.madrid.es/sites/v/index.jsp?vgnextchannel=ca9671ee4a9eb410VgnVCM100000171f5a0aRCRD&vgnextoid=028b4cd79bb17910VgnVCM1000001d4a900aRCRD";"Actividades en el Centro Sociocultural Alberto Sánchez";"http://www.madrid.es/sites/v/index.jsp?vgnextchannel=ca9671ee4a9eb410VgnVCM100000171f5a0aRCRD&vgnextoid=1bae970dbb1fc610VgnVCM2000001f4a900aRCRD";"http://www.madrid.es/sites/v/index.jsp?vgnextchannel=bfa48ab43d6bb410VgnVCM100000171f5a0aRCRD&vgnextoid=20a43d0b5e71c010VgnVCM1000000b205a0aRCRD";"Centro Sociocultural Alberto Sánchez (Puente de Vallecas)";"1";"CALLE";"RISCO DE PELOCHE";"14";"PUENTE DE VALLECAS";"NUMANCIA";"28038";"444360";"4471652";"40.393619022093546";"-3.6556016835101834";"/contenido/actividades/CineActividadesAudiovisuales";""
12801889;"La familia Benetón";"";"1";"0";"";"";"2025-08-30 00:00:00.0";"2025-08-30 23:59:00.0";"22:00";"Toni, un hombre cascarrabias, soltero y sin hijos, huye de los niños a toda costa. Su vida da un giro inesperado cuando su hermana fallece y de la noche a la mañana se convierte en tutor temporal de sus cinco hijos adoptados: cada uno de un país y procedencia diferente. Toni tendrá que enfrentarse a las diferencias culturales y a los retos de paternidad en el mundo moderno y descubrirá que la verdadera familia, es la que uno elige. Duración 93 minutos. Edad recomendada: a partir de 7 años.";"http://www.madrid.es/sites/v/index.jsp?vgnextchannel=ca9671ee4a9eb410VgnVCM100000171f5a0aRCRD&vgnextoid=9d7b7c18cc367910VgnVCM2000001f4a900aRCRD";"Cine de verano en Tetuán";"http://www.madrid.es/sites/v/index.jsp?vgnextchannel=ca9671ee4a9eb410VgnVCM100000171f5a0aRCRD&vgnextoid=b6ba7c18cc367910VgnVCM2000001f4a900aRCRD";"";"";"";"";"";"";"";"";"";"";"";"";"";"/contenido/actividades/CineActividadesAudiovisuales";""
12804307;"La familia Benetón";"";"1";"0";"";"";"2025-07-09 00:00:00.0";"2025-07-09 23:59:00.0";"22:00";"Duración: 93 min.  Dirección: Joaquín Mazón  Sinopsis: Toni, un hombre cascarrabias, soltero y sin hijos, huye de los niños a toda costa. Su vida da un giro inesperado cuando su hermana fallece y de la noche a la mañana se convierte en tutor temporal de sus cinco hijos adoptados: cada uno de un país y procedencia diferente. Toni tendrá que enfrentarse a las diferencias culturales y a los retos de paternidad en el mundo moderno y descubrirá que la verdadera familia, es la que uno elige.  Público: mayor de 7 años.  Entrada libre hasta completar aforo.";"http://www.madrid.es/sites/v/index.jsp?vgnextchannel=ca9671ee4a9eb410VgnVCM100000171f5a0aRCRD&vgnextoid=78355de1ee977910VgnVCM1000001d4a900aRCRD";"Verano de cine Retiro 2025";"http://www.madrid.es/sites/v/index.jsp?vgnextchannel=ca9671ee4a9eb410VgnVCM100000171f5a0aRCRD&vgnextoid=cdac62ae0c4a1810VgnVCM1000001d4a900aRCRD";"http://www.madrid.es/sites/v/index.jsp?vgnextchannel=bfa48ab43d6bb410VgnVCM100000171f5a0aRCRD&vgnextoid=675e280d37e2e210VgnVCM1000000b205a0aRCRD";"Parque Roma";"2";"CALLE";"JUAN ESPLANDIU";"4";"RETIRO";"ESTRELLA";"28007";"443786";"4474188";"40.41641041087398";"-3.662606100328213";"/contenido/actividades/CineActividadesAudiovisuales";""
12804700;"La familia Benetón (2024) dirigido por Joaquín Mazón";"";"0";"0";"";"";"2025-07-19 00:00:00.0";"2025-07-19 23:59:00.0";"22:00";"Toni, un cascarrabias en sus cincuenta, soltero y sin hijos, huye de los niños a toda costa. Su vida da un giro inesperado cuando su hermana fallece y de la noche a la mañana se convierte en tutor temporal de sus cinco hijos adoptados: cada uno de un país y procedencia diferente. Toni tendrá que enfrentarse a las diferencias culturales y a los retos de paternidad en el mundo moderno y descubrirá que la verdadera familia, es la que uno elige.  Género: Comedia, Cinespañol  Edad recomendada: No recomendada para menores de 7 años  Duración: 93 minutos";"http://www.madrid.es/sites/v/index.jsp?vgnextchannel=ca9671ee4a9eb410VgnVCM100000171f5a0aRCRD&vgnextoid=c2e758fa23d77910VgnVCM2000001f4a900aRCRD";"Cine de verano 2025 en Carabanchel";"http://www.madrid.es/sites/v/index.jsp?vgnextchannel=ca9671ee4a9eb410VgnVCM100000171f5a0aRCRD&vgnextoid=e8a2cd0e24b76910VgnVCM1000001d4a900aRCRD";"http://www.madrid.es/sites/v/index.jsp?vgnextchannel=bfa48ab43d6bb410VgnVCM100000171f5a0aRCRD&vgnextoid=7cfaa531dcf9e210VgnVCM2000000c205a0aRCRD";"Parque de Salvador Allende";"2";"CALLE";"SALVADOR ALLENDE";"3";"CARABANCHEL";"BUENAVISTA";"28054";"435693";"4468472";"40.364341448699825";"-3.757402071835875";"/contenido/actividades/CineActividadesAudiovisuales";""
12809257;"La fractura";"";"1";"0";"";"";"2025-07-06 00:00:00.0";"2025-07-06 23:59:00.0";"22:00";"Cine LGTBI     Dirección: Catherine Corsini.  Con Valeria Bruni Tedeschi, Marina Foïs, Pio Marmai. Francia 2021. 98?.      Una pareja a punto de romper, se encuentran en Urgencias al borde de la asfixia la noche de una manifestación parisina de los chalecos amarillos. Su encuentro con un manifestante herido y en cólera, hará que sus certezas y prejuicios vuelen en mil pedazos. Fuera, la tensión continúa creciendo. El hospital, bajo presión, debe cerrar sus puertas. El personal está desbordado. La noche va a ser larga...      No recomendada para menores de 16 años.";"http://www.madrid.es/sites/v/index.jsp?vgnextchannel=ca9671ee4a9eb410VgnVCM100000171f5a0aRCRD&vgnextoid=696ce7bbebb97910VgnVCM2000001f4a900aRCRD";"XXIX Festival de cine al aire libre de Ciudad Lineal 2025";"http://www.madrid.es/sites/v/index.jsp?vgnextchannel=ca9671ee4a9eb410VgnVCM100000171f5a0aRCRD&vgnextoid=e0d141fef4a97910VgnVCM1000001d4a900aRCRD";"http://www.madrid.es/sites/v/index.jsp?vgnextchannel=bfa48ab43d6bb410VgnVCM100000171f5a0aRCRD&vgnextoid=598745dbd6891110VgnVCM1000000b205a0aRCRD";"Instalación Deportiva Municipal Básica Parque El Calero";"0";"CALLE";"VIRGEN DE NURIA";"S/N";"CIUDAD LINEAL";"CONCEPCION";"28027";"444643";"4476387";"40.436286671972276";"-3.6526968257803736";"/contenido/actividades/CineActividadesAudiovisuales";""
12805861;"La Gala";"";"1";"0";"";"";"2025-08-08 00:00:00.0";"2025-08-08 23:59:00.0";"21:00";"Compañía: Artlequín  Duración: 90 minutos  Edad recomendada: Todos los Públicos.  Sinopsis: En las calles una majestuosa celebración tiene lugar. Un espectáculo que te envolverá en un mundo irreal con malabares, acrobacias, pirotecnia, trapecio, tales y equilibrios.";"http://www.madrid.es/sites/v/index.jsp?vgnextchannel=ca9671ee4a9eb410VgnVCM100000171f5a0aRCRD&vgnextoid=bda4e5173c287910VgnVCM2000001f4a900aRCRD";"Actividades Calle Abierta";"http://www.madrid.es/sites/v/index.jsp?vgnextchannel=ca9671ee4a9eb410VgnVCM100000171f5a0aRCRD&vgnextoid=261af36edd371910VgnVCM2000001f4a900aRCRD";"http://www.madrid.es/sites/v/index.jsp?vgnextchannel=bfa48ab43d6bb410VgnVCM100000171f5a0aRCRD&vgnextoid=d8c31bbad23cf310VgnVCM1000000b205a0aRCRD";"Auditorio Municipal Las Trece Rosas";"1";"CALLE";"MONTE DE MONTJUICH";"7";"VILLA DE VALLECAS";"CASCO H.VALLECAS";"28031";"447581";"4470145";"40.38024953878224";"-3.6175290483217055";"/contenido/actividades/CircoMagia";"/usuario/Niños"
12803111;"La hora del cuento";"";"1";"0";"";"";"2025-06-28 00:00:00.0";"2025-06-28 23:59:00.0";"12:00";"Te invitamos a un mágico cuentacuentos lleno de amor y diversidad. Descubre historias maravillosas sobre familias LGTBI, donde el cariño y la amistad son los protagonistas. ??????????????????   Celebremos juntos la diversidad y que el amor viene en todas las formas y colores. ??   Acompáñanos y disfruta de una divertida mañana con muchas sorpresas. ¡No te lo pierdas! Edad recomendada: de 3 a 6 años.   Entrada libre hasta completar aforo.";"http://www.madrid.es/sites/v/index.jsp?vgnextchannel=ca9671ee4a9eb410VgnVCM100000171f5a0aRCRD&vgnextoid=718d71b0e8967910VgnVCM2000001f4a900aRCRD";"Cuentacuentos del 23 al 30 de junio";"http://www.madrid.es/sites/v/index.jsp?vgnextchannel=ca9671ee4a9eb410VgnVCM100000171f5a0aRCRD&vgnextoid=6caba32d985f5910VgnVCM1000001d4a900aRCRD";"http://www.madrid.es/sites/v/index.jsp?vgnextchannel=bfa48ab43d6bb410VgnVCM100000171f5a0aRCRD&vgnextoid=83e748aaf535e710VgnVCM1000001d4a900aRCRD";"Biblioteca Pública Municipal San Fermín (Usera)";"1,5,6";"AVENIDA";"SAN FERMIN";"10";"USERA";"SAN FERMIN";"28041";"441188";"4469184";"40.3711623444796";"-3.692742821990015";"/contenido/actividades/CuentacuentosTiteresMarionetas";"/usuario/Niños"
12806781;"La infiltrada";"";"1";"0";"";"";"2025-08-17 00:00:00.0";"2025-08-17 23:59:00.0";"22:15";"De Arantxa Echevarría. Con Carolina Yuste, Luis Tosar, Iñigo Gastesi. España 2024. 118?.  No recomendada para menores de 12 años y especialmente recomendada para el fomento de la igualdad de género.    Basada en la historia real de Aranzazu Berradre Marín, pseudónimo con el que se infiltró una agente de la Policía nacional en la banda terrorista ETA, durante 8 años. Cuando contaba apenas 20 años, la joven consiguió adentrarse en la izquierda abertzale, siendo la única mujer que convivió en un piso con dirigentes de ETA. Durante su infiltración se vio obligada a cortar totalmente lazos familiares, todo para poder desarticular el comando Donosti en un momento crucial.";"http://www.madrid.es/sites/v/index.jsp?vgnextchannel=ca9671ee4a9eb410VgnVCM100000171f5a0aRCRD&vgnextoid=89f9aa003c787910VgnVCM2000001f4a900aRCRD";"Ciclo Los sábados de cine. Primavera 2025";"http://www.madrid.es/sites/v/index.jsp?vgnextchannel=ca9671ee4a9eb410VgnVCM100000171f5a0aRCRD&vgnextoid=c0de900069495910VgnVCM2000001f4a900aRCRD";"http://www.madrid.es/sites/v/index.jsp?vgnextchannel=bfa48ab43d6bb410VgnVCM100000171f5a0aRCRD&vgnextoid=a395946be351c010VgnVCM2000000c205a0aRCRD";"Centro Cultural Auditorio Parque El Paraíso (San Blas - Canillejas)";"1";"AVENIDA";"ARCENTALES";"4";"SAN BLAS-CANILLEJAS";"HELLIN";"28037";"447225";"4475667";"40.42997621103139";"-3.6221773579444596";"/contenido/actividades/CineActividadesAudiovisuales";""
12809310;"La infiltrada";"";"1";"0";"";"";"2025-07-20 00:00:00.0";"2025-07-20 23:59:00.0";"22:00";"Dirección: Arantxa Echevarría.  Con Carolina Yuste, Luis Tosar, Iñigo Gastesi.  España 2024. 118?.       Basada en una historia real. Cuando contaba apenas 20 años, la joven agente de la Policía nacional consiguió adentrarse en la izquierda abertzale, siendo la única mujer que convivió en un piso con dirigentes de ETA. Durante su infiltración se vio obligada a cortar totalmente lazos familiares, todo para poder desarticular el comando Donosti en un momento crucial.     No recomendada para menores de 12 años y especialmente recomendada para el fomento de la igualdad de género.";"http://www.madrid.es/sites/v/index.jsp?vgnextchannel=ca9671ee4a9eb410VgnVCM100000171f5a0aRCRD&vgnextoid=6b40e7bbebb97910VgnVCM2000001f4a900aRCRD";"";"";"http://www.madrid.es/sites/v/index.jsp?vgnextchannel=bfa48ab43d6bb410VgnVCM100000171f5a0aRCRD&vgnextoid=598745dbd6891110VgnVCM1000000b205a0aRCRD";"Instalación Deportiva Municipal Básica Parque El Calero";"0";"CALLE";"VIRGEN DE NURIA";"S/N";"CIUDAD LINEAL";"CONCEPCION";"28027";"444643";"4476387";"40.436286671972276";"-3.6526968257803736";"/contenido/actividades/CineActividadesAudiovisuales";""
12804871;"La invasión de los ladrones de cuerpos";"";"0";"0";"";"";"2025-09-25 00:00:00.0";"2025-09-25 23:59:00.0";"20:30";"Un médico de un pequeño pueblo descubre que la población de su comunidad está siendo sustituida por duplicados alienígenas sin emociones.";"http://www.madrid.es/sites/v/index.jsp?vgnextchannel=ca9671ee4a9eb410VgnVCM100000171f5a0aRCRD&vgnextoid=d40e082228d77910VgnVCM1000001d4a900aRCRD";"";"";"http://www.madrid.es/sites/v/index.jsp?vgnextchannel=bfa48ab43d6bb410VgnVCM100000171f5a0aRCRD&vgnextoid=2dbd1fe44c5ee310VgnVCM2000000c205a0aRCRD";"Cineteca Madrid";"1";"PLAZA";"LEGAZPI";"8";"ARGANZUELA";"CHOPERA";"28045";"440946";"4471422";"40.39130985242181";"-3.6958028442054074";"/contenido/actividades/ProgramacionDestacadaAgendaCultura";""
12794182;"La Lámpara Maravillosa";"";"1";"0";"";"";"2025-06-30 00:00:00.0";"2025-06-30 23:59:00.0";"18:00";"Sumérgete en el mágico mundo de 'La Lámpara Maravillosa', un cautivador cuentacuentos que revive la clásica historia de Aladino, pero con un giro especial.  Las entradas se repartirán desde dos días antes de la actuación hasta 15 minutos antes del comienzo de la misma.";"http://www.madrid.es/sites/v/index.jsp?vgnextchannel=ca9671ee4a9eb410VgnVCM100000171f5a0aRCRD&vgnextoid=221ed2ee2b437910VgnVCM1000001d4a900aRCRD";"Actividades infantiles Moratalaz";"http://www.madrid.es/sites/v/index.jsp?vgnextchannel=ca9671ee4a9eb410VgnVCM100000171f5a0aRCRD&vgnextoid=401c6c33ba017910VgnVCM2000001f4a900aRCRD";"http://www.madrid.es/sites/v/index.jsp?vgnextchannel=bfa48ab43d6bb410VgnVCM100000171f5a0aRCRD&vgnextoid=f3073d0b5e71c010VgnVCM1000000b205a0aRCRD";"Centro Cultural el Torito (Moratalaz)";"1";"AVENIDA";"MORATALAZ";"130";"MORATALAZ";"VINATEROS";"28030";"445141";"4473033";"40.40610655994401";"-3.646521482592748";"";"/usuario/Niños,/usuario/Familias"
12766111;"La lengua madre";"";"1";"0";"";"";"2025-06-26 00:00:00.0";"2025-06-26 23:59:00.0";"19:00";"A partir de 16 años. En esta obra el público asistirá a una conferencia sobre la Lengua, hecho que no llegará a producirse ya que el conferenciante, interpretado por Juan Madrid, se dejará llevar por su amor a las palabras y por sus recuerdos, vamos que se irá por los cerros de Úbeda. Y también compartirá con el público sus miedos sobre la deriva que toma la lengua y el uso que se hace de ella. ¿Se imaginan que nos quedáramos sin nuestras palabras?.";"http://www.madrid.es/sites/v/index.jsp?vgnextchannel=ca9671ee4a9eb410VgnVCM100000171f5a0aRCRD&vgnextoid=77c294b983686910VgnVCM1000001d4a900aRCRD";"Actividades en el Centro Cultural Hortaleza";"http://www.madrid.es/sites/v/index.jsp?vgnextchannel=ca9671ee4a9eb410VgnVCM100000171f5a0aRCRD&vgnextoid=11a2acd787eb1610VgnVCM2000001f4a900aRCRD";"http://www.madrid.es/sites/v/index.jsp?vgnextchannel=bfa48ab43d6bb410VgnVCM100000171f5a0aRCRD&vgnextoid=86381e79ee71c010VgnVCM1000000b205a0aRCRD";"Centro Cultural Hortaleza";"1";"CALLE";"SANTA VIRGILIA";"15";"HORTALEZA";"PINAR DEL REY";"28033";"445577";"4480880";"40.47682410775741";"-3.6420497457238";"/contenido/actividades/TeatroPerformance";""
12416559;"La Leyenda del Titanic";"";"0";"1";"L,M,X,J,V,S,D";"";"2024-09-12 00:00:00.0";"2025-07-31 23:59:00.0";"";"";"http://www.madrid.es/sites/v/index.jsp?vgnextchannel=ca9671ee4a9eb410VgnVCM100000171f5a0aRCRD&vgnextoid=5ef58c83603a0910VgnVCM1000001d4a900aRCRD";"La Leyenda del Titanic";"http://www.madrid.es/sites/v/index.jsp?vgnextchannel=ca9671ee4a9eb410VgnVCM100000171f5a0aRCRD&vgnextoid=39068c83603a0910VgnVCM1000001d4a900aRCRD";"http://www.madrid.es/sites/v/index.jsp?vgnextchannel=bfa48ab43d6bb410VgnVCM100000171f5a0aRCRD&vgnextoid=ef686a9ee7336110VgnVCM1000000b205a0aRCRD";"Matadero Madrid";"1";"PLAZA";"LEGAZPI";"8";"ARGANZUELA";"CHOPERA";"28045";"440946";"4471422";"40.39130985242181";"-3.6958028442054074";"";""
12780983;"La madera como punto de partida. Por Eugenio Donaire";"";"1";"1";"L,M,X,J,V";"";"2025-06-09 00:00:00.0";"2025-07-11 23:59:00.0";"";"Edad recomendada: Todos los públicos  Sinopsis: ?Mi amistad con la madera, me acompañó cuando llegué, y lo hará cuando me vaya'. Una exposición basada en principalmente en la madera como materia base en todas las esculturas.";"http://www.madrid.es/sites/v/index.jsp?vgnextchannel=ca9671ee4a9eb410VgnVCM100000171f5a0aRCRD&vgnextoid=bb32ae721f2f6910VgnVCM1000001d4a900aRCRD";"Actividades en la Junta Municipal de Usera";"http://www.madrid.es/sites/v/index.jsp?vgnextchannel=ca9671ee4a9eb410VgnVCM100000171f5a0aRCRD&vgnextoid=683d2d24e6f61910VgnVCM2000001f4a900aRCRD";"http://www.madrid.es/sites/v/index.jsp?vgnextchannel=bfa48ab43d6bb410VgnVCM100000171f5a0aRCRD&vgnextoid=afe1dbf04cbd5910VgnVCM1000001d4a900aRCRD";"Junta Municipal del Distrito de Usera";"1";"AVENIDA";"RAFAELA YBARRA";"41";"USERA";"PRADOLONGO";"28026";"439660";"4470442";"40.3823867401053";"-3.710861696949648";"/contenido/actividades/Exposiciones";""
12800522;"La magia de los cuentos";"";"1";"0";"";"";"2025-07-18 00:00:00.0";"2025-07-18 23:59:00.0";"22:00";"Compañía:  Fenix Producciones  Duración: 90 minutos  Edad recomendada: Todos los Públicos.  Sinopsis: Blanca piensa que los cuentos son cosa de niños y no quiere que su madre le cuente ni uno más. Pero, una noche, su libro favorito cobra vida y su misteriosa magia la transporta al mundo de los cuentos de Disney. Acompañada de nuestros personajes y canciones favoritas, vivirá una aventura apasionante, en la que comprenderá la importancia de la amistad y conectará con la magia de estas historias.";"http://www.madrid.es/sites/v/index.jsp?vgnextchannel=ca9671ee4a9eb410VgnVCM100000171f5a0aRCRD&vgnextoid=90474223be957910VgnVCM1000001d4a900aRCRD";"Actividades Calle Abierta";"http://www.madrid.es/sites/v/index.jsp?vgnextchannel=ca9671ee4a9eb410VgnVCM100000171f5a0aRCRD&vgnextoid=261af36edd371910VgnVCM2000001f4a900aRCRD";"http://www.madrid.es/sites/v/index.jsp?vgnextchannel=bfa48ab43d6bb410VgnVCM100000171f5a0aRCRD&vgnextoid=d8c31bbad23cf310VgnVCM1000000b205a0aRCRD";"Auditorio Municipal Las Trece Rosas";"1";"CALLE";"MONTE DE MONTJUICH";"7";"VILLA DE VALLECAS";"CASCO H.VALLECAS";"28031";"447581";"4470145";"40.38024953878224";"-3.6175290483217055";"/contenido/actividades/Musica";"/usuario/Niños"
12787148;"La Magia del Mago Héctor";"";"1";"0";"";"";"2025-06-27 00:00:00.0";"2025-06-27 23:59:00.0";"18:00";"A cargo del Mago Héctor. Magia con apariciones, cuerdas, cajas vacías, cartas y muchos juegos. Duración: 50 minutos. Edad recomendada: a partir de 4 años.";"http://www.madrid.es/sites/v/index.jsp?vgnextchannel=ca9671ee4a9eb410VgnVCM100000171f5a0aRCRD&vgnextoid=a23bf6164ca17910VgnVCM1000001d4a900aRCRD";"Actividades Centro Sociocultural Tetuán";"http://www.madrid.es/sites/v/index.jsp?vgnextchannel=ca9671ee4a9eb410VgnVCM100000171f5a0aRCRD&vgnextoid=ac84dff0d2c6e710VgnVCM2000001f4a900aRCRD";"http://www.madrid.es/sites/v/index.jsp?vgnextchannel=bfa48ab43d6bb410VgnVCM100000171f5a0aRCRD&vgnextoid=0ecb1e79ee71c010VgnVCM1000000b205a0aRCRD";"Centro Sociocultural Tetuán";"1";"CALLE";"BRAVO MURILLO";"251";"TETUAN";"BERRUGUETE";"28020";"440628";"4478947";"40.45907909580629";"-3.7002532146213043";"";"/usuario/Niños"
12517331;"La Mina Tres: evento de diseño, ilustración y dibujo";"";"1";"0";"";"";"2025-06-28 00:00:00.0";"2025-06-28 23:59:00.0";"11:00";"La Mina Tres es un evento mensual de diseño, ilustración y dibujo organizado por el colectivo de artistas @laminatres (Instagram). Se hace el último sábado de cada mes en la biblioteca Iván de Vargas.  Las inscripciones se realizarán a través del perfil de Instagram de @laminatres, que abrirá el plazo de inscripción una semana antes de cada sesión. La Mina Tres será responsable, única y exclusivamente, del tratamiendo de los datos de carácter personal recabados en las inscripciones realizadas a través de su perfil de Instagram.  La biblioteca reserva 5 plazas para mayores de 50 años, que se inscribiran en el siguiente  enlace .";"http://www.madrid.es/sites/v/index.jsp?vgnextchannel=ca9671ee4a9eb410VgnVCM100000171f5a0aRCRD&vgnextoid=698857e11e5e1910VgnVCM1000001d4a900aRCRD";"La Mina Tres: evento de diseño, ilustración y dibujo";"http://www.madrid.es/sites/v/index.jsp?vgnextchannel=ca9671ee4a9eb410VgnVCM100000171f5a0aRCRD&vgnextoid=c25ef18ea1fab810VgnVCM1000001d4a900aRCRD";"http://www.madrid.es/sites/v/index.jsp?vgnextchannel=bfa48ab43d6bb410VgnVCM100000171f5a0aRCRD&vgnextoid=0b60e92be3c5e210VgnVCM1000000b205a0aRCRD";"Biblioteca Pública Municipal Iván de Vargas (Centro)";"1,6";"CALLE";"SAN JUSTO";"5";"CENTRO";"PALACIO";"28005";"439775";"4473962";"40.41410290844665";"-3.7098591212735883";"/contenido/actividades/CursosTalleres";""
12804686;"La patrulla canina: la superpelícula (2023) dirigida por Cal Brunker";"";"0";"0";"";"";"2025-07-12 00:00:00.0";"2025-07-12 23:59:00.0";"22:00";"Cuando un meteorito mágico se estrella en Ciudad Aventura, los cachorros de la Patrulla Canina consiguen unos superpoderes que los transforman en ¡Los PODEROSOS CACHORROS! Para Skye, la más pequeña del equipo, sus nuevos poderes son un sueño hecho realidad. Pero las cosas se complican cuando Humdinger, el archienemigo de los cachorros que acaba de fugarse de la cárcel.  Género: Animación  Edad recomendada: apta para todos los públicos y distintivo especialmente recomendada para la infancia   Duración: 92 minutos";"http://www.madrid.es/sites/v/index.jsp?vgnextchannel=ca9671ee4a9eb410VgnVCM100000171f5a0aRCRD&vgnextoid=a49758fa23d77910VgnVCM2000001f4a900aRCRD";"Cine de verano 2025 en Carabanchel";"http://www.madrid.es/sites/v/index.jsp?vgnextchannel=ca9671ee4a9eb410VgnVCM100000171f5a0aRCRD&vgnextoid=e8a2cd0e24b76910VgnVCM1000001d4a900aRCRD";"http://www.madrid.es/sites/v/index.jsp?vgnextchannel=bfa48ab43d6bb410VgnVCM100000171f5a0aRCRD&vgnextoid=7cfaa531dcf9e210VgnVCM2000000c205a0aRCRD";"Parque de Salvador Allende";"2";"CALLE";"SALVADOR ALLENDE";"3";"CARABANCHEL";"BUENAVISTA";"28054";"435693";"4468472";"40.364341448699825";"-3.757402071835875";"/contenido/actividades/CineActividadesAudiovisuales";"/usuario/Niños"
12781502;"La quinta como te la imaginas";"";"1";"1";"L,M,X,J,V,S,D";"";"2025-06-09 00:00:00.0";"2025-06-30 23:59:00.0";"";"Exposición de obras resultantes de la jornada para pintores, dibujantes e ilustradores del sábado 24 de mayo en la Quinta de Torre Arias. Jornada y exposición organizada por la Plataforma Ciudadana de la Quinta de Torre Arias y Urban Sketchers Madrid.";"http://www.madrid.es/sites/v/index.jsp?vgnextchannel=ca9671ee4a9eb410VgnVCM100000171f5a0aRCRD&vgnextoid=e2d292c2677f6910VgnVCM1000001d4a900aRCRD";"Actividades en el Centro Cultural Miguel de Cervantes";"http://www.madrid.es/sites/v/index.jsp?vgnextchannel=ca9671ee4a9eb410VgnVCM100000171f5a0aRCRD&vgnextoid=4daa70db6da41910VgnVCM2000001f4a900aRCRD";"http://www.madrid.es/sites/v/index.jsp?vgnextchannel=bfa48ab43d6bb410VgnVCM100000171f5a0aRCRD&vgnextoid=24be1e79ee71c010VgnVCM1000000b205a0aRCRD";"Centro Sociocultural Miguel de Cervantes (San Blas - Canillejas)";"1";"CALLE";"ALIAGA";"5";"SAN BLAS-CANILLEJAS";"CANILLEJAS";"28022";"448148";"4476402";"40.4366557020283";"-3.6113517282299217";"/contenido/actividades/Exposiciones";""
12809526;"La Restauración de la Puerta de Alcalá";"";"1";"0";"";"";"2025-06-25 00:00:00.0";"2025-06-25 23:59:00.0";"18:30";"";"http://www.madrid.es/sites/v/index.jsp?vgnextchannel=ca9671ee4a9eb410VgnVCM100000171f5a0aRCRD&vgnextoid=1311ad8e63c97910VgnVCM1000001d4a900aRCRD";"";"";"http://www.madrid.es/sites/v/index.jsp?vgnextchannel=bfa48ab43d6bb410VgnVCM100000171f5a0aRCRD&vgnextoid=35e53d0b5e71c010VgnVCM1000000b205a0aRCRD";"Centro Cultural Casa de Vacas (Retiro)";"1";"PASEO";"COLOMBIA";"1";"RETIRO";"LOS JERONIMOS";"28009";"441967";"4474495";"40.41906571939961";"-3.684053112760816";"";""
12781366;"La subasta de las musas";"";"1";"0";"";"";"2025-06-29 00:00:00.0";"2025-06-29 23:59:00.0";"19:00";"Cía.: Teatro del otro día   No recomendada para menores de 14 años   Un grupo de amigos viaja a un pequeño pueblo de la España profunda. La población se ha reducido drásticamente y las calles están repletas de casas abandonadas. De repente uno de ellos se fija en un edificio que le llama la atención? tras acercarse descubre un acceso oculto entre los escombros ¡es un teatro! ... El grupo se interna en el edificio con una mezcla de fascinación y asombro ¿Cuántas vidas fueron representadas entre aquellos muros? ¿Cuántos amores, pasiones, sacrificios florecieron bajo aquellos telones?";"http://www.madrid.es/sites/v/index.jsp?vgnextchannel=ca9671ee4a9eb410VgnVCM100000171f5a0aRCRD&vgnextoid=a381c21a157f6910VgnVCM1000001d4a900aRCRD";"Actividades en el Centro Cultural Buero Vallejo";"http://www.madrid.es/sites/v/index.jsp?vgnextchannel=ca9671ee4a9eb410VgnVCM100000171f5a0aRCRD&vgnextoid=da1970db6da41910VgnVCM2000001f4a900aRCRD";"http://www.madrid.es/sites/v/index.jsp?vgnextchannel=bfa48ab43d6bb410VgnVCM100000171f5a0aRCRD&vgnextoid=98953d0b5e71c010VgnVCM1000000b205a0aRCRD";"Centro Cultural Buero Vallejo (San Blas - Canillejas)";"1";"CALLE";"BOLTAÑA";"27";"SAN BLAS-CANILLEJAS";"CANILLEJAS";"28022";"448023";"4477305";"40.44477474902185";"-3.6129105844633775";"/contenido/actividades/TeatroPerformance";""
12795800;"La subasta de las musas";"";"1";"0";"";"";"2025-06-28 00:00:00.0";"2025-06-28 23:59:00.0";"19:00";"Asociación de Teatro Del Otro día, presenta 'La subasta de las musas'   Un grupo de amigos viaja a un pequeño pueblo de la España profunda. La población se ha reducido drásticamente y las calles están repletas de casas abandonadas. De repente uno de ellos se fija en un edificio que le llama laatención? tras acercarse descubre un acceso oculto entre los escombros ¡es un teatro! ... de forma involuntaria han dado con el viejo teatro municipal.  El grupo se interna en el edificio con una mezcla de fascinación y asombro ¿Cuántas vidas fueron representadas entre aquellos muros?. ¿Cuántos amores, pasiones, sacrificios, florecieron bajo aquellos telones?";"http://www.madrid.es/sites/v/index.jsp?vgnextchannel=ca9671ee4a9eb410VgnVCM100000171f5a0aRCRD&vgnextoid=18980ea263a37910VgnVCM2000001f4a900aRCRD";"Actividades en el Centro Cultural el Madroño";"http://www.madrid.es/sites/v/index.jsp?vgnextchannel=ca9671ee4a9eb410VgnVCM100000171f5a0aRCRD&vgnextoid=63fd7ba8c0950710VgnVCM1000001d4a900aRCRD";"http://www.madrid.es/sites/v/index.jsp?vgnextchannel=bfa48ab43d6bb410VgnVCM100000171f5a0aRCRD&vgnextoid=57b63d0b5e71c010VgnVCM1000000b205a0aRCRD";"Centro Cultural el Madroño (Vicálvaro)";"1";"CALLE";"VILLARDONDIEGO";"36";"VICALVARO";"CASCO H.VICALVARO";"28032";"448357";"4472920";"40.40529229274289";"-3.6086152959929514";"/contenido/actividades/TeatroPerformance";""
12806787;"La sustancia";"";"1";"0";"";"";"2025-08-22 00:00:00.0";"2025-08-22 23:59:00.0";"22:15";"De Coralie Fargeat. Con Demi Moore, Margaret Qualley, Dennis Quaid. Reino Unido 2024. 140?.   No recomendada para menores de 18 años.   'Tú, pero mejor en todos los sentidos'. Esa es la promesa, un producto revolucionario basado en la división celular, que crea un alter ego más joven, más bello, más perfecto.";"http://www.madrid.es/sites/v/index.jsp?vgnextchannel=ca9671ee4a9eb410VgnVCM100000171f5a0aRCRD&vgnextoid=21faaa003c787910VgnVCM2000001f4a900aRCRD";"Ciclo Los sábados de cine. Primavera 2025";"http://www.madrid.es/sites/v/index.jsp?vgnextchannel=ca9671ee4a9eb410VgnVCM100000171f5a0aRCRD&vgnextoid=c0de900069495910VgnVCM2000001f4a900aRCRD";"http://www.madrid.es/sites/v/index.jsp?vgnextchannel=bfa48ab43d6bb410VgnVCM100000171f5a0aRCRD&vgnextoid=a395946be351c010VgnVCM2000000c205a0aRCRD";"Centro Cultural Auditorio Parque El Paraíso (San Blas - Canillejas)";"1";"AVENIDA";"ARCENTALES";"4";"SAN BLAS-CANILLEJAS";"HELLIN";"28037";"447225";"4475667";"40.42997621103139";"-3.6221773579444596";"/contenido/actividades/CineActividadesAudiovisuales";""
12809263;"La sustancia";"";"1";"0";"";"";"2025-07-11 00:00:00.0";"2025-07-11 23:59:00.0";"22:00";"Dirección: Coralie Fargeat.  Con Demi Moore, Margaret Qualley, Dennis Quaid.  Reino Unido 2024. 140?.       ?Tú, pero mejor en todos los sentidos?. Esa es la promesa, un producto revolucionario basado en la división celular, que crea un alter ego más joven, más bello, más perfecto.     No recomendada para menores de 18 años.";"http://www.madrid.es/sites/v/index.jsp?vgnextchannel=ca9671ee4a9eb410VgnVCM100000171f5a0aRCRD&vgnextoid=20dce7bbebb97910VgnVCM2000001f4a900aRCRD";"";"";"http://www.madrid.es/sites/v/index.jsp?vgnextchannel=bfa48ab43d6bb410VgnVCM100000171f5a0aRCRD&vgnextoid=598745dbd6891110VgnVCM1000000b205a0aRCRD";"Instalación Deportiva Municipal Básica Parque El Calero";"0";"CALLE";"VIRGEN DE NURIA";"S/N";"CIUDAD LINEAL";"CONCEPCION";"28027";"444643";"4476387";"40.436286671972276";"-3.6526968257803736";"/contenido/actividades/CineActividadesAudiovisuales";""
12800082;"La Tormenta";"";"0";"0";"";"";"2025-08-29 00:00:00.0";"2025-08-29 23:59:00.0";"";"";"http://www.madrid.es/sites/v/index.jsp?vgnextchannel=ca9671ee4a9eb410VgnVCM100000171f5a0aRCRD&vgnextoid=bed0ba98e7957910VgnVCM1000001d4a900aRCRD";"";"";"http://www.madrid.es/sites/v/index.jsp?vgnextchannel=bfa48ab43d6bb410VgnVCM100000171f5a0aRCRD&vgnextoid=784d8c7c0f91f010VgnVCM1000000b205a0aRCRD";"Teatro Municipal de Títeres. Parque de El Retiro";"1";"AVENIDA";"MÉXICO";"4";"RETIRO";"LOS JERÓNIMOS";"28009";"441748";"4474466";"40.41878362561595";"-3.6866519471003647";"/contenido/actividades/CuentacuentosTiteresMarionetas";"/usuario/Familias"
12804843;"La trampa del diablo";"";"0";"0";"";"";"2025-09-02 00:00:00.0";"2025-09-02 23:59:00.0";"19:00";"Un sacerdote viaja a un pueblo para investigar la supuesta relación de un molinero con el diablo. Pronto descubrirá que hay motivos políticos y personales para inculparlo, pero se plegará a los mismos en su propio beneficio.   Franti?ek Vlá?il (1924-1999), aunque tradicionalmente ha sido considerado uno de los principales precursores de la Nueva Ola checa, llevaba en realidad haciendo cine desde inicios de la década de los cincuenta. Vlá?il es sobre todo reconocido por su epopeya medieval Marketa Lazarová, considerada por muchos la mejor película checa de todos los tiempos. Estudió historia del arte y estética y trabajó con diversos formatos y medios. Sus primeros trabajos incluyen animación de marionetas y documentales para el ejército checoslovaco. Después se dedicó al cine de acción real. Vlá?il debutó en el largometraje en 1960 con Holubice, la historia casi sin diálogos y repleta de simbolismos de un niño en silla de ruedas y una paloma herida. La trampa del diablo (1961), ambientada en el siglo XVI, fue la primera de su trilogía informal de películas sobre el pasado remoto. Después llegó el drama histórico de gran presupuesto Marketa Lazarová (1967), basado en el libro homónimo de Vladislav Van?ura. Con Adelheid (1969), Vlá?il se convirtió en uno de los primeros directores checos en examinar la controvertida deportación de alemanes del país tras la Segunda Guerra Mundial. Tras la invasión soviética de agosto de 1968, volvió a los documentales, como Prague Art Nouveau (1974). También se le permitió dirigir películas infantiles. Cuando volvió a rodar largometrajes, se centró sobre todo en escenarios rurales (Dým bramborové nat?, 1976; Sombras de un verano caluroso; 1977) y biografías de personalidades importantes de la historia checa (Concierto al final del verano, 1979; Mág,1987). Tras la caída del régimen comunista en noviembre de 1989, Vlá?il recibió numerosos honores oficiales y, hasta el día de hoy, su singular visión es de una influencia clave en varias generaciones de cineastas checos que se puede trazar desde la cinematografía contemporánea de su país.   Idioma: V.O.S.E.   Formato: DCP.";"http://www.madrid.es/sites/v/index.jsp?vgnextchannel=ca9671ee4a9eb410VgnVCM100000171f5a0aRCRD&vgnextoid=881d082228d77910VgnVCM1000001d4a900aRCRD";"";"";"http://www.madrid.es/sites/v/index.jsp?vgnextchannel=bfa48ab43d6bb410VgnVCM100000171f5a0aRCRD&vgnextoid=2dbd1fe44c5ee310VgnVCM2000000c205a0aRCRD";"Cineteca Madrid";"1";"PLAZA";"LEGAZPI";"8";"ARGANZUELA";"CHOPERA";"28045";"440946";"4471422";"40.39130985242181";"-3.6958028442054074";"/contenido/actividades/ProgramacionDestacadaAgendaCultura";""
12798169;"La Virgen del árbol seco";"";"1";"0";"";"";"2025-07-03 00:00:00.0";"2025-07-03 23:59:00.0";"18:00";"";"http://www.madrid.es/sites/v/index.jsp?vgnextchannel=ca9671ee4a9eb410VgnVCM100000171f5a0aRCRD&vgnextoid=11fc9e9b63547910VgnVCM1000001d4a900aRCRD";"";"";"http://www.madrid.es/sites/v/index.jsp?vgnextchannel=bfa48ab43d6bb410VgnVCM100000171f5a0aRCRD&vgnextoid=0b60e92be3c5e210VgnVCM1000000b205a0aRCRD";"Biblioteca Pública Municipal Iván de Vargas (Centro)";"1,6";"CALLE";"SAN JUSTO";"5";"CENTRO";"PALACIO";"28005";"439775";"4473962";"40.41410290844665";"-3.7098591212735883";"/contenido/actividades/RecitalesPresentacionesActosLiterarios";""
12808428;"La zona de interés";"";"1";"0";"";"";"2025-07-26 00:00:00.0";"2025-07-26 23:59:00.0";"22:00";"Sábado 26 de julio, 22:00 La zona de interés Dirección: Jonathan Glazer. Género: Drama. Historia. Sinopsis:  El comandante de Auschwitz Rudolf Höss y su esposa Hedwig se esfuerzan en construir una vida de ensueño para su familia en una casa con jardín cerca del campo. No recomendada para menores de 12 años.";"http://www.madrid.es/sites/v/index.jsp?vgnextchannel=ca9671ee4a9eb410VgnVCM100000171f5a0aRCRD&vgnextoid=26c55be49cc87910VgnVCM2000001f4a900aRCRD";"Cine de verano en Moratalaz";"http://www.madrid.es/sites/v/index.jsp?vgnextchannel=ca9671ee4a9eb410VgnVCM100000171f5a0aRCRD&vgnextoid=6ba253804e037910VgnVCM2000001f4a900aRCRD";"http://www.madrid.es/sites/v/index.jsp?vgnextchannel=bfa48ab43d6bb410VgnVCM100000171f5a0aRCRD&vgnextoid=8c86e2704a07e210VgnVCM1000000b205a0aRCRD";"Parque de la Cuña Verde de O´Donnell";"2";"CALLE";"FUENTE CARRANTONA";"61";"MORATALAZ";"MARROQUINA";"28030";"446635";"4473699";"40.41220177650095";"-3.628985975935673";"";""
12809338;"La zona de interés";"";"1";"0";"";"";"2025-07-27 00:00:00.0";"2025-07-27 23:59:00.0";"22:00";"Dirección: Jonathan Glazer. Con Sandra Hüller, Christian Friedel, Ralph Herforth. Drama. Reino Unido 2023. 106?.    El comandante de Auschwitz Rudolf Höss y su esposa Hedwig se esfuerzan en construir una vida de ensueño para su familia en una casa con jardín cerca del campo.     No recomendada para menores de 12 años.";"http://www.madrid.es/sites/v/index.jsp?vgnextchannel=ca9671ee4a9eb410VgnVCM100000171f5a0aRCRD&vgnextoid=c002e7bbebb97910VgnVCM2000001f4a900aRCRD";"";"";"http://www.madrid.es/sites/v/index.jsp?vgnextchannel=bfa48ab43d6bb410VgnVCM100000171f5a0aRCRD&vgnextoid=598745dbd6891110VgnVCM1000000b205a0aRCRD";"Instalación Deportiva Municipal Básica Parque El Calero";"0";"CALLE";"VIRGEN DE NURIA";"S/N";"CIUDAD LINEAL";"CONCEPCION";"28027";"444643";"4476387";"40.436286671972276";"-3.6526968257803736";"/contenido/actividades/CineActividadesAudiovisuales";""
12770234;"Lab 4 Futuros Raros";"";"0";"1";"L,M,X,J,V,S,D";"";"2025-05-06 00:00:00.0";"2025-11-30 23:59:00.0";"";"";"http://www.madrid.es/sites/v/index.jsp?vgnextchannel=ca9671ee4a9eb410VgnVCM100000171f5a0aRCRD&vgnextoid=6796a2c6bd9a6910VgnVCM1000001d4a900aRCRD";"";"";"http://www.madrid.es/sites/v/index.jsp?vgnextchannel=bfa48ab43d6bb410VgnVCM100000171f5a0aRCRD&vgnextoid=ef686a9ee7336110VgnVCM1000000b205a0aRCRD";"Matadero Madrid";"1";"PLAZA";"LEGAZPI";"8";"ARGANZUELA";"CHOPERA";"28045";"440946";"4471422";"40.39130985242181";"-3.6958028442054074";"";""
12787215;"Laboratorio artístico Campamento Antígona";"";"0";"1";"L,M,X,J,V,S,D";"";"2025-07-07 00:00:00.0";"2025-07-12 23:59:00.0";"";"";"http://www.madrid.es/sites/v/index.jsp?vgnextchannel=ca9671ee4a9eb410VgnVCM100000171f5a0aRCRD&vgnextoid=42c8f547cda17910VgnVCM1000001d4a900aRCRD";"";"";"http://www.madrid.es/sites/v/index.jsp?vgnextchannel=bfa48ab43d6bb410VgnVCM100000171f5a0aRCRD&vgnextoid=64463d0b5e71c010VgnVCM1000000b205a0aRCRD";"Centro de Cultura Contemporánea Conde Duque";"1";"CALLE";"CONDE DUQUE";"9";"CENTRO";"UNIVERSIDAD";"28015";"439723";"4475438";"40.42739911262292";"-3.710589286287491";"/contenido/actividades/ProgramacionDestacadaAgendaCultura";""
12799227;"Laboratorio creativo infantil Figuras Decorativas con Fieltro";"";"1";"0";"";"";"2025-07-04 00:00:00.0";"2025-07-04 23:59:00.0";"11:00";"Trabajar la creatividad y la precisión con telas y costura básica sin aguja (pegamento).  Corte de figuras sencillas en fieltro (animales, flores, personajes), decoración con rotuladores para tela, botones, cintas y pegado y creación de broches, imanes o colgantes.  Materiales: Fieltro, tijeras, pegamento textil, botones y cintas.  Día: viernes, 4 de julio de 2025.  Horario: De 11 a 13 h.  Edades: De 5 a 12 años.  Aforo: 10 niñ@s.   Taller gratuito. Material Incluido.   Para realizar el taller es necesario la previa inscripción en la secretaría del Centro Sociocultural Marconi o llamando al teléfono 917 100 232.";"http://www.madrid.es/sites/v/index.jsp?vgnextchannel=ca9671ee4a9eb410VgnVCM100000171f5a0aRCRD&vgnextoid=4fd8bbb9d8557910VgnVCM2000001f4a900aRCRD";"Actividades en el Centro Sociocultural Marconi";"http://www.madrid.es/sites/v/index.jsp?vgnextchannel=ca9671ee4a9eb410VgnVCM100000171f5a0aRCRD&vgnextoid=446ed15c0bfe4910VgnVCM2000001f4a900aRCRD";"http://www.madrid.es/sites/v/index.jsp?vgnextchannel=bfa48ab43d6bb410VgnVCM100000171f5a0aRCRD&vgnextoid=6cb0085f5181c010VgnVCM1000000b205a0aRCRD";"Centro Sociocultural Marconi (Villaverde)";"1";"ACCESO";"COLONIA MARCONI";"4";"VILLAVERDE";"VILLAVERDE ALTO C.H.";"28021";"440472";"4465148";"40.3347558542528";"-3.7008037217338274";"/contenido/actividades/CursosTalleres";"/usuario/Niños"
12799224;"Laboratorio creativo infantil `Crea Tu Marco de Fotos Personalizado con Cartón´";"";"1";"0";"";"";"2025-07-02 00:00:00.0";"2025-07-02 23:59:00.0";"11:00";"Fomentar la creatividad, la motricidad fina y la expresión artística personalizando marcos para   fotos hechos a mano con cartón reciclado.          Materiales: Cartón reciclado (cajas, cartulinas gruesas), tijeras, regla, lápiz, pegamento de barra y cola blanca escolar, pinturas acrílicas o témperas, pinceles de varios tamaños, materiales para decorar: botones, lentejuelas, cintas, trozos de tela, pompones, cuentas, pegatinas, papel decorativo. cartulina blanca o papel para base interior (donde irá la foto), cinta adhesiva o velcro para sujetar la foto.  Día: Miércoles, 2 de julio de 2025.  Horario: De 11:00 a 13:00 h.  Edades: De 5 a 12 años.  Aforo: 10 niñ@s.       Taller gratuito. Material Incluido.   Para realizar el taller es necesario la previa inscripción en la secretaría del Centro Sociocultural Marconi o llamando al teléfono 917 100 232.";"http://www.madrid.es/sites/v/index.jsp?vgnextchannel=ca9671ee4a9eb410VgnVCM100000171f5a0aRCRD&vgnextoid=5458bbb9d8557910VgnVCM2000001f4a900aRCRD";"Actividades en el Centro Sociocultural Marconi";"http://www.madrid.es/sites/v/index.jsp?vgnextchannel=ca9671ee4a9eb410VgnVCM100000171f5a0aRCRD&vgnextoid=446ed15c0bfe4910VgnVCM2000001f4a900aRCRD";"http://www.madrid.es/sites/v/index.jsp?vgnextchannel=bfa48ab43d6bb410VgnVCM100000171f5a0aRCRD&vgnextoid=6cb0085f5181c010VgnVCM1000000b205a0aRCRD";"Centro Sociocultural Marconi (Villaverde)";"1";"ACCESO";"COLONIA MARCONI";"4";"VILLAVERDE";"VILLAVERDE ALTO C.H.";"28021";"440472";"4465148";"40.3347558542528";"-3.7008037217338274";"/contenido/actividades/CursosTalleres";"/usuario/Niños"
12799209;"Laboratorio creativo infantil `Lámpara de Lava Casera´";"";"1";"0";"";"";"2025-06-25 00:00:00.0";"2025-06-25 23:59:00.0";"11:00";"Cada niño crea su propia lámpara y observa el efecto de burbujas coloridas.   Materiales: botellas de plástico, aceite vegetal, agua, pastillas efervescentes y colorantes alimenticios.  Día: Miércoles, 25 de junio de 2025.  Horario: De 11 a 13 h.  Edades: De 5 a 12 años.  Aforo: 10 niñ@s.   Taller gratuito. Material incluido.   Para efectuar el laboratorio es necesario la previa inscripción, en la secretaría del Centro Sociocultural Marconi o al teléfono 917 100 232.";"http://www.madrid.es/sites/v/index.jsp?vgnextchannel=ca9671ee4a9eb410VgnVCM100000171f5a0aRCRD&vgnextoid=75b5ee1ea9457910VgnVCM2000001f4a900aRCRD";"Actividades en el Centro Sociocultural Marconi";"http://www.madrid.es/sites/v/index.jsp?vgnextchannel=ca9671ee4a9eb410VgnVCM100000171f5a0aRCRD&vgnextoid=446ed15c0bfe4910VgnVCM2000001f4a900aRCRD";"http://www.madrid.es/sites/v/index.jsp?vgnextchannel=bfa48ab43d6bb410VgnVCM100000171f5a0aRCRD&vgnextoid=6cb0085f5181c010VgnVCM1000000b205a0aRCRD";"Centro Sociocultural Marconi (Villaverde)";"1";"ACCESO";"COLONIA MARCONI";"4";"VILLAVERDE";"VILLAVERDE ALTO C.H.";"28021";"440472";"4465148";"40.3347558542528";"-3.7008037217338274";"/contenido/actividades/CursosTalleres";"/usuario/Niños"
12799215;"Laboratorio creativo infantil `Máscaras Divertidas´";"";"1";"0";"";"";"2025-06-27 00:00:00.0";"2025-06-27 23:59:00.0";"11:00";"Desarrollar habilidades artísticas, expresivas y fomentar la creatividad teatral.   Creación y decoración individual de máscaras (animales, personajes imaginarios, etc.). Pintan y recortan las máscaras y colocan elementos decorativos adicionales (plumas, lentejuelas, etc.).      Materiales: platos desechables de papel, cartulinas, témperas, rotuladores, cintas, palitos de madera,  pegamento y tijeras.  Día: Viernes, 27 de junio de 2025.  Horario: De 11 a 13 h.  Edades: De 5 a 12 años.  Aforo: 10 niñ@s.      Taller gratuito. Material incluido.   Para realizar el taller es necesario la previa inscripción en la secretaría del Centro Sociocultural Marconi o al teléfono 917 100 232.";"http://www.madrid.es/sites/v/index.jsp?vgnextchannel=ca9671ee4a9eb410VgnVCM100000171f5a0aRCRD&vgnextoid=2ac6ee1ea9457910VgnVCM2000001f4a900aRCRD";"Actividades en el Centro Sociocultural Marconi";"http://www.madrid.es/sites/v/index.jsp?vgnextchannel=ca9671ee4a9eb410VgnVCM100000171f5a0aRCRD&vgnextoid=446ed15c0bfe4910VgnVCM2000001f4a900aRCRD";"http://www.madrid.es/sites/v/index.jsp?vgnextchannel=bfa48ab43d6bb410VgnVCM100000171f5a0aRCRD&vgnextoid=6cb0085f5181c010VgnVCM1000000b205a0aRCRD";"Centro Sociocultural Marconi (Villaverde)";"1";"ACCESO";"COLONIA MARCONI";"4";"VILLAVERDE";"VILLAVERDE ALTO C.H.";"28021";"440472";"4465148";"40.3347558542528";"-3.7008037217338274";"/contenido/actividades/CursosTalleres";"/usuario/Niños"
12799221;"Laboratorio creativo infantil `Teatro de Marionetas de Dedo´";"";"1";"0";"";"";"2025-06-30 00:00:00.0";"2025-06-30 23:59:00.0";"11:00";"Desarrollar la creatividad narrativa, habilidades manuales y expresión oral a través del teatro de títeres.  Creación individual de títeres de dedo pintados y recortados. Cada niño fabrica al menos 2-3 personajes (animales, personas, criaturas imaginarias).    Materiales: cartulina, fieltro o goma eva, tijeras, rotuladores o pinturas y pegamento.  Día: Lunes, 30 de junio de 2025.  Horario: De 11 a 13 h.  Edades: De 5 a 12 años.  Aforo: 10 niñ@s.     Taller gratuito. Material incluido.    Para realizar el taller es necesaria la previa inscripción en la secretaría del Centro Sociocultural Marconi o al teléfono 917 100 232.";"http://www.madrid.es/sites/v/index.jsp?vgnextchannel=ca9671ee4a9eb410VgnVCM100000171f5a0aRCRD&vgnextoid=abc7ee1ea9457910VgnVCM2000001f4a900aRCRD";"Actividades en el Centro Sociocultural Marconi";"http://www.madrid.es/sites/v/index.jsp?vgnextchannel=ca9671ee4a9eb410VgnVCM100000171f5a0aRCRD&vgnextoid=446ed15c0bfe4910VgnVCM2000001f4a900aRCRD";"http://www.madrid.es/sites/v/index.jsp?vgnextchannel=bfa48ab43d6bb410VgnVCM100000171f5a0aRCRD&vgnextoid=6cb0085f5181c010VgnVCM1000000b205a0aRCRD";"Centro Sociocultural Marconi (Villaverde)";"1";"ACCESO";"COLONIA MARCONI";"4";"VILLAVERDE";"VILLAVERDE ALTO C.H.";"28021";"440472";"4465148";"40.3347558542528";"-3.7008037217338274";"/contenido/actividades/CursosTalleres";"/usuario/Niños"
12790714;"Las formas del agua";"";"1";"1";"L,M,X,J,V,S,D";"";"2025-06-16 00:00:00.0";"2025-06-30 23:59:00.0";"";"Exposición 'Las formas del agua' a cargo del alumnado del taller de pintura de la Asociación de vecinos Villa Rosa";"http://www.madrid.es/sites/v/index.jsp?vgnextchannel=ca9671ee4a9eb410VgnVCM100000171f5a0aRCRD&vgnextoid=0a7a231557027910VgnVCM2000001f4a900aRCRD";"Actividades en el Centro Cultural Carril del Conde";"http://www.madrid.es/sites/v/index.jsp?vgnextchannel=ca9671ee4a9eb410VgnVCM100000171f5a0aRCRD&vgnextoid=4dc76ed8d8a75610VgnVCM2000001f4a900aRCRD";"http://www.madrid.es/sites/v/index.jsp?vgnextchannel=bfa48ab43d6bb410VgnVCM100000171f5a0aRCRD&vgnextoid=66a7cbf06c81c010VgnVCM1000000b205a0aRCRD";"Centro Cultural Carril del Conde (Hortaleza)";"1";"CALLE";"CARRIL DEL CONDE";"57";"HORTALEZA";"CANILLAS";"28043";"444520";"4479119";"40.46089499555313";"-3.654366821391548";"/contenido/actividades/Exposiciones";""
12792201;"Las marionetas de la Dehesa te cuentan";"";"1";"0";"";"";"2025-07-20 00:00:00.0";"2025-07-20 23:59:00.0";"10:00";"";"http://www.madrid.es/sites/v/index.jsp?vgnextchannel=ca9671ee4a9eb410VgnVCM100000171f5a0aRCRD&vgnextoid=8d26c744fcf27910VgnVCM2000001f4a900aRCRD";"Las marionetas de la Dehesa te cuentan";"http://www.madrid.es/sites/v/index.jsp?vgnextchannel=ca9671ee4a9eb410VgnVCM100000171f5a0aRCRD&vgnextoid=43d92637e55ac810VgnVCM2000001f4a900aRCRD";"http://www.madrid.es/sites/v/index.jsp?vgnextchannel=bfa48ab43d6bb410VgnVCM100000171f5a0aRCRD&vgnextoid=a956fc79622ef010VgnVCM2000000c205a0aRCRD";"Centro de Información y Educación Ambiental de Dehesa de la Villa";"1";"PARQUE";"DEHESA DE LA VILLA";"0";"MONCLOA-ARAVACA";"";"28039";"439102";"4478967";"40.45914104116349";"-3.718270563679269";"/contenido/actividades/CuentacuentosTiteresMarionetas";"/usuario/Niños,/usuario/Familias"
12787109;"Las Mujeres de Cervantes";"";"1";"0";"";"";"2025-06-27 00:00:00.0";"2025-06-27 23:59:00.0";"19:00";"A cargo de la compañía Senda Estudio. Autor: Eduardo Mohedano. El tema central de la obra es la defensa de la libertad del ser humano, en especial de la mujer, por haber sido reprendida con especial hincapié durante siglos. Duración: 105 minutos. Edad recomendada: todos los públicos.";"http://www.madrid.es/sites/v/index.jsp?vgnextchannel=ca9671ee4a9eb410VgnVCM100000171f5a0aRCRD&vgnextoid=543fe9131aa17910VgnVCM1000001d4a900aRCRD";"Actividades Centro Cultural José de Espronceda";"http://www.madrid.es/sites/v/index.jsp?vgnextchannel=ca9671ee4a9eb410VgnVCM100000171f5a0aRCRD&vgnextoid=1ba4173467aeb810VgnVCM1000001d4a900aRCRD";"http://www.madrid.es/sites/v/index.jsp?vgnextchannel=bfa48ab43d6bb410VgnVCM100000171f5a0aRCRD&vgnextoid=23881e79ee71c010VgnVCM1000000b205a0aRCRD";"Centro Sociocultural José de Espronceda (Tetuán)";"1";"CALLE";"ALMANSA";"9";"TETUAN";"BELLAS VISTAS";"28039";"440258";"4477792";"40.44864332758775";"-3.704513191828797";"/contenido/actividades/TeatroPerformance";""
12810974;"Las silenciadas";"";"1";"0";"";"";"2025-09-26 00:00:00.0";"2025-09-26 23:59:00.0";"19:00";"";"http://www.madrid.es/sites/v/index.jsp?vgnextchannel=ca9671ee4a9eb410VgnVCM100000171f5a0aRCRD&vgnextoid=7dd012239d1a7910VgnVCM2000001f4a900aRCRD";"";"";"http://www.madrid.es/sites/v/index.jsp?vgnextchannel=bfa48ab43d6bb410VgnVCM100000171f5a0aRCRD&vgnextoid=35e53d0b5e71c010VgnVCM1000000b205a0aRCRD";"Centro Cultural Casa de Vacas (Retiro)";"1";"PASEO";"COLOMBIA";"1";"RETIRO";"LOS JERONIMOS";"28009";"441967";"4474495";"40.41906571939961";"-3.684053112760816";"/contenido/actividades/TeatroPerformance";""
12809285;"Las vidas de Sing Sing";"";"1";"0";"";"";"2025-07-13 00:00:00.0";"2025-07-13 23:59:00.0";"22:00";"Dirección:Greg Kwedar.  Con Colman Domingo, Clarence Maclin, Sean Blackman.  EEUU 2023. 127?.       Un pequeño grupo de presos encarcelados en el Centro Correccional Sing Sing, una de las prisiones de máxima seguridad más famosas del mundo, se propone montar su propia obra teatral como parte de un taller de teatro. A través de las artes escénicas, estos hombres consiguen ver el mundo como un lugar por el que luchar.     No recomendada para menores de 12 años.";"http://www.madrid.es/sites/v/index.jsp?vgnextchannel=ca9671ee4a9eb410VgnVCM100000171f5a0aRCRD&vgnextoid=2c7ee7bbebb97910VgnVCM2000001f4a900aRCRD";"";"";"http://www.madrid.es/sites/v/index.jsp?vgnextchannel=bfa48ab43d6bb410VgnVCM100000171f5a0aRCRD&vgnextoid=598745dbd6891110VgnVCM1000000b205a0aRCRD";"Instalación Deportiva Municipal Básica Parque El Calero";"0";"CALLE";"VIRGEN DE NURIA";"S/N";"CIUDAD LINEAL";"CONCEPCION";"28027";"444643";"4476387";"40.436286671972276";"-3.6526968257803736";"/contenido/actividades/CineActividadesAudiovisuales";""
12792677;"Lectura a la Fresca. I Edición 'Yo Leo en Chamberí'";"";"1";"1";"L,M,X,J,V,S,D";"";"2025-06-26 00:00:00.0";"2025-08-31 23:59:00.0";"09:30";"Relájate, respira y lee este verano en la plaza Conde del Valle de Suchil que será un punto de encuentro para personas de todas las edades, ofreciendo un espacio tranquilo de lectura en un entorno natural, donde los vecinos podrán disfrutar de la prensa diaria y revistas semanales de manera gratuita.    Del 26 de junio al 31 de agosto de 09:30 a 13:30 h.";"http://www.madrid.es/sites/v/index.jsp?vgnextchannel=ca9671ee4a9eb410VgnVCM100000171f5a0aRCRD&vgnextoid=7b817e78a7037910VgnVCM1000001d4a900aRCRD";"Actividades de verano en el Distrito de Chamberí";"http://www.madrid.es/sites/v/index.jsp?vgnextchannel=ca9671ee4a9eb410VgnVCM100000171f5a0aRCRD&vgnextoid=a9d769ea76117910VgnVCM1000001d4a900aRCRD";"http://www.madrid.es/sites/v/index.jsp?vgnextchannel=bfa48ab43d6bb410VgnVCM100000171f5a0aRCRD&vgnextoid=7c3042197833e210VgnVCM2000000c205a0aRCRD";"Jardines de la Plaza Conde del Valle de Suchil";"2";"CALLE";"RODRIGUEZ SAN PEDRO";"3";"CHAMBERI";"ARAPILES";"28015";"440078";"4475877";"40.43137597367309";"-3.7064685006782208";"";"/usuario/Niños"
12811314;"Lectura del cuento infantil 'Shaka el pangolín'";"";"1";"0";"";"";"2025-07-03 00:00:00.0";"2025-07-03 23:59:00.0";"12:30";"El equipo de la ONG Cruzada por los Niños, hará una lectura de su último cuento infantil 'Shaka el pangolín', publicado en colaboración con el parque Nacional de Gorongosa.    Shaka el pangolín narra la historia de dos niños Jena y José, que un mañana encuentran un pangolín atrapado en una trampa y deciden llevarlo a su comunidad para saber cómo curar sus heridas.  Siguiendo el viaje de nuestros protagonistas a través de Gorongosa vamos conociendo al Pangolín y nos enseña una valiosa lección, pese a su apariencia con sus duras y grandes escamas, por debajo el pangolín tiene una tripa suave y delicada.  Las cosas nunca son lo que parecen y no deberíamos juzgar algo hasta que lo conocemos.    Destinado a niñas y niños a partir de 5 años.        Acceso libre hasta completar aforo.            Organizado por María Diaz de la Cebosa";"http://www.madrid.es/sites/v/index.jsp?vgnextchannel=ca9671ee4a9eb410VgnVCM100000171f5a0aRCRD&vgnextoid=f2286c93646a7910VgnVCM1000001d4a900aRCRD";"Cuentacuentos del 12 al 18 de mayo";"http://www.madrid.es/sites/v/index.jsp?vgnextchannel=ca9671ee4a9eb410VgnVCM100000171f5a0aRCRD&vgnextoid=c04ca32d985f5910VgnVCM1000001d4a900aRCRD";"http://www.madrid.es/sites/v/index.jsp?vgnextchannel=bfa48ab43d6bb410VgnVCM100000171f5a0aRCRD&vgnextoid=e791bed05ceed310VgnVCM1000000b205a0aRCRD";"Biblioteca Pública Municipal Eugenio Trías. Casa de Fieras de El Retiro (Retiro)";"1,6";"PASEO";"FERNÁN NÚÑEZ";"24";"RETIRO";"LOS JERONIMOS";"28009";"442345";"4474221";"40.4166091081099";"-3.6795930368034804";"/contenido/actividades/CuentacuentosTiteresMarionetas";"/usuario/Niños"
12790374;"Lectura Dramatizada: 'El tragaluz' de Antonio Buero Vallejo";"";"1";"0";"";"";"2025-06-25 00:00:00.0";"2025-06-25 23:59:00.0";"19:00";"A cargo del Grupo de teatro aficionado En Tierra. Recluidos en un sótano, un grupo de vencidos de la guerra civil contempla la vida a través de un simbólico tragaluz.   Dirección: Esperanza de la Encarnación.";"http://www.madrid.es/sites/v/index.jsp?vgnextchannel=ca9671ee4a9eb410VgnVCM100000171f5a0aRCRD&vgnextoid=b20818f462027910VgnVCM2000001f4a900aRCRD";"Actividades en el Centro Sociocultural Rafael de León";"http://www.madrid.es/sites/v/index.jsp?vgnextchannel=ca9671ee4a9eb410VgnVCM100000171f5a0aRCRD&vgnextoid=1ffc298e9ad97810VgnVCM2000001f4a900aRCRD";"http://www.madrid.es/sites/v/index.jsp?vgnextchannel=bfa48ab43d6bb410VgnVCM100000171f5a0aRCRD&vgnextoid=7e0b1e79ee71c010VgnVCM1000000b205a0aRCRD";"Centro Sociocultural Rafael de León (Fuencarral - El Pardo)";"1";"CALLE";"ISLA DE ONS";"14";"FUENCARRAL-EL PARDO";"PEÑA GRANDE";"28035";"438850";"4481314";"40.48025613358832";"-3.7214686777952974";"/contenido/actividades/ClubesLectura";""
12797559;"Lengua de signos ambulante - Arganzuela";"";"1";"0";"";"";"2025-06-28 00:00:00.0";"2025-06-28 23:59:00.0";"20:30";"";"http://www.madrid.es/sites/v/index.jsp?vgnextchannel=ca9671ee4a9eb410VgnVCM100000171f5a0aRCRD&vgnextoid=a20bff78c0447910VgnVCM1000001d4a900aRCRD";"";"";"http://www.madrid.es/sites/v/index.jsp?vgnextchannel=bfa48ab43d6bb410VgnVCM100000171f5a0aRCRD&vgnextoid=4fec1d25e5356310VgnVCM2000000c205a0aRCRD";"Parque Madrid Río";"2";"PASARELA HISTORICA";"PASEO DE LAS YESERIAS";"";"DISTRITO";"";"";"439532";"4472193";"40.39815439895114";"-3.7125359439695975";"/contenido/actividades/1ciudad21distritos";""
12806169;"Leyendas botánicas en el Parque Lineal del Manzanares";"";"1";"0";"";"";"2025-07-13 00:00:00.0";"2025-07-13 23:59:00.0";"10:00";"De 10 a 11:30 horas.  Categoría: Senda por el parque lineal. Entrada GRATUITA.  Lugar: El punto de encuentro es la puerta del Parque Lineal del Manzanares que da a la Rotonda del Camino de Perales, número aprox. 61. A esta rotonda también desemboca la Calle de San Mario. Parada de autobús próxima de líneas 23 y 123 de la EMT.  Edad: Todos los públicos (menores acompañados con un adulto). Imprescindible reserva previa.  Sinopsis:  Casi cualquier planta tiene asociada una o varias leyendas. Ven a disfrutar de un ramillete de historias y mitos, asociadas a algunas de las plantas más representativas del Parque Lineal del Manzanares.";"http://www.madrid.es/sites/v/index.jsp?vgnextchannel=ca9671ee4a9eb410VgnVCM100000171f5a0aRCRD&vgnextoid=901238a3b1787910VgnVCM1000001d4a900aRCRD";"Actividades en el Centro de Educación Ambiental y Cultural Maris Stella";"http://www.madrid.es/sites/v/index.jsp?vgnextchannel=ca9671ee4a9eb410VgnVCM100000171f5a0aRCRD&vgnextoid=4e25ce5179e61910VgnVCM1000001d4a900aRCRD";"http://www.madrid.es/sites/v/index.jsp?vgnextchannel=bfa48ab43d6bb410VgnVCM100000171f5a0aRCRD&vgnextoid=85205619bc23d710VgnVCM2000001f4a900aRCRD";"Centro de Educación Ambiental y Cultural Maris Stella (Usera)";"1";"CALLE";"DOCTOR TOLOSA LATOUR";"16";"USERA";"PRADOLONGO";"28026";"440301";"4469524";"40.374166248648216";"-3.7032220308808577";"/contenido/actividades/ItinerariosOtrasActividadesAmbientales";""
12736451;"Life 4 Pollinators: Salva los polinizadores de tu ciudad";"";"1";"1";"X,J,V,S,D";"";"2025-04-02 00:00:00.0";"2025-06-29 23:59:00.0";"10:00";"";"http://www.madrid.es/sites/v/index.jsp?vgnextchannel=ca9671ee4a9eb410VgnVCM100000171f5a0aRCRD&vgnextoid=5eb91d4aeecd5910VgnVCM2000001f4a900aRCRD";"Life 4 Pollinators: Salva los polinizadores de tu ciudad";"http://www.madrid.es/sites/v/index.jsp?vgnextchannel=ca9671ee4a9eb410VgnVCM100000171f5a0aRCRD&vgnextoid=3e891d4aeecd5910VgnVCM2000001f4a900aRCRD";"http://www.madrid.es/sites/v/index.jsp?vgnextchannel=bfa48ab43d6bb410VgnVCM100000171f5a0aRCRD&vgnextoid=a956fc79622ef010VgnVCM2000000c205a0aRCRD";"Centro de Información y Educación Ambiental de Dehesa de la Villa";"1";"PARQUE";"DEHESA DE LA VILLA";"0";"MONCLOA-ARAVACA";"";"28039";"439102";"4478967";"40.45914104116349";"-3.718270563679269";"/contenido/actividades/Exposiciones";""
12794112;"Lightyear";"";"1";"0";"";"";"2025-06-28 00:00:00.0";"2025-06-28 23:59:00.0";"12:00";"Dirección:  Angus MacLane Género: Animación. Aventuras Sinopsis:  La película cuenta lo que le ocurre al legendario Guardián Espacial después de que quedara atrapado en un planeta hostil a 4,2 millones de años luz de la Tierra junto a su comandante y su tripulación. Buzz intenta encontrar la manera de volver a casa a través del espacio y el tiempo y para lograrlo contará con un grupo de ambiciosos reclutas y con Sox, su encantador gato robot. Pero la llegada de Zurg, una presencia imponente con un ejército de robots despiadados y unos planes ocultos misteriosos complica aún más las cosas y pone en peligro la misión. Edad recomendada: a partir de 6 años";"http://www.madrid.es/sites/v/index.jsp?vgnextchannel=ca9671ee4a9eb410VgnVCM100000171f5a0aRCRD&vgnextoid=cb77092e59437910VgnVCM1000001d4a900aRCRD";"Actividades infantiles Moratalaz";"http://www.madrid.es/sites/v/index.jsp?vgnextchannel=ca9671ee4a9eb410VgnVCM100000171f5a0aRCRD&vgnextoid=401c6c33ba017910VgnVCM2000001f4a900aRCRD";"http://www.madrid.es/sites/v/index.jsp?vgnextchannel=bfa48ab43d6bb410VgnVCM100000171f5a0aRCRD&vgnextoid=f3073d0b5e71c010VgnVCM1000000b205a0aRCRD";"Centro Cultural el Torito (Moratalaz)";"1";"AVENIDA";"MORATALAZ";"130";"MORATALAZ";"VINATEROS";"28030";"445141";"4473033";"40.40610655994401";"-3.646521482592748";"";"/usuario/Niños,/usuario/Familias"
12799455;"Lo normal - Latina";"";"1";"0";"";"";"2025-07-13 00:00:00.0";"2025-07-13 23:59:00.0";"19:00";"";"http://www.madrid.es/sites/v/index.jsp?vgnextchannel=ca9671ee4a9eb410VgnVCM100000171f5a0aRCRD&vgnextoid=a2aa091b0a857910VgnVCM1000001d4a900aRCRD";"";"";"";"";"";"";"";"";"";"";"";"";"";"";"";"/contenido/actividades/1ciudad21distritos";""
12806791;"Los aitas";"";"1";"0";"";"";"2025-08-29 00:00:00.0";"2025-08-29 23:59:00.0";"22:15";"De Borja Cobeaga. Con Kim Gutierrez, Juan Diego Boto, Iñaki Ardanaz. España 2025. 88?.  No recomendada para menores de 7 años.  En la periferia obrera del Bilbao de finales de los 80, un equipo infantil de gimnasia ri?tmica tiene la oportunidad de participar en un campeonato en Berlín. Ante la imposibilidad de que las madres acompan?en a sus hijas, la tarea recaera? en los padres, que no parecen muy interesados en el viaje, ni en ese deporte, ni incluso en sus propias hijas.";"http://www.madrid.es/sites/v/index.jsp?vgnextchannel=ca9671ee4a9eb410VgnVCM100000171f5a0aRCRD&vgnextoid=306caa003c787910VgnVCM2000001f4a900aRCRD";"Ciclo Los sábados de cine. Primavera 2025";"http://www.madrid.es/sites/v/index.jsp?vgnextchannel=ca9671ee4a9eb410VgnVCM100000171f5a0aRCRD&vgnextoid=c0de900069495910VgnVCM2000001f4a900aRCRD";"http://www.madrid.es/sites/v/index.jsp?vgnextchannel=bfa48ab43d6bb410VgnVCM100000171f5a0aRCRD&vgnextoid=a395946be351c010VgnVCM2000000c205a0aRCRD";"Centro Cultural Auditorio Parque El Paraíso (San Blas - Canillejas)";"1";"AVENIDA";"ARCENTALES";"4";"SAN BLAS-CANILLEJAS";"HELLIN";"28037";"447225";"4475667";"40.42997621103139";"-3.6221773579444596";"/contenido/actividades/CineActividadesAudiovisuales";"/usuario/Familias"
12804853;"Los amores de una rubia";"";"0";"0";"";"";"2025-09-07 00:00:00.0";"2025-09-07 23:59:00.0";"19:00";"Andula trabaja en una fábrica de zapatos en una ciudad industrial decadente de Checoslovaquia. La desproporción de mujeres y hombres hace difícil encontrar pareja y el supervisor intenta solucionarlo haciendo que el ejército asista a un gran baile.  &amp;gt; No recomendada para menores de 18 años    Milo? Forman (1932 ? 2018) fue una de las figuras más destacadas del cine checo de los años sesenta y ganó dos premios Oscar a la mejor dirección y película con Alguien voló sobre el nido del cuco (1976) y Amadeus (1985) tras emigrar a Estados Unidos. Sus padres murieron en campos de concentración durante la Segunda Guerra Mundial. A su término, se educó en un internado y después estudió guion en la FAMU de Praga. Desde su primera película, Pedro, el negro (1963), Forman creó su propio estilo, inspirado por el cinéma vérité y el neorrealismo. A su debut siguió el retrato de una joven infeliz, Los amores de una rubia (1965), que fue nominada al Oscar al Mejor filme internacional. Su segunda nominación a los premios de la Academia la obtuvo con ¡Al fuego, bomberos! (1967), donde denunciaba la incompetencia de la burocracia comunista. Cuando llegó la invasión soviética en 1968, se encontraba en el extranjero trabajando en el guion de su primera película estadounidense. Su mayor éxito crítico y comercial llegó con Alguien voló sobre el nido del cuco (1975), a las que siguieron Hair (1979), Ragtime (1981), El escándalo de Larry Flint (1996) y Man on the Moon (1999), en las que exploraba diferentes aspectos de la cultura y la sociedad estadounidenses.   Premios y festivales Venecia 1965 - Sección oficial Globos de Oro 1967 - Mejor filme internacional Oscars 1967 - Nominada a mejor filme internacional   Idioma: V.O.S.E.    Formato: DCP";"http://www.madrid.es/sites/v/index.jsp?vgnextchannel=ca9671ee4a9eb410VgnVCM100000171f5a0aRCRD&vgnextoid=115d082228d77910VgnVCM1000001d4a900aRCRD";"";"";"http://www.madrid.es/sites/v/index.jsp?vgnextchannel=bfa48ab43d6bb410VgnVCM100000171f5a0aRCRD&vgnextoid=2dbd1fe44c5ee310VgnVCM2000000c205a0aRCRD";"Cineteca Madrid";"1";"PLAZA";"LEGAZPI";"8";"ARGANZUELA";"CHOPERA";"28045";"440946";"4471422";"40.39130985242181";"-3.6958028442054074";"/contenido/actividades/ProgramacionDestacadaAgendaCultura";""
12809317;"Los destellos";"";"1";"0";"";"";"2025-07-25 00:00:00.0";"2025-07-25 23:59:00.0";"22:00";"Dirección: Pilar Palomero.  Con Patricia López Arnaiz, Antonio de la Torre, Marina Guerola.  España 2024. 101?.       La vida de Isabel da un inesperado giro el día en que su hija Madalen le pide que visite regularmente a su padre. Tras quince años alejada de su exmarido, un hombre al que ve como a un desconocido pese a que fueron familia durante años. Sin embargo, al acompañarle en su momento más vulnerable, Isabel conseguirá ver con otros ojos el fracaso que vivieron para centrarse en el presente de su propia vida.     No recomendada para menores de 7 años.";"http://www.madrid.es/sites/v/index.jsp?vgnextchannel=ca9671ee4a9eb410VgnVCM100000171f5a0aRCRD&vgnextoid=fca0e7bbebb97910VgnVCM2000001f4a900aRCRD";"";"";"http://www.madrid.es/sites/v/index.jsp?vgnextchannel=bfa48ab43d6bb410VgnVCM100000171f5a0aRCRD&vgnextoid=598745dbd6891110VgnVCM1000000b205a0aRCRD";"Instalación Deportiva Municipal Básica Parque El Calero";"0";"CALLE";"VIRGEN DE NURIA";"S/N";"CIUDAD LINEAL";"CONCEPCION";"28027";"444643";"4476387";"40.436286671972276";"-3.6526968257803736";"/contenido/actividades/CineActividadesAudiovisuales";""
12809302;"Los exploradores";"";"1";"0";"";"";"2025-07-19 00:00:00.0";"2025-07-19 23:59:00.0";"22:00";"Dirección: Gonzalo Gutiérrez.  Animación. Argentina 2024. 88?.     Sigue a Alfonso, de 11 años, heredero de Don Quijote, y a sus tres conejos imaginarios, a los que se unen Pancho y Victoria. Con el poder de su amistad, salvan su querido pueblo natal en algún lugar de La Mancha de una gran tormenta..     Apta para todos los públicos y especialmente recomendada para la infancia.";"http://www.madrid.es/sites/v/index.jsp?vgnextchannel=ca9671ee4a9eb410VgnVCM100000171f5a0aRCRD&vgnextoid=9cefe7bbebb97910VgnVCM2000001f4a900aRCRD";"";"";"http://www.madrid.es/sites/v/index.jsp?vgnextchannel=bfa48ab43d6bb410VgnVCM100000171f5a0aRCRD&vgnextoid=598745dbd6891110VgnVCM1000000b205a0aRCRD";"Instalación Deportiva Municipal Básica Parque El Calero";"0";"CALLE";"VIRGEN DE NURIA";"S/N";"CIUDAD LINEAL";"CONCEPCION";"28027";"444643";"4476387";"40.436286671972276";"-3.6526968257803736";"/contenido/actividades/CineActividadesAudiovisuales";"/usuario/Niños,/usuario/Familias"
12734870;"Los más pequeños también plantamos";"";"1";"0";"";"";"2025-06-29 00:00:00.0";"2025-06-29 23:59:00.0";"11:00";"";"http://www.madrid.es/sites/v/index.jsp?vgnextchannel=ca9671ee4a9eb410VgnVCM100000171f5a0aRCRD&vgnextoid=619e0b57897d5910VgnVCM1000001d4a900aRCRD";"Los más pequeños también plantamos";"http://www.madrid.es/sites/v/index.jsp?vgnextchannel=ca9671ee4a9eb410VgnVCM100000171f5a0aRCRD&vgnextoid=ea63ef951fa33810VgnVCM1000001d4a900aRCRD";"http://www.madrid.es/sites/v/index.jsp?vgnextchannel=bfa48ab43d6bb410VgnVCM100000171f5a0aRCRD&vgnextoid=796b8193c73c4210VgnVCM1000000b205a0aRCRD";"Centro de Información y Educación Ambiental de El Huerto de El Retiro";"1";"PASEO";"FERNAN NUÑEZ";"2";"RETIRO";"LOS JERONIMOS";"28009";"441779";"4473428";"40.40943503279114";"-3.6861797800993257";"";"/usuario/Niños,/usuario/Familias"
12734868;"Los más pequeños también plantamos";"";"1";"0";"";"";"2025-07-27 00:00:00.0";"2025-07-27 23:59:00.0";"10:00";"";"http://www.madrid.es/sites/v/index.jsp?vgnextchannel=ca9671ee4a9eb410VgnVCM100000171f5a0aRCRD&vgnextoid=ca6e0b57897d5910VgnVCM1000001d4a900aRCRD";"Los más pequeños también plantamos";"http://www.madrid.es/sites/v/index.jsp?vgnextchannel=ca9671ee4a9eb410VgnVCM100000171f5a0aRCRD&vgnextoid=ea63ef951fa33810VgnVCM1000001d4a900aRCRD";"http://www.madrid.es/sites/v/index.jsp?vgnextchannel=bfa48ab43d6bb410VgnVCM100000171f5a0aRCRD&vgnextoid=796b8193c73c4210VgnVCM1000000b205a0aRCRD";"Centro de Información y Educación Ambiental de El Huerto de El Retiro";"1";"PASEO";"FERNAN NUÑEZ";"2";"RETIRO";"LOS JERONIMOS";"28009";"441779";"4473428";"40.40943503279114";"-3.6861797800993257";"";"/usuario/Niños,/usuario/Familias"
12792448;"LOS MEJORES LIBROS DE FOTOGRAFÍA DEL AÑO";"Acceso libre. Vestíbulo de acceso calle Goya";"0";"1";"M,X,J,V,S,D";"";"2025-06-04 00:00:00.0";"2025-07-13 23:59:00.0";"";"";"http://www.madrid.es/sites/v/index.jsp?vgnextchannel=ca9671ee4a9eb410VgnVCM100000171f5a0aRCRD&vgnextoid=743e429854037910VgnVCM1000001d4a900aRCRD";"";"";"http://www.madrid.es/sites/v/index.jsp?vgnextchannel=bfa48ab43d6bb410VgnVCM100000171f5a0aRCRD&vgnextoid=ba663d0b5e71c010VgnVCM1000000b205a0aRCRD";"Fernán Gómez Centro Cultural de la Villa";"1,6";"PLAZA";"COLON";"4";"SALAMANCA";"RECOLETOS";"28001";"441472";"4475155";"40.4249721516942";"-3.689948085098791";"/contenido/actividades/ProgramacionDestacadaAgendaCultura";"/usuario/Familias,/usuario/Mayores"
12345389;"Los misterios ambientales de la calle Bailén";"";"1";"0";"";"";"2025-07-16 00:00:00.0";"2025-07-16 23:59:00.0";"09:30";"Itinerario guiado en el que se interpretará el espacio comprendido entre el actual parque de la Cornisa y la plaza de Oriente. Durante el recorrido se mostrará la transformación verde de la calle de Bailén como laboratorio urbano a partir del derribo de diferentes edificios históricos. Actividad dirigida a público adulto.  Duración estimada: aproximadamente dos horas y media.";"http://www.madrid.es/sites/v/index.jsp?vgnextchannel=ca9671ee4a9eb410VgnVCM100000171f5a0aRCRD&vgnextoid=06e359067b1de810VgnVCM1000001d4a900aRCRD";"Entre historias y jardines";"http://www.madrid.es/sites/v/index.jsp?vgnextchannel=ca9671ee4a9eb410VgnVCM100000171f5a0aRCRD&vgnextoid=bf8b691bdf7ce810VgnVCM1000001d4a900aRCRD";"";"";"";"";"";"";"";"";"";"";"";"";"";"/contenido/actividades/ExcursionesItinerariosVisitas";""
12779910;"Los Piratas - Puente de Vallecas";"";"1";"0";"";"";"2025-07-12 00:00:00.0";"2025-07-12 23:59:00.0";"20:00";"";"http://www.madrid.es/sites/v/index.jsp?vgnextchannel=ca9671ee4a9eb410VgnVCM100000171f5a0aRCRD&vgnextoid=c9c59c96b8fe6910VgnVCM1000001d4a900aRCRD";"Los Piratas";"http://www.madrid.es/sites/v/index.jsp?vgnextchannel=ca9671ee4a9eb410VgnVCM100000171f5a0aRCRD&vgnextoid=adc59c96b8fe6910VgnVCM1000001d4a900aRCRD";"";"";"";"";"";"";"";"";"";"";"";"";"";"/contenido/actividades/1ciudad21distritos";"/usuario/Niños,/usuario/Familias"
12795978;"Los renglones torcidos de Dios";"";"1";"0";"";"";"2025-06-29 00:00:00.0";"2025-06-29 23:59:00.0";"22:00";"Año: 2022  Duración: 154 min País: España Dirección: Oriol Paulo  Género: Intriga. Thriller. Drama | Thriller psicológico. Años 70.  Sinopsis: Alice, investigadora privada, ingresa en un hospital psiquiátrico simulando una paranoia. Su objetivo es recabar pruebas del caso en el que trabaja: la muerte de un interno en circunstancias poco claras. Sin embargo, la realidad a la que se enfrentará en su encierro superará sus expectativas y pondrá en duda su propia cordura. Un mundo desconocido y apasionante se mostrará ante sus ojos. Adaptación de la novela homónima de Torcuato Luca de Tena.  Calificación: No recomendada para menores de dieciséis años.";"http://www.madrid.es/sites/v/index.jsp?vgnextchannel=ca9671ee4a9eb410VgnVCM100000171f5a0aRCRD&vgnextoid=e09eb13186a37910VgnVCM1000001d4a900aRCRD";"Cine de Verano 2025 en Barajas";"http://www.madrid.es/sites/v/index.jsp?vgnextchannel=ca9671ee4a9eb410VgnVCM100000171f5a0aRCRD&vgnextoid=c1c73cd450bd5910VgnVCM1000001d4a900aRCRD";"";"";"";"";"";"";"";"";"";"";"";"";"";"/contenido/actividades/CineActividadesAudiovisuales";""
12793308;"Los Saxos del Averno";"";"1";"0";"";"";"2025-07-12 00:00:00.0";"2025-07-12 23:59:00.0";"22:00";"";"http://www.madrid.es/sites/v/index.jsp?vgnextchannel=ca9671ee4a9eb410VgnVCM100000171f5a0aRCRD&vgnextoid=5f59092e59437910VgnVCM1000001d4a900aRCRD";"Los Saxos del Averno";"http://www.madrid.es/sites/v/index.jsp?vgnextchannel=ca9671ee4a9eb410VgnVCM100000171f5a0aRCRD&vgnextoid=6569092e59437910VgnVCM1000001d4a900aRCRD";"http://www.madrid.es/sites/v/index.jsp?vgnextchannel=bfa48ab43d6bb410VgnVCM100000171f5a0aRCRD&vgnextoid=ac3691cda0d97310VgnVCM2000000c205a0aRCRD";"Parque Forestal de Vicálvaro";"2";"PASEO";"POLIDEPORTIVO";"1";"VICALVARO";"AMBROZ";"28032";"448560";"4473466";"40.41022401774968";"-3.60626801415248";"/contenido/actividades/1ciudad21distritos";""
12787929;"Los tres cerditos";"";"1";"0";"";"";"2025-06-28 00:00:00.0";"2025-06-28 23:59:00.0";"19:30";"Lugar : Parque Redondo, entre calles Alto del León, Puerto de Canencia, Puerto de Cotos y Puerto de Navacerrada.   En la casa de la granja están de fiesta, la mamá cerdita es una mamá trabajadora, es muy activa y nerviosa, va de un lado para otro pues no tiene tiempo de nada. Hoy es el cumple de los tres cerditos y les recrimina que no colaboran nada en las tareas domésticas, alguno hay muy perezoso; ya son mayores de edad y por eso deben de salir de casa y tener una experiencia de vida adulta para asumir sus responsabilidades.  Los tres cerditos salen muy contentos de la granja con las cabezas llenas de ilusiones y las bocas de canciones y recorren los caminos hasta llegar a una nueva tierra donde construyen sus nuevos hogares. Uno de los cerditos construye una preciosa choza de paja, lo hace rápido con lo que dispone de mucho tiempo para jugar y bailar; el segundo de ellos elabora su casa con maderas construyendo una estupenda cabaña, tarda un poquito más pero todavía dispone de mucho tiempo libre para bailar y cantar; el tercero de los hermanos con paciencia y esfuerzo fabrica su casa usando piedras y ladrillos. Los tres cerditos no sabían que en el nuevo país también habita un lobo muy feroz que ha puesto como principal intención en su vida el comerse a los cochinillos, por eso visita la choza del primer cerdito que destruye soplando la paja, luego va a la cabaña de madera del segundo hermanillo que a golpe de soplidos rompe y destroza. Los cerditos han podido escapar y han llegado angustiados a la casa de piedra y ladrillos donde se han refugiado, cuando llega el lobo quiere arrasarla soplando y resoplando, pero no lo consigue pues la casa está reciamente construida.";"http://www.madrid.es/sites/v/index.jsp?vgnextchannel=ca9671ee4a9eb410VgnVCM100000171f5a0aRCRD&vgnextoid=4df8ff4154b17910VgnVCM1000001d4a900aRCRD";"Calle abierta infantil";"http://www.madrid.es/sites/v/index.jsp?vgnextchannel=ca9671ee4a9eb410VgnVCM100000171f5a0aRCRD&vgnextoid=6ef0157f943cf810VgnVCM2000001f4a900aRCRD";"";"";"";"";"";"";"";"";"";"";"";"";"";"/contenido/actividades/ActividadesCalleArteUrbano";"/usuario/Niños"
12782666;"Los tres cerditos - La Estrella (Comunidad Valenciana)";"";"1";"1";"L,M,X,J,V,S,D";"";"2025-08-02 00:00:00.0";"2025-08-03 23:59:00.0";"";"";"http://www.madrid.es/sites/v/index.jsp?vgnextchannel=ca9671ee4a9eb410VgnVCM100000171f5a0aRCRD&vgnextoid=d0b6888dc9cf6910VgnVCM2000001f4a900aRCRD";"";"";"http://www.madrid.es/sites/v/index.jsp?vgnextchannel=bfa48ab43d6bb410VgnVCM100000171f5a0aRCRD&vgnextoid=784d8c7c0f91f010VgnVCM1000000b205a0aRCRD";"Teatro Municipal de Títeres. Parque de El Retiro";"1";"AVENIDA";"MÉXICO";"4";"RETIRO";"LOS JERÓNIMOS";"28009";"441748";"4474466";"40.41878362561595";"-3.6866519471003647";"/contenido/actividades/CuentacuentosTiteresMarionetas";"/usuario/Niños"
12807066;"Los viernes al pop, Crispina y molinilla, Las dos en punto, Sin fecha de caducidad y Fuegos artificiales";"";"1";"0";"";"";"2025-06-29 00:00:00.0";"2025-06-29 23:59:00.0";"";"12:30 horas. Los viernes al Pop:  'Los Viernes al Pop', grupo de la Escuela de Música Isaac Albéniz, presenta un espectáculo fresco y lleno de buenas vibraciones. Con sus pegadizas melodías pop, prometen una actuación inolvidable que pondrá a todos a cantar y moverse al ritmo.  20 horas Crispina y Molinilla:  Música y canciones con arreglos musicales contemporáneos para público infantil. Un proyecto multidisciplinar que sigue las aventuras de dos niñas de ocho años en el mundo de hoy.  Edad recomendada: a partir de 4 años.  21 horas. Las Dos En Punto:  El dúo aúna su pasión por las melodías pop, la canción de autor y los grandes dúos femeninos de la música española, como Vainica Doble, Ella Baila Sola, Mal de Amores o Las Grecas.  22:30 horas Sin Fecha De Caducidad:  El mejor pop rock que nunca pasa de moda. Esta banda de veteranos rinde tributo musical de manera brillante a los grandes clásicos del pop rock de todos los tiempos. Canciones inolvidables en inglés y en castellano.  23:59 horas Fuegos artificiales, lanzamiento desde el auditorio del Parque de las Cruces.";"http://www.madrid.es/sites/v/index.jsp?vgnextchannel=ca9671ee4a9eb410VgnVCM100000171f5a0aRCRD&vgnextoid=44285ea040c87910VgnVCM2000001f4a900aRCRD";"";"";"";"";"";"";"";"";"";"";"";"";"";"";"";"/contenido/actividades/Musica";""
12741546;"Ludoteca de verano 2025";"";"1";"1";"L,M,X,J,V,S,D";"";"2025-06-23 00:00:00.0";"2025-07-31 23:59:00.0";"";"Lugar: Centro Intergeneracional Río Esmeralda (calle Lago Maracaibo, 8, 28018). En la ludoteca se ofrecerán 50 plazas por cada periodo, para menores nacidos entre los años 2013 y 2021, cuyas familias estén empadronadas en el distrito y cuyos padres/tutores se encuentren trabajando o estudiando.   La inscripción es gratuita, realizándose un sorteo en el caso de superar las solicitudes al número de plazas 5 de mayo de 2025, cuyo resultado será publicado en los tablones de los Centros de Servicios Sociales, Centro de Mayores Casa Bulevar y Centro Intergeneracional Río Esmeralda y en madrid.es.    Se abre el proceso de inscripción desde el 10 al 22 de abril para la ludoteca de verano que se realizará en tres periodos desde el día 23 de junio hasta el día 31 de julio de 2025 y se lleva a cabo en el Centro Intergeneracional Río Esmeralda. Es importante revisar el número de solicitud que se le asignará al realizar la inscripción, ya que en los listados de admisión únicamente se indicará el número de dicha solicitud.  La publicación definitiva de las listas de admitidos se realizará el 8 de mayo de 2025, en los mismos centros mencionados.   Periodos:  1.º Periodo: 23 a 27 de junio de 2025. 2.º Periodo: 30 de junio a 15 de julio de 2025.  3.º Periodo: 16 de julio a 31 de julio de 2025.  Las plazas son gratuitas y limitadas, el horario de la ludoteca es de 9 a 13:30 horas y no incluye alimentación, los niños deberán llevar cada día una merienda.    El enlace para acceder al formulario de inscripción es el siguiente: https://forms.gle/QEQQhfMekqkAqn3v8    Para dar información de las actividades que se realizarán en la ludoteca de verano, se convocarán reuniones para las familias que hayan obtenido plaza, los próximos días: 6 y 13 de junio de 2025, según quincena elegida que detallamos a continuación, a las 17:00 horas en el Centro Intergeneracional Río Esmeralda:  2 de junio. 17 horas. 1.º periodo 6 de junio. 17 horas. 2.º periodo 13 de junio. 17 horas. 3.º periodo  Las familias que no puedan asistir a la ludoteca deben renunciar a la plaza, enviando un correo a ludoteca.rioesmeralda@gmail.com con el asunto 'Renuncia'.   Teléfono de contacto: 657 948 066.      Publicación de listados      Se publican los listados de la ludoteca de verano del Centro Intergeneracional Rio Esmeralda.Reunión Informativa de padres: el viernes 6 de junio de 2025 en el Centro Intergeneracional Río Esmeralda a las 17 horas. A la reunión debe asistir un solo padre/madre/tutor por menor.La reunión contará con servicio de ludoteca para los y las menores.Recordamos a las familias que, en caso de no poder asistir a la ludoteca de verano, es necesario que envíen un mensaje con el asunto 'Renuncia' al correo ludoteca.rioesmeralda@gmail.com o al whatsApp 657 948 066.";"http://www.madrid.es/sites/v/index.jsp?vgnextchannel=ca9671ee4a9eb410VgnVCM100000171f5a0aRCRD&vgnextoid=1e386ab5d26f5910VgnVCM2000001f4a900aRCRD";"Actividades en el Centro Intergeneracional Río Esmeralda";"http://www.madrid.es/sites/v/index.jsp?vgnextchannel=ca9671ee4a9eb410VgnVCM100000171f5a0aRCRD&vgnextoid=209713a27b142910VgnVCM2000001f4a900aRCRD";"http://www.madrid.es/sites/v/index.jsp?vgnextchannel=bfa48ab43d6bb410VgnVCM100000171f5a0aRCRD&vgnextoid=e73c49677eab0910VgnVCM1000001d4a900aRCRD";"Centro Intergeneracional Río Esmeralda";"1";"CALLE";"LAGO MARACAIBO";"8";"PUENTE DE VALLECAS";"PORTAZGO";"28018";"444655";"4470494";"40.383202672832304";"-3.6520212485606334";"";""
12337264;"Ludoteca en Centro Cultural  Miguel Hernández";"";"1";"1";"V,S";"";"2024-10-04 00:00:00.0";"2025-06-28 23:59:00.0";"";"Viernes de 17:30 a 20:30 horas y sábados de 10:00 a 13:30 horas. No festivos. Servicio de ludoteca gratuito para niñas y niños de 5 a 12 años (máximo 12 niñas/niños por actividad).. Para información sobre incripciones y actividades dirigirse al Centro Cultural  Miguel Hernández.";"http://www.madrid.es/sites/v/index.jsp?vgnextchannel=ca9671ee4a9eb410VgnVCM100000171f5a0aRCRD&vgnextoid=424529ae67e9e810VgnVCM2000001f4a900aRCRD";"Ludotecas en Centros Culturales distrito de Latina";"http://www.madrid.es/sites/v/index.jsp?vgnextchannel=ca9671ee4a9eb410VgnVCM100000171f5a0aRCRD&vgnextoid=924b00e8cdd9e810VgnVCM2000001f4a900aRCRD";"http://www.madrid.es/sites/v/index.jsp?vgnextchannel=bfa48ab43d6bb410VgnVCM100000171f5a0aRCRD&vgnextoid=420a1e79ee71c010VgnVCM1000000b205a0aRCRD";"Centro Cultural Miguel Hernández (Latina)";"1";"CALLE";"SERRADILLA";"13";"LATINA";"LAS AGUILAS";"28044";"433622";"4470101";"40.378853797128336";"-3.7819616113032115";"";"/usuario/Niños"
12337345;"Ludoteca en Centro Cultural Fernando de los Ríos";"";"1";"1";"V,S";"";"2024-10-04 00:00:00.0";"2025-06-28 23:59:00.0";"";"Viernes de 17:30 a 20:30 horas y sábados de 10:00 a 13:30 horas. No festivos. Servicio de ludoteca gratuito para niñas y niños de 5 a 12 años (máximo 15 niñas/niños por actividad). Más información sobre inscripciones y actividades en Centro Cultural Fernando de los Ríos.";"http://www.madrid.es/sites/v/index.jsp?vgnextchannel=ca9671ee4a9eb410VgnVCM100000171f5a0aRCRD&vgnextoid=c62cdfaf0ae9e810VgnVCM2000001f4a900aRCRD";"Ludotecas en Centros Culturales distrito de Latina";"http://www.madrid.es/sites/v/index.jsp?vgnextchannel=ca9671ee4a9eb410VgnVCM100000171f5a0aRCRD&vgnextoid=924b00e8cdd9e810VgnVCM2000001f4a900aRCRD";"http://www.madrid.es/sites/v/index.jsp?vgnextchannel=bfa48ab43d6bb410VgnVCM100000171f5a0aRCRD&vgnextoid=3d973d0b5e71c010VgnVCM1000000b205a0aRCRD";"Centro Cultural Fernando de los Ríos (Latina)";"1,6";"CALLE";"CAMARENA";"10";"LATINA";"ALUCHE";"28047";"435819";"4471933";"40.39552931214334";"-3.7562667464373223";"";"/usuario/Niños"
12337182;"Ludoteca en Centro Cultural José Luis Sampedro";"";"1";"1";"V,S";"";"2024-10-04 00:00:00.0";"2025-06-28 23:59:00.0";"";"Viernes de 17:30 a 20:30 horas y sábados de 10:00 a 13:30 horas. No festivos. Servicio de ludoteca gratuito para niñas y niños de 5 a 12 años (máximo 10 niñas/niños por actividad). Para más información sobre inscripciones y actividades consultar en Centro Cultural Jose Luis Sampedro.";"http://www.madrid.es/sites/v/index.jsp?vgnextchannel=ca9671ee4a9eb410VgnVCM100000171f5a0aRCRD&vgnextoid=88f129ae67e9e810VgnVCM2000001f4a900aRCRD";"Ludotecas en Centros Culturales distrito de Latina";"http://www.madrid.es/sites/v/index.jsp?vgnextchannel=ca9671ee4a9eb410VgnVCM100000171f5a0aRCRD&vgnextoid=924b00e8cdd9e810VgnVCM2000001f4a900aRCRD";"http://www.madrid.es/sites/v/index.jsp?vgnextchannel=bfa48ab43d6bb410VgnVCM100000171f5a0aRCRD&vgnextoid=bd3fba61e681c010VgnVCM1000000b205a0aRCRD";"Centro Cultural José Luis Sampedro (Latina)";"1";"CALLE";"CASTROSERNA";"4";"LATINA";"LUCERO";"28047";"436432";"4472601";"40.40159394334669";"-3.749110841406562";"";"/usuario/Niños"
12336696;"Ludoteca en Centro Cultural Sara Montiel";"";"1";"1";"V,S";"";"2024-10-04 00:00:00.0";"2025-06-28 23:59:00.0";"";"Viernes de 17:30 a 20:30 horas y sábados de 10:00 a 13:30 horas. No festivos.  Servicio de ludoteca gratuito para niñas y niños de 5 a 12 años (máximo 10 niñas/niños por actividad). Para más información sobre inscripciones y actividades consultar en Centro Cultural Sara Montiel.";"http://www.madrid.es/sites/v/index.jsp?vgnextchannel=ca9671ee4a9eb410VgnVCM100000171f5a0aRCRD&vgnextoid=4f9000e8cdd9e810VgnVCM2000001f4a900aRCRD";"Ludotecas en Centros Culturales distrito de Latina";"http://www.madrid.es/sites/v/index.jsp?vgnextchannel=ca9671ee4a9eb410VgnVCM100000171f5a0aRCRD&vgnextoid=924b00e8cdd9e810VgnVCM2000001f4a900aRCRD";"http://www.madrid.es/sites/v/index.jsp?vgnextchannel=bfa48ab43d6bb410VgnVCM100000171f5a0aRCRD&vgnextoid=c957cbf06c81c010VgnVCM1000000b205a0aRCRD";"Centro Cultural Sara Montiel (Latina)";"1";"CARRETERA";"BOADILLA DEL MONTE";"40";"LATINA";"CAMPAMENTO";"28024";"434222";"4472418";"40.399764677637116";"-3.775144917950534";"";"/usuario/Niños"
12337014;"Ludoteca en Centro Sociocultural Almirante Churruca";"";"1";"1";"V,S";"";"2024-10-04 00:00:00.0";"2025-06-28 23:59:00.0";"";"Viernes de 17:30 a 20:30 horas y sábados de 10:00 a 13:30 horas. No festivos. Servicio de ludoteca gratuito para niñas y niños de 5 a 12 años (máximo 12 niñas/niños por actividad). Más información sobre inscripciones y actividades consultar en Centro Sociocultural Almirante Churruca.";"http://www.madrid.es/sites/v/index.jsp?vgnextchannel=ca9671ee4a9eb410VgnVCM100000171f5a0aRCRD&vgnextoid=eb0e29ae67e9e810VgnVCM2000001f4a900aRCRD";"Ludotecas en Centros Culturales distrito de Latina";"http://www.madrid.es/sites/v/index.jsp?vgnextchannel=ca9671ee4a9eb410VgnVCM100000171f5a0aRCRD&vgnextoid=924b00e8cdd9e810VgnVCM2000001f4a900aRCRD";"http://www.madrid.es/sites/v/index.jsp?vgnextchannel=bfa48ab43d6bb410VgnVCM100000171f5a0aRCRD&vgnextoid=76c43d0b5e71c010VgnVCM1000000b205a0aRCRD";"Centro Sociocultural Almirante Churruca (Latina)";"1";"CALLE";"FUENTE DEL TIRO";"72";"LATINA";"LAS AGUILAS";"28024";"433786";"4470559";"40.3829835905706";"-3.7800890564106613";"";"/usuario/Niños"
12337134;"Ludoteca en Centro Sociocultural El Greco";"";"1";"1";"V,S";"";"2024-10-04 00:00:00.0";"2025-06-28 23:59:00.0";"";"Viernes de 17:30 a 20:30 horas y sábados de 10:00 a 13:30 horas. No festivos. Servicio de ludoteca gratuito para niñas y niños de 5 a 12 años (máximo 8 niñas/niños por actividad). Más información sobre inscripciones y actividades consultar en Centro Socio Cultural El Greco";"http://www.madrid.es/sites/v/index.jsp?vgnextchannel=ca9671ee4a9eb410VgnVCM100000171f5a0aRCRD&vgnextoid=4a5029ae67e9e810VgnVCM2000001f4a900aRCRD";"Ludotecas en Centros Culturales distrito de Latina";"http://www.madrid.es/sites/v/index.jsp?vgnextchannel=ca9671ee4a9eb410VgnVCM100000171f5a0aRCRD&vgnextoid=924b00e8cdd9e810VgnVCM2000001f4a900aRCRD";"http://www.madrid.es/sites/v/index.jsp?vgnextchannel=bfa48ab43d6bb410VgnVCM100000171f5a0aRCRD&vgnextoid=cae2b3e42751c010VgnVCM2000000c205a0aRCRD";"Centro Sociocultural El Greco (Latina)";"1";"CALLE";"EL GRECO";"29";"LATINA";"LUCERO";"28011";"436578";"4473235";"40.407316328180464";"-3.747465416906973";"";"/usuario/Niños"
12337412;"Ludoteca en Centro Sociocultural Rosario Acuña";"";"1";"1";"S";"";"2024-10-05 00:00:00.0";"2025-06-28 23:59:00.0";"";"Sábados, no festivos,  de 10:00 horas a 13:30 horas. Servicio de ludoteca gratuito para niñas y niños de 5 a 12 años (máximo 12 niñas/niños por actividad). Para más información sobre inscripciones y actividades consultar en Centro Sociocultural Rosario Acuña.";"http://www.madrid.es/sites/v/index.jsp?vgnextchannel=ca9671ee4a9eb410VgnVCM100000171f5a0aRCRD&vgnextoid=109ddfaf0ae9e810VgnVCM2000001f4a900aRCRD";"Ludotecas en Centros Culturales distrito de Latina";"http://www.madrid.es/sites/v/index.jsp?vgnextchannel=ca9671ee4a9eb410VgnVCM100000171f5a0aRCRD&vgnextoid=924b00e8cdd9e810VgnVCM2000001f4a900aRCRD";"http://www.madrid.es/sites/v/index.jsp?vgnextchannel=bfa48ab43d6bb410VgnVCM100000171f5a0aRCRD&vgnextoid=2bae598d1351c010VgnVCM1000000b205a0aRCRD";"Centro Sociocultural Rosario de Acuña (Latina)";"1";"CALLE";"MARIA DEL CARMEN";"65";"LATINA";"PUERTA DEL ANGEL";"28011";"437830";"4473132";"40.40647389284976";"-3.7327010920242043";"";"/usuario/Niños"
12354769;"Ludotecas en Centro Sociocultural Latina";"";"1";"1";"S";"";"2024-10-05 00:00:00.0";"2025-06-28 23:59:00.0";"";"Sábados, no festivos,  de 10:00 horas a 13:30 horas. Servicio de ludotecas gratuito para niños y niñas de 5 a 12 años (máximo 12 niños/niñas por actividad). Para más información sobre inscripciones y actividades consultar en Centro Sociocultural Latina.";"http://www.madrid.es/sites/v/index.jsp?vgnextchannel=ca9671ee4a9eb410VgnVCM100000171f5a0aRCRD&vgnextoid=59c61197cb41f810VgnVCM1000001d4a900aRCRD";"Ludotecas en Centros Culturales distrito de Latina";"http://www.madrid.es/sites/v/index.jsp?vgnextchannel=ca9671ee4a9eb410VgnVCM100000171f5a0aRCRD&vgnextoid=924b00e8cdd9e810VgnVCM2000001f4a900aRCRD";"";"";"";"";"";"";"";"";"";"";"";"";"";"";"/usuario/Niños"
12806327;"Macetas autorregantes";"";"1";"0";"";"";"2025-07-26 00:00:00.0";"2025-07-26 23:59:00.0";"11:00";"De 11 a 12:30 horas.  Categoría: Taller de reutilización de materiales. Entrada GRATUITA.  Lugar: Sala de talleres del Centro de Educación Ambiental y Cultural Maris Stella.  Edad: Familias con peques a partir de 3 años (menores acompañados con un adulto). Imprescindible reserva previa.  Sinopsis: ¿Qué hago con mis plantas en verano? Te damos ideas para crear macetas con materiales reutilizados que mantienen húmedas las plantas por más tiempo. Además, te daremos trucos para que tus plantan no sufran la sequía estival.";"http://www.madrid.es/sites/v/index.jsp?vgnextchannel=ca9671ee4a9eb410VgnVCM100000171f5a0aRCRD&vgnextoid=e0b12cee74787910VgnVCM1000001d4a900aRCRD";"Actividades en el Centro de Educación Ambiental y Cultural Maris Stella";"http://www.madrid.es/sites/v/index.jsp?vgnextchannel=ca9671ee4a9eb410VgnVCM100000171f5a0aRCRD&vgnextoid=4e25ce5179e61910VgnVCM1000001d4a900aRCRD";"http://www.madrid.es/sites/v/index.jsp?vgnextchannel=bfa48ab43d6bb410VgnVCM100000171f5a0aRCRD&vgnextoid=85205619bc23d710VgnVCM2000001f4a900aRCRD";"Centro de Educación Ambiental y Cultural Maris Stella (Usera)";"1";"CALLE";"DOCTOR TOLOSA LATOUR";"16";"USERA";"PRADOLONGO";"28026";"440301";"4469524";"40.374166248648216";"-3.7032220308808577";"/contenido/actividades/ItinerariosOtrasActividadesAmbientales";"/usuario/Niños,/usuario/Familias"
12800051;"Madrid Art Déco, 1925: El estilo de una nueva época.";"";"1";"1";"M,X,J,V,S,D";"";"2025-06-06 00:00:00.0";"2025-11-02 23:59:00.0";"00:00";"";"http://www.madrid.es/sites/v/index.jsp?vgnextchannel=ca9671ee4a9eb410VgnVCM100000171f5a0aRCRD&vgnextoid=d2834425f4957910VgnVCM2000001f4a900aRCRD";"Madrid Art Déco, 1925: El estilo de una nueva época.";"http://www.madrid.es/sites/v/index.jsp?vgnextchannel=ca9671ee4a9eb410VgnVCM100000171f5a0aRCRD&vgnextoid=edd1de05f8f37910VgnVCM2000001f4a900aRCRD";"http://www.madrid.es/sites/v/index.jsp?vgnextchannel=bfa48ab43d6bb410VgnVCM100000171f5a0aRCRD&vgnextoid=799aa379ad1a8710VgnVCM2000001f4a900aRCRD";"Salas de exposiciones Conde Duque";"1";"CALLE";"CONDE DUQUE";"9";"CENTRO";"UNIVERSIDAD";"28015";"439635";"4475270";"40.425879483969005";"-3.7116123357920823";"";""
12782730;"Madrid entre libros. 150 años de la Biblioteca Histórica Municipal de Madrid";"";"1";"1";"M,X,J,V,S,D";"2/6/2025;9/6/2025;16/6/2025;23/6/2025;30/6/2025;7/7/2025;14/7/2025;21/7/2025;28/7/2025;25/7/2025;4/8/2025;11/8/2025;15/8/2025;18/8/2025;25/8/2025;1/9/2025;8/9/2025;";"2025-05-29 00:00:00.0";"2025-09-14 23:59:00.0";"10:00";"";"http://www.madrid.es/sites/v/index.jsp?vgnextchannel=ca9671ee4a9eb410VgnVCM100000171f5a0aRCRD&vgnextoid=e4147e4f9dcf6910VgnVCM1000001d4a900aRCRD";"Madrid entre libros. 150 años de la Biblioteca Histórica Municipal de Madrid";"http://www.madrid.es/sites/v/index.jsp?vgnextchannel=ca9671ee4a9eb410VgnVCM100000171f5a0aRCRD&vgnextoid=8d52d9881b725910VgnVCM2000001f4a900aRCRD";"http://www.madrid.es/sites/v/index.jsp?vgnextchannel=bfa48ab43d6bb410VgnVCM100000171f5a0aRCRD&vgnextoid=799aa379ad1a8710VgnVCM2000001f4a900aRCRD";"Salas de exposiciones Conde Duque";"1";"CALLE";"CONDE DUQUE";"9";"CENTRO";"UNIVERSIDAD";"28015";"439635";"4475270";"40.425879483969005";"-3.7116123357920823";"/contenido/actividades/Exposiciones";""
12543620;"Madrid Río Tramo II. Del Puente de Toledo a los Puentes Gemelos de Invernadero y Matadero";"";"1";"0";"";"";"2025-08-20 00:00:00.0";"2025-08-20 23:59:00.0";"19:30";"";"http://www.madrid.es/sites/v/index.jsp?vgnextchannel=ca9671ee4a9eb410VgnVCM100000171f5a0aRCRD&vgnextoid=f231dc8e0ec42910VgnVCM2000001f4a900aRCRD";"Madrid Río Tramo II. Del Puente de Toledo a los Puentes Gemelos de Invernadero y Matadero";"http://www.madrid.es/sites/v/index.jsp?vgnextchannel=ca9671ee4a9eb410VgnVCM100000171f5a0aRCRD&vgnextoid=9fcbb45c7a87d810VgnVCM2000001f4a900aRCRD";"";"";"";"";"";"";"";"";"";"";"";"";"";"/contenido/actividades/ExcursionesItinerariosVisitas";""
12543619;"Madrid Río Tramo II. Del Puente de Toledo a los Puentes Gemelos de Invernadero y Matadero";"";"1";"0";"";"";"2025-08-03 00:00:00.0";"2025-08-03 23:59:00.0";"19:30";"";"http://www.madrid.es/sites/v/index.jsp?vgnextchannel=ca9671ee4a9eb410VgnVCM100000171f5a0aRCRD&vgnextoid=70d0dc8e0ec42910VgnVCM2000001f4a900aRCRD";"Madrid Río Tramo II. Del Puente de Toledo a los Puentes Gemelos de Invernadero y Matadero";"http://www.madrid.es/sites/v/index.jsp?vgnextchannel=ca9671ee4a9eb410VgnVCM100000171f5a0aRCRD&vgnextoid=9fcbb45c7a87d810VgnVCM2000001f4a900aRCRD";"";"";"";"";"";"";"";"";"";"";"";"";"";"/contenido/actividades/ExcursionesItinerariosVisitas";""
12578989;"Madrid, Musa de las Letras";"Entrada libre. ";"0";"1";"M,X,J,V,S,D";"";"2023-04-15 00:00:00.0";"2025-12-31 23:59:00.0";"";"";"http://www.madrid.es/sites/v/index.jsp?vgnextchannel=ca9671ee4a9eb410VgnVCM100000171f5a0aRCRD&vgnextoid=594444afb09f2910VgnVCM1000001d4a900aRCRD";"";"";"http://www.madrid.es/sites/v/index.jsp?vgnextchannel=bfa48ab43d6bb410VgnVCM100000171f5a0aRCRD&vgnextoid=c3c0f13cd18a0810VgnVCM1000001d4a900aRCRD";"Espacio Cultural Serrería Belga";"1";"CALLE";"ALAMEDA";"15";"CENTRO";"CORTES";"28014";"441134";"4473558";"40.4105673503608";"-3.6937819843413373";"/contenido/actividades/RecitalesPresentacionesActosLiterarios";"/usuario/Familias"
12402310;"Madrid, villa y coche. Tramo I";"";"1";"0";"";"";"2025-09-17 00:00:00.0";"2025-09-17 23:59:00.0";"10:00";"Itinerario por el Madrid renacentista y barroco desde la plaza de la Villa hasta la Puerta del Sol para conocer el cambio urbano de la ciudad en función del avance de los medios de transporte. De la silla de manos al tranvía de mulas. Destinado a público adulto (mayores de 18 años).  Duración estimada: dos horas y media. Actividad programada con motivo de la Semana Europea de la Movilidad.";"http://www.madrid.es/sites/v/index.jsp?vgnextchannel=ca9671ee4a9eb410VgnVCM100000171f5a0aRCRD&vgnextoid=7c7bd9a1fe930910VgnVCM2000001f4a900aRCRD";"Entre historias y jardines";"http://www.madrid.es/sites/v/index.jsp?vgnextchannel=ca9671ee4a9eb410VgnVCM100000171f5a0aRCRD&vgnextoid=bf8b691bdf7ce810VgnVCM1000001d4a900aRCRD";"";"";"";"";"";"";"";"";"";"";"";"";"";"/contenido/actividades/ExcursionesItinerariosVisitas";""
12402318;"Madrid, villa y coche. Tramo II";"";"1";"0";"";"";"2025-09-19 00:00:00.0";"2025-09-19 23:59:00.0";"10:00";"Itinerario por el Madrid de la primera mitad del siglo XX desde la plaza de Cibeles hasta la plaza de Santo Domingo para conocer los cambios urbanísticos más profundos de la ciudad relacionados con la aparición y desarrollo del automóvil.  Destinado a público adulto (mayor de 18 años).  Duración estimada: aproximadamente dos horas y media. Actividad programada con motivo de la Semana Europea de la Movilidad.";"http://www.madrid.es/sites/v/index.jsp?vgnextchannel=ca9671ee4a9eb410VgnVCM100000171f5a0aRCRD&vgnextoid=244dd9a1fe930910VgnVCM2000001f4a900aRCRD";"Entre historias y jardines";"http://www.madrid.es/sites/v/index.jsp?vgnextchannel=ca9671ee4a9eb410VgnVCM100000171f5a0aRCRD&vgnextoid=bf8b691bdf7ce810VgnVCM1000001d4a900aRCRD";"";"";"";"";"";"";"";"";"";"";"";"";"";"/contenido/actividades/ExcursionesItinerariosVisitas";""
12622046;"Madrileñas Ilustres: Rosario de Acuña (1850-1923)";"";"1";"1";"L,M,X,J,V";"24/12/2024;25/12/2024;30/12/2024;31/12/2024;1/1/2025;6/1/2025;15/5/2025;1/5/2025;2/5/2025;17/4/2025;18/4/2025;";"2024-12-13 00:00:00.0";"2025-06-30 23:59:00.0";"";"";"http://www.madrid.es/sites/v/index.jsp?vgnextchannel=ca9671ee4a9eb410VgnVCM100000171f5a0aRCRD&vgnextoid=a77f8f6c914d3910VgnVCM1000001d4a900aRCRD";"Madrileñas Ilustres: Rosario de Acuña (1850-1923)";"http://www.madrid.es/sites/v/index.jsp?vgnextchannel=ca9671ee4a9eb410VgnVCM100000171f5a0aRCRD&vgnextoid=10c7abcbbe3d3910VgnVCM1000001d4a900aRCRD";"http://www.madrid.es/sites/v/index.jsp?vgnextchannel=bfa48ab43d6bb410VgnVCM100000171f5a0aRCRD&vgnextoid=ccbc3d0b5e71c010VgnVCM1000000b205a0aRCRD";"Biblioteca Histórica Municipal";"1,6";"CALLE";"CONDE DUQUE";"9";"CENTRO";"UNIVERSIDAD";"28015";"439723";"4475437";"40.42737760210632";"-3.7106116887809817";"/contenido/actividades/Exposiciones";""
12803141;"Manthan (La agitación)";"";"0";"0";"";"";"2025-09-03 00:00:00.0";"2025-09-03 23:59:00.0";"20:00";"Manthan narra la historia del Dr. Rao, un veterinario que llega a un pueblo para iniciar un movimiento cooperativo lechero. Al desafiar las estructuras de poder feudales, la resistencia de los aldeanos gradualmente se convierte en cooperación, destacando el poder transformador de la acción colectiva. Dirigida por Shyam Benegal, la película explora el cambio social a través del lente de la revolución lechera en la India. Restaurada por Film Heritage Foundation en Prasad Corporation Pvt. Ltd.?s Post ? Studios, Chennai, y en el laboratorio L?Immagine Ritrovata, en colaboración con Gujarat Co-operative Milk Marketing Federation Ltd. (AMUL), el director de fotografía Govind Nihalani y el director Shyam Benegal.";"http://www.madrid.es/sites/v/index.jsp?vgnextchannel=ca9671ee4a9eb410VgnVCM100000171f5a0aRCRD&vgnextoid=9e5c0061f2967910VgnVCM1000001d4a900aRCRD";"";"";"http://www.madrid.es/sites/v/index.jsp?vgnextchannel=bfa48ab43d6bb410VgnVCM100000171f5a0aRCRD&vgnextoid=2dbd1fe44c5ee310VgnVCM2000000c205a0aRCRD";"Cineteca Madrid";"1";"PLAZA";"LEGAZPI";"8";"ARGANZUELA";"CHOPERA";"28045";"440946";"4471422";"40.39130985242181";"-3.6958028442054074";"/contenido/actividades/ProgramacionDestacadaAgendaCultura";""
12795781;"Manu Sija";"";"1";"0";"";"";"2025-06-28 00:00:00.0";"2025-06-28 23:59:00.0";"19:00";"Es uno de los referentes más innovadores del jazz contemporáneo en Sudamérica. Multi Instrumentista autodidacta y compositor con un enfoque visceral de la improvisación, fusiona el lenguaje del jazz moderno con el folclore argentino y la experimentación electrónica en vivo.";"http://www.madrid.es/sites/v/index.jsp?vgnextchannel=ca9671ee4a9eb410VgnVCM100000171f5a0aRCRD&vgnextoid=4fb4640a9e937910VgnVCM2000001f4a900aRCRD";"Actividades en el Centro Cultural Fuente de San Pedro - Valderrivas";"http://www.madrid.es/sites/v/index.jsp?vgnextchannel=ca9671ee4a9eb410VgnVCM100000171f5a0aRCRD&vgnextoid=11dc1050085a4910VgnVCM1000001d4a900aRCRD";"http://www.madrid.es/sites/v/index.jsp?vgnextchannel=bfa48ab43d6bb410VgnVCM100000171f5a0aRCRD&vgnextoid=67d82728d0f1c810VgnVCM2000001f4a900aRCRD";"Centro Cultural Fuente de San Pedro - Valderrivas (Vicálvaro)";"1";"CALLE";"TITANIO";"5";"VICALVARO";"VALDERRIVAS";"28032";"448965";"4472570";"40.40218085880392";"-3.60141148450391";"/contenido/actividades/Musica/JazzSoulFunkySwingReagge";""
12792586;"Mañanas sin cole, biblioteca a tope";"";"1";"0";"";"";"2025-06-27 00:00:00.0";"2025-06-27 23:59:00.0";"10:00";"";"http://www.madrid.es/sites/v/index.jsp?vgnextchannel=ca9671ee4a9eb410VgnVCM100000171f5a0aRCRD&vgnextoid=d02319f894037910VgnVCM2000001f4a900aRCRD";"";"";"http://www.madrid.es/sites/v/index.jsp?vgnextchannel=bfa48ab43d6bb410VgnVCM100000171f5a0aRCRD&vgnextoid=f05279262ef5d010VgnVCM1000000b205a0aRCRD";"Biblioteca Pública Municipal Francisco Ayala (Vicálvaro)";"1,6";"BULEVAR";"INDALECIO PRIETO";"21";"VICALVARO";"VALDEBERNARDO";"28032";"447278";"4472321";"40.39982891410407";"-3.621281890570377";"/contenido/actividades/CursosTalleres";"/usuario/Jovenes,/usuario/Niños"
12780043;"Marca páginas con tintes naturales";"";"1";"0";"";"";"2025-07-11 00:00:00.0";"2025-07-11 23:59:00.0";"11:00";"Horario: de 11 a 12:30 horas.  Edad: familias con peques a partir de 6 años (menores acompañados con un adulto). Imprescindible reserva previa.  Sinopsis: Ven a descubrir cómo podemos crear acuarelas caseras a partir de diferentes vegetales que tenemos en casa. Con ellas elaboraremos marca páginas botánicos para que no pierdas el hilo en tus apasionantes lecturas.";"http://www.madrid.es/sites/v/index.jsp?vgnextchannel=ca9671ee4a9eb410VgnVCM100000171f5a0aRCRD&vgnextoid=646bc81d8c1f6910VgnVCM2000001f4a900aRCRD";"Actividades en el Centro de Educación Ambiental y Cultural Maris Stella";"http://www.madrid.es/sites/v/index.jsp?vgnextchannel=ca9671ee4a9eb410VgnVCM100000171f5a0aRCRD&vgnextoid=4e25ce5179e61910VgnVCM1000001d4a900aRCRD";"http://www.madrid.es/sites/v/index.jsp?vgnextchannel=bfa48ab43d6bb410VgnVCM100000171f5a0aRCRD&vgnextoid=85205619bc23d710VgnVCM2000001f4a900aRCRD";"Centro de Educación Ambiental y Cultural Maris Stella (Usera)";"1";"CALLE";"DOCTOR TOLOSA LATOUR";"16";"USERA";"PRADOLONGO";"28026";"440301";"4469524";"40.374166248648216";"-3.7032220308808577";"/contenido/actividades/CursosTalleres";"/usuario/Niños,/usuario/Familias"
12793056;"Marcha nórdica";"";"1";"1";"L,M,X,J";"";"2025-06-01 00:00:00.0";"2025-09-30 23:59:00.0";"10:00";"Salidas desde el Centro Cultura Galileo Para mayores de 16 años Iniciación: lunes y miércoles de 10 a 11.30h Avanzado: martes y jueves de 10 a 11.30h Inscripciones hasta completar aforo en el enlace   Durante los meses de julio y agosto no se programarán estas actividades Más información: 691 077 760 / 915 913 901";"http://www.madrid.es/sites/v/index.jsp?vgnextchannel=ca9671ee4a9eb410VgnVCM100000171f5a0aRCRD&vgnextoid=a984f80bf1137910VgnVCM1000001d4a900aRCRD";"Actividades de verano en el Distrito de Chamberí";"http://www.madrid.es/sites/v/index.jsp?vgnextchannel=ca9671ee4a9eb410VgnVCM100000171f5a0aRCRD&vgnextoid=a9d769ea76117910VgnVCM1000001d4a900aRCRD";"http://www.madrid.es/sites/v/index.jsp?vgnextchannel=bfa48ab43d6bb410VgnVCM100000171f5a0aRCRD&vgnextoid=30181e79ee71c010VgnVCM1000000b205a0aRCRD";"Centro Cultural Galileo (Chamberí)";"1";"CALLE";"GALILEO";"39";"CHAMBERI";"ARAPILES";"28015";"439741";"4476139";"40.433719454283505";"-3.7104468992841753";"/contenido/actividades/TeatroPerformance";""
12763696;"Marcha Nórdica";"";"1";"1";"L,M,X,J";"1/5/2025;15/5/2025;";"2025-05-01 00:00:00.0";"2025-06-30 23:59:00.0";"10:00";"Salidas desde el Centro Cultura Galileo Para mayores de 16 años Iniciación: lunes y miércoles de 10 a 11.30h Avanzado: martes y jueves de 10 a 11.30h Inscripciones hasta completar aforo a través del código QR:      Más información: 691 077 760 / 915 913 901";"http://www.madrid.es/sites/v/index.jsp?vgnextchannel=ca9671ee4a9eb410VgnVCM100000171f5a0aRCRD&vgnextoid=dd88d1fe5a086910VgnVCM2000001f4a900aRCRD";"Programación Cultural Chamberí";"http://www.madrid.es/sites/v/index.jsp?vgnextchannel=ca9671ee4a9eb410VgnVCM100000171f5a0aRCRD&vgnextoid=5ea6daba65bc4910VgnVCM1000001d4a900aRCRD";"http://www.madrid.es/sites/v/index.jsp?vgnextchannel=bfa48ab43d6bb410VgnVCM100000171f5a0aRCRD&vgnextoid=30181e79ee71c010VgnVCM1000000b205a0aRCRD";"Centro Cultural Galileo (Chamberí)";"1";"CALLE";"GALILEO";"39";"CHAMBERI";"ARAPILES";"28015";"439741";"4476139";"40.433719454283505";"-3.7104468992841753";"/contenido/actividades/ActividadesDeportivas";""
12809351;"Marco";"";"1";"0";"";"";"2025-08-01 00:00:00.0";"2025-08-01 23:59:00.0";"22:00";"Dirección: Aitor Arregi, Jon Garaño.  Con Eduard Fernández, Nathalie Poza, Daniela Brown.  España 2024. 98?.       El sindicalista español Enric Marco, Secretario General de la CNT y Presidente de la Amical de Mauthausen de España, dio un gran número de charlas sobre su falsa vivencia como superviviente de los campos nazis.     No recomendada para menores de 12 años.";"http://www.madrid.es/sites/v/index.jsp?vgnextchannel=ca9671ee4a9eb410VgnVCM100000171f5a0aRCRD&vgnextoid=6992e7bbebb97910VgnVCM2000001f4a900aRCRD";"";"";"http://www.madrid.es/sites/v/index.jsp?vgnextchannel=bfa48ab43d6bb410VgnVCM100000171f5a0aRCRD&vgnextoid=598745dbd6891110VgnVCM1000000b205a0aRCRD";"Instalación Deportiva Municipal Básica Parque El Calero";"0";"CALLE";"VIRGEN DE NURIA";"S/N";"CIUDAD LINEAL";"CONCEPCION";"28027";"444643";"4476387";"40.436286671972276";"-3.6526968257803736";"/contenido/actividades/CineActividadesAudiovisuales";""
12802230;"Marcos Bartolomé y Jorge Castañeda";"";"1";"0";"";"";"2025-07-25 00:00:00.0";"2025-07-25 23:59:00.0";"20:30";"";"http://www.madrid.es/sites/v/index.jsp?vgnextchannel=ca9671ee4a9eb410VgnVCM100000171f5a0aRCRD&vgnextoid=72231a1ba2467910VgnVCM1000001d4a900aRCRD";"";"";"";"";"";"";"";"";"";"";"";"";"";"";"";"/contenido/actividades/Musica";""
12804303;"María Montessori";"";"1";"0";"";"";"2025-06-25 00:00:00.0";"2025-06-25 23:59:00.0";"22:00";"Duración: 96 min.  Dirección: Léa Todorov.  Sinopsis: París, año 1900. Lili d?Alency es una popular cortesana que esconde un secreto. Su hija Tina nació con una discapacidad y la mantiene alejada para proteger su carrera y su reputación. Pero el día que se ve obligada a tener que cuidar de ella, Lili decide marcharse a Roma para comenzar una nueva vida. Allí conoce a María Montessori, una doctora que está desarrollando un revolucionario método educativo para trabajar con los llamados ?niños deficientes? y que años después se convertirá en una de las pedagogías mejor valoradas en todo el mundo: el ?Método Montessori?.  Público: mayor de 7 años.  Entrada libre hasta completar aforo.";"http://www.madrid.es/sites/v/index.jsp?vgnextchannel=ca9671ee4a9eb410VgnVCM100000171f5a0aRCRD&vgnextoid=54f45de1ee977910VgnVCM1000001d4a900aRCRD";"Verano de cine Retiro 2025";"http://www.madrid.es/sites/v/index.jsp?vgnextchannel=ca9671ee4a9eb410VgnVCM100000171f5a0aRCRD&vgnextoid=cdac62ae0c4a1810VgnVCM1000001d4a900aRCRD";"http://www.madrid.es/sites/v/index.jsp?vgnextchannel=bfa48ab43d6bb410VgnVCM100000171f5a0aRCRD&vgnextoid=675e280d37e2e210VgnVCM1000000b205a0aRCRD";"Parque Roma";"2";"CALLE";"JUAN ESPLANDIU";"4";"RETIRO";"ESTRELLA";"28007";"443786";"4474188";"40.41641041087398";"-3.662606100328213";"/contenido/actividades/CineActividadesAudiovisuales";""
12784843;"Martirio &amp; Chano Domínguez";"Entradas: 10  euros";"0";"0";"";"";"2025-07-03 00:00:00.0";"2025-07-03 23:59:00.0";"19:30";"'Desde siempre, la música ha sido clasificada por etiquetas estilísticas y comerciales, incluso para asistir a un concierto había que ir vestido de etiqueta? Las etiquetas, tanto las de cartón ('pieza de cartón que se coloca en una mercancía para identificación, valoración, clasificación') como las calificadoras ('calificación estereotipada y simplificadora'), siempre se han impuesto a la música, limitando muchísimo la libertad de los creadores al obligarlos a clasificar su 'mercancía' de la manera más exacta posible. Pero, curiosamente, una de las cualidades más importantes de la música es precisamente su enorme capacidad de mezclarse, adaptarse o nutrirse de diferentes estilos, épocas, culturas a través de diferentes timbres, armonías, etc. Hace tiempo que esta obsesión 'clasificadora' se está desmoronando gracias a los infinitos proyectos de música de fusión que han abierto un sinfín de puertas a la innovación y creatividad artística, ya plenamente aceptados por la audiencia. Con este ciclo de conciertos, pretendemos añadir un espacio nuevo para la 'música sin etiquetas', necesario tanto para los artistas como para el público'. Andreas Prittwitz, comisario del ciclo Sinetiq  03.07.2025, 19:30 h  Martirio &amp;amp; Chano Domínguez  Canciones de nuestra vida         Martirio, voz Chano Domínguez, piano                                                                         No es fácil hablar de Martirio y Chano Domínguez cuando se juntan haciendo música: en cada nota, en cada compás, la fusión de sus estilos nos sorprende y emociona. La copla se mezcla con el jazz, el flamenco con lo clásico, lo contemporáneo de nuevo con la copla, las improvisaciones de Chano nos llevan a explorar territorios sonoros inesperados... Llevan muchos años compartiendo escenario sin perder ni un ápice de la ilusión que tenemos los que nos dedicamos a la música. Juntos, Martirio y Chano nos regalan una experiencia única, donde la música fluye con libertad y cada concierto es una obra irrepetible.  Martirio, reconocida por su estilo único que fusiona copla andaluza, flamenco, bolero, jazz y música latina, inició su carrera con los grupos Jarcha y Veneno, y en 1986 comenzó su camino en solitario, destacando por su imagen icónica con gafas de sol y peineta, y un enfoque innovador de la música tradicional. Con más de 30 años de carrera, ha publicado discos como Estoy mala, Coplas de madrugá y Primavera en Nueva York, ha colaborado con artistas como Chavela Vargas, Compay Segundo, Lila Downs y Miguel Poveda, y ha explorado también el cine, teatro y televisión. Entre sus numerosos premios destacan el Premio Nacional de las Músicas Actuales (2016), la Medalla de Oro al Mérito en las Bellas Artes (2019) y el Premio AIE a Toda una Vida (2023). Su trabajo ha sido clave para acercar la copla y la música iberoamericana a nuevas generaciones, siempre con libertad creativa y una actitud transgresora.  Chano Domínguez (Cádiz, 1960) es un pianista español reconocido internacionalmente por su fusión innovadora de jazz y flamenco. Comenzó su carrera en el rock progresivo con el grupo Cai, y más tarde se consolidó como una figura clave del jazz flamenco, combinando la armonía del jazz con la rítmica y el alma del flamenco. Ha colaborado con grandes artistas como Paco de Lucía, Martirio, Wynton Marsalis y Herbie Hancock, y ha actuado en escenarios de todo el mundo. En 2020 recibió el Premio Nacional de las Músicas Actuales por su aportación única a la música contemporánea.";"http://www.madrid.es/sites/v/index.jsp?vgnextchannel=ca9671ee4a9eb410VgnVCM100000171f5a0aRCRD&vgnextoid=91db727588017910VgnVCM1000001d4a900aRCRD";"Sinetiq. Música sin etiquetas";"http://www.madrid.es/sites/v/index.jsp?vgnextchannel=ca9671ee4a9eb410VgnVCM100000171f5a0aRCRD&vgnextoid=d19d69ea76117910VgnVCM1000001d4a900aRCRD";"http://www.madrid.es/sites/v/index.jsp?vgnextchannel=bfa48ab43d6bb410VgnVCM100000171f5a0aRCRD&vgnextoid=5ff519cd7bcee210VgnVCM1000000b205a0aRCRD";"CentroCentro";"1";"PLAZA";"CIBELES";"1";"RETIRO";"LOS JERONIMOS";"28014";"441277";"4474496";"40.41902261618159";"-3.692188193693138";"/contenido/actividades/ProgramacionDestacadaAgendaCultura";""
12782365;"Más allá del Olimpo: Arte y Mitología";"";"1";"1";"L,M,X,J,V,S,D";"";"2025-06-04 00:00:00.0";"2025-06-30 23:59:00.0";"";"";"http://www.madrid.es/sites/v/index.jsp?vgnextchannel=ca9671ee4a9eb410VgnVCM100000171f5a0aRCRD&vgnextoid=26e5a17ab4cf6910VgnVCM2000001f4a900aRCRD";"La Carpa Escultura";"http://www.madrid.es/sites/v/index.jsp?vgnextchannel=ca9671ee4a9eb410VgnVCM100000171f5a0aRCRD&vgnextoid=4d39378d0f47e810VgnVCM2000001f4a900aRCRD";"http://www.madrid.es/sites/v/index.jsp?vgnextchannel=bfa48ab43d6bb410VgnVCM100000171f5a0aRCRD&vgnextoid=b44d7516db16c610VgnVCM2000001f4a900aRCRD";"Sala de Exposiciones Maruja Mallo (Retiro)";"1,4,5";"PLAZA";"DAOIZ Y VELARDE";"2";"RETIRO";"PACIFICO";"28007";"442527";"4472618";"40.402190438836826";"-3.6772826298329093";"/contenido/actividades/Exposiciones";""
12803143;"Maya Miriga (El espejismo)";"";"0";"0";"";"";"2025-09-04 00:00:00.0";"2025-09-04 23:59:00.0";"20:00";"Ambientada en una pequeña ciudad de Odisha, Maya Miriga retrata la desintegración gradual de una familia conjunta de clase media mientras las normas sociales cambiantes desafían los valores tradicionales. A través de interpretaciones sutiles y una banda sonora evocadora, Nirad Mohapatra captura la silenciosa desesperación de individuos que buscan autonomía dentro de los lazos familiares.  Restaurada por Film Heritage Foundation en el laboratorio L?Immagine Ritrovata, con la restauración digital realizada por Digital Film Restore Pvt. Ltd. y escaneado en los estudios Prasad Corporation Pvt. Ltd.?s Post - Studios, en colaboración con la familia del director Nirad Mohapatra. Financiada por Film Heritage Foundation";"http://www.madrid.es/sites/v/index.jsp?vgnextchannel=ca9671ee4a9eb410VgnVCM100000171f5a0aRCRD&vgnextoid=496c0061f2967910VgnVCM1000001d4a900aRCRD";"";"";"http://www.madrid.es/sites/v/index.jsp?vgnextchannel=bfa48ab43d6bb410VgnVCM100000171f5a0aRCRD&vgnextoid=2dbd1fe44c5ee310VgnVCM2000000c205a0aRCRD";"Cineteca Madrid";"1";"PLAZA";"LEGAZPI";"8";"ARGANZUELA";"CHOPERA";"28045";"440946";"4471422";"40.39130985242181";"-3.6958028442054074";"/contenido/actividades/ProgramacionDestacadaAgendaCultura";""
12809126;"Mediateca";"";"1";"1";"M,X,J,V";"";"2025-07-01 00:00:00.0";"2025-07-31 23:59:00.0";"";"¡Disfruta del verano con nuestras actividades para jóvenes! Desde el Centro Intergeneracional Río Esmeralda te invitamos a participar en una propuesta llena de creatividad, deporte, cultura y diversión. Durante las tardes de julio, hemos preparado una variada programación para que los jóvenes puedan compartir, expresarse y pasarlo en grande en un entorno seguro y fresco (¡aulas con aire acondicionado!). Actividades gratuitas. Dirigido a jóvenes de 10 a 13 años y de 14 a 18 años. De martes al viernes, de 16 a 18 horas.  Inscripciones: https://forms.gle/wXwX62p8TAdBCEXV7  Fechas por semanas:  Semana 1: del 1 al 4 de julio Semana 2: del 8 al 11 de julio Semana 3: del 15 al 18 de julio Semana 4: del 22 al 25 de julio Semana 5: del 29 al 31 de julio  Actividades destacadas:  Juegos de raquetas Torneo de futbolín Videojuegos (PlayStation) Juegos de mesa Cine con palomitas Talleres de cocina: sabor y creatividad Música y ambiente Talleres creativos y artísticos Iniciación al graffiti Salida a la piscina Salida cultural  ¡Te esperamos para vivir un verano lleno de experiencias únicas!";"http://www.madrid.es/sites/v/index.jsp?vgnextchannel=ca9671ee4a9eb410VgnVCM100000171f5a0aRCRD&vgnextoid=896241fef4a97910VgnVCM1000001d4a900aRCRD";"Actividades en el Centro Intergeneracional Río Esmeralda";"http://www.madrid.es/sites/v/index.jsp?vgnextchannel=ca9671ee4a9eb410VgnVCM100000171f5a0aRCRD&vgnextoid=209713a27b142910VgnVCM2000001f4a900aRCRD";"http://www.madrid.es/sites/v/index.jsp?vgnextchannel=bfa48ab43d6bb410VgnVCM100000171f5a0aRCRD&vgnextoid=e73c49677eab0910VgnVCM1000001d4a900aRCRD";"Centro Intergeneracional Río Esmeralda";"1";"CALLE";"LAGO MARACAIBO";"8";"PUENTE DE VALLECAS";"PORTAZGO";"28018";"444655";"4470494";"40.383202672832304";"-3.6520212485606334";"/contenido/actividades/ActividadesCalleArteUrbano";""
12804230;"Medievalitis";"";"1";"0";"";"";"2025-07-12 00:00:00.0";"2025-07-12 23:59:00.0";"12:00";"";"http://www.madrid.es/sites/v/index.jsp?vgnextchannel=ca9671ee4a9eb410VgnVCM100000171f5a0aRCRD&vgnextoid=525da9afce877910VgnVCM2000001f4a900aRCRD";"";"";"http://www.madrid.es/sites/v/index.jsp?vgnextchannel=bfa48ab43d6bb410VgnVCM100000171f5a0aRCRD&vgnextoid=35e53d0b5e71c010VgnVCM1000000b205a0aRCRD";"Centro Cultural Casa de Vacas (Retiro)";"1";"PASEO";"COLOMBIA";"1";"RETIRO";"LOS JERONIMOS";"28009";"441967";"4474495";"40.41906571939961";"-3.684053112760816";"/contenido/actividades/Musica";"/usuario/Niños,/usuario/Familias"
12804877;"Melancolía";"";"0";"0";"";"";"2025-09-28 00:00:00.0";"2025-09-28 23:59:00.0";"20:30";"Justine y Michael dan una suntuosa fiesta para celebrar su boda en casa de la hermana de la novia y de su marido. Mientras tanto, el planeta Melancholia avanza hacia la Tierra...";"http://www.madrid.es/sites/v/index.jsp?vgnextchannel=ca9671ee4a9eb410VgnVCM100000171f5a0aRCRD&vgnextoid=812e082228d77910VgnVCM1000001d4a900aRCRD";"";"";"http://www.madrid.es/sites/v/index.jsp?vgnextchannel=bfa48ab43d6bb410VgnVCM100000171f5a0aRCRD&vgnextoid=2dbd1fe44c5ee310VgnVCM2000000c205a0aRCRD";"Cineteca Madrid";"1";"PLAZA";"LEGAZPI";"8";"ARGANZUELA";"CHOPERA";"28045";"440946";"4471422";"40.39130985242181";"-3.6958028442054074";"/contenido/actividades/ProgramacionDestacadaAgendaCultura";""
12762853;"Menudas piezas (2024) dirigida por Nacho G. Velilla";"";"1";"0";"";"";"2025-07-25 00:00:00.0";"2025-07-25 23:59:00.0";"22:00";"Candela cometió el error de pensar que el ascensor social solo funciona en una dirección, la de subida. Y ahora, tras un traumático e inesperado divorcio, pierde su trabajo en un colegio de élite. Por eso Candela tiene que volver al barrio del que salió y pedir ayuda a su hermana y su padre, esos a los que lleva años mirando por encima del hombro. Es hora de recolocar las piezas en el tablero, empezar de cero y buscar una segunda oportunidad.  Lugar: Instalación Mercadillo c/ del Gorrión (Vicente Quesada, 11)  Género: Comedia  Edad recomendada: No recomendada para menores de 12 años  Duración: 98 minutos";"http://www.madrid.es/sites/v/index.jsp?vgnextchannel=ca9671ee4a9eb410VgnVCM100000171f5a0aRCRD&vgnextoid=f395cd0e24b76910VgnVCM1000001d4a900aRCRD";"Cine de verano 2025 en Carabanchel";"http://www.madrid.es/sites/v/index.jsp?vgnextchannel=ca9671ee4a9eb410VgnVCM100000171f5a0aRCRD&vgnextoid=e8a2cd0e24b76910VgnVCM1000001d4a900aRCRD";"";"";"";"";"";"";"";"";"";"";"";"";"";"/contenido/actividades/CineActividadesAudiovisuales";""
12406037;"Mercadea en los mercadillos. Barajas - Calle Ayerbe";"";"1";"0";"";"";"2025-06-28 00:00:00.0";"2025-06-28 23:59:00.0";"09:30";"Nos acercamos a los mercadillos municipales para informar a la población sobre los residuos que generamos en nuestras casas. Este día estaremos en el distrito de Barajas, en el mercadillo de la Calle Ayerbe. ¿Has tenido alguna vez dudas sobre donde depositar un residuo? ¿Te has fijado en los nuevos contenedores de textil repartidos por la ciudad? ¿Quieres saber por qué es importante depositar correctamente nuestra ropa?  Visítanos en el mercadillo, si separas bien te llevas un regalo. Estaremos en el mercadillo de 9:30 a 13:30 horas.";"http://www.madrid.es/sites/v/index.jsp?vgnextchannel=ca9671ee4a9eb410VgnVCM100000171f5a0aRCRD&vgnextoid=2027135937850910VgnVCM2000001f4a900aRCRD";"Mercadea en los mercadillos";"http://www.madrid.es/sites/v/index.jsp?vgnextchannel=ca9671ee4a9eb410VgnVCM100000171f5a0aRCRD&vgnextoid=6531135937850910VgnVCM2000001f4a900aRCRD";"";"";"";"";"";"";"";"";"";"";"";"";"";"/contenido/actividades/ActividadesCalleArteUrbano";""
12739453;"Mercadea en los mercadillos. Carabanchel - Vía Lusitana";"";"1";"0";"";"";"2025-08-21 00:00:00.0";"2025-08-21 23:59:00.0";"09:30";"Nos acercamos a los mercadillos municipales para informar a la población sobre los residuos que generamos en nuestras casas. Este día estaremos en el distrito de Carabanchel, en Vía Lusitana (calle Vía Lusitana, 28025). ¿Has tenido alguna vez dudas sobre donde depositar un residuo? ¿Te has fijado en los nuevos contenedores de textil repartidos por la ciudad? ¿Quieres saber por qué es importante depositar correctamente nuestra ropa?  Visítanos en el mercadillo, si separas bien te llevas un regalo. Estaremos en el mercadillo de 9:30 a 13:30 horas.";"http://www.madrid.es/sites/v/index.jsp?vgnextchannel=ca9671ee4a9eb410VgnVCM100000171f5a0aRCRD&vgnextoid=d61d8033b11f5910VgnVCM2000001f4a900aRCRD";"Mercadea en los mercadillos";"http://www.madrid.es/sites/v/index.jsp?vgnextchannel=ca9671ee4a9eb410VgnVCM100000171f5a0aRCRD&vgnextoid=6531135937850910VgnVCM2000001f4a900aRCRD";"";"";"";"";"";"";"";"";"";"";"";"";"";"/contenido/actividades/ActividadesCalleArteUrbano";""
12406024;"Mercadea en los mercadillos. Hortaleza - UVA Hortaleza";"";"1";"0";"";"";"2025-07-13 00:00:00.0";"2025-07-13 23:59:00.0";"09:30";"Nos acercamos a los mercadillos municipales para informar a la población sobre los residuos que generamos en nuestras casas. Este día estaremos en el distrito de Hortaleza, en el mercadillo de UVA Hortaleza. ¿Has tenido alguna vez dudas sobre donde depositar un residuo? ¿Te has fijado en los nuevos contenedores de textil repartidos por la ciudad? ¿Quieres saber por qué es importante depositar correctamente nuestra ropa?  Visítanos en el mercadillo, si separas bien te llevas un regalo. Estaremos en el mercadillo de 9:30 a 13:30 horas.";"http://www.madrid.es/sites/v/index.jsp?vgnextchannel=ca9671ee4a9eb410VgnVCM100000171f5a0aRCRD&vgnextoid=a215135937850910VgnVCM2000001f4a900aRCRD";"Mercadea en los mercadillos";"http://www.madrid.es/sites/v/index.jsp?vgnextchannel=ca9671ee4a9eb410VgnVCM100000171f5a0aRCRD&vgnextoid=6531135937850910VgnVCM2000001f4a900aRCRD";"";"";"";"";"";"";"";"";"";"";"";"";"";"/contenido/actividades/ActividadesCalleArteUrbano";""
12739454;"Mercadea en los mercadillos. Puente de Vallecas - Roda del Sur";"";"1";"0";"";"";"2025-08-31 00:00:00.0";"2025-08-31 23:59:00.0";"09:30";"Nos acercamos a los mercadillos municipales para informar a la población sobre los residuos que generamos en nuestras casas. Este día estaremos en el distrito de Puente de Vallecas, en Ronda del Sur (Ronda del Sur, 28053). ¿Has tenido alguna vez dudas sobre donde depositar un residuo? ¿Te has fijado en los nuevos contenedores de textil repartidos por la ciudad? ¿Quieres saber por qué es importante depositar correctamente nuestra ropa?  Visítanos en el mercadillo, si separas bien te llevas un regalo. Estaremos en el mercadillo de 9:30 a 13:30 horas.";"http://www.madrid.es/sites/v/index.jsp?vgnextchannel=ca9671ee4a9eb410VgnVCM100000171f5a0aRCRD&vgnextoid=e36d8033b11f5910VgnVCM2000001f4a900aRCRD";"Mercadea en los mercadillos";"http://www.madrid.es/sites/v/index.jsp?vgnextchannel=ca9671ee4a9eb410VgnVCM100000171f5a0aRCRD&vgnextoid=6531135937850910VgnVCM2000001f4a900aRCRD";"";"";"";"";"";"";"";"";"";"";"";"";"";"/contenido/actividades/ActividadesCalleArteUrbano";""
12406046;"Mercadea en los mercadillos. Usera - Orcasur";"";"1";"0";"";"";"2025-08-02 00:00:00.0";"2025-08-02 23:59:00.0";"09:30";"Nos acercamos a los mercadillos municipales para informar a la población sobre los residuos que generamos en nuestras casas. Este día estaremos en el distrito de Usera, en el mercadillo de Orcasur. ¿Has tenido alguna vez dudas sobre donde depositar un residuo? ¿Te has fijado en los nuevos contenedores de textil repartidos por la ciudad? ¿Quieres saber por qué es importante depositar correctamente nuestra ropa?  Visítanos en el mercadillo, si separas bien te llevas un regalo. Estaremos en el mercadillo de 9:30 a 13:30 horas.";"http://www.madrid.es/sites/v/index.jsp?vgnextchannel=ca9671ee4a9eb410VgnVCM100000171f5a0aRCRD&vgnextoid=b49d84804c850910VgnVCM2000001f4a900aRCRD";"Mercadea en los mercadillos";"http://www.madrid.es/sites/v/index.jsp?vgnextchannel=ca9671ee4a9eb410VgnVCM100000171f5a0aRCRD&vgnextoid=6531135937850910VgnVCM2000001f4a900aRCRD";"";"";"";"";"";"";"";"";"";"";"";"";"";"/contenido/actividades/ActividadesCalleArteUrbano";""
12739455;"Mercadea en los mercadillos. Villaverde - San Cristóbal";"";"1";"0";"";"";"2025-09-04 00:00:00.0";"2025-09-04 23:59:00.0";"09:30";"Nos acercamos a los mercadillos municipales para informar a la población sobre los residuos que generamos en nuestras casas. Este día estaremos en el distrito de Villaverde, en San Cristóbal (Buriasot, 28021). ¿Has tenido alguna vez dudas sobre donde depositar un residuo? ¿Te has fijado en los nuevos contenedores de textil repartidos por la ciudad? ¿Quieres saber por qué es importante depositar correctamente nuestra ropa?  Visítanos en el mercadillo, si separas bien te llevas un regalo. Estaremos en el mercadillo de 9:30 a 13:30 horas.";"http://www.madrid.es/sites/v/index.jsp?vgnextchannel=ca9671ee4a9eb410VgnVCM100000171f5a0aRCRD&vgnextoid=6a8d8033b11f5910VgnVCM2000001f4a900aRCRD";"Mercadea en los mercadillos";"http://www.madrid.es/sites/v/index.jsp?vgnextchannel=ca9671ee4a9eb410VgnVCM100000171f5a0aRCRD&vgnextoid=6531135937850910VgnVCM2000001f4a900aRCRD";"";"";"";"";"";"";"";"";"";"";"";"";"";"/contenido/actividades/ActividadesCalleArteUrbano";""
12796036;"Mi soledad tiene alas";"";"1";"0";"";"";"2025-07-13 00:00:00.0";"2025-07-13 23:59:00.0";"22:00";"Año: 2023  Duración: 97 min  País: España  Dirección: Mario Casas  Género: Drama | Cine quinqui. Robos &amp;amp; Atracos. Adolescencia. Amistad.  Sinopsis: En un barrio humilde a las afueras de Barcelona, Dan (Óscar Casas) y sus dos amigos, Vio (Candela González) y Reno (Farid Bechara), viven sin pensar en el mañana, entre fiestas y dando palos a joyerías. Detrás de su apariencia de pequeño delincuente, Dan esconde un artista con talento, y una sensibilidad distinta al mundo que le rodea. La reaparición de su padre, tras salir de la cárcel, despierta los viejos demonios de Dan, sumergiéndolo en una espiral de violencia que le obliga a huir y pone a prueba la amistad entre los tres amigos.  Calificación: No recomendada para menores de dieciséis años.";"http://www.madrid.es/sites/v/index.jsp?vgnextchannel=ca9671ee4a9eb410VgnVCM100000171f5a0aRCRD&vgnextoid=48d80f9109a37910VgnVCM1000001d4a900aRCRD";"Cine de Verano 2025 en Barajas";"http://www.madrid.es/sites/v/index.jsp?vgnextchannel=ca9671ee4a9eb410VgnVCM100000171f5a0aRCRD&vgnextoid=c1c73cd450bd5910VgnVCM1000001d4a900aRCRD";"";"";"";"";"";"";"";"";"";"";"";"";"";"/contenido/actividades/CineActividadesAudiovisuales";""
12776604;"Mi vida, mi música - Vicalvaro";"";"1";"0";"";"";"2025-07-05 00:00:00.0";"2025-07-05 23:59:00.0";"22:00";"";"http://www.madrid.es/sites/v/index.jsp?vgnextchannel=ca9671ee4a9eb410VgnVCM100000171f5a0aRCRD&vgnextoid=0e4dea7854fc6910VgnVCM1000001d4a900aRCRD";"";"";"";"";"";"";"";"";"";"";"";"";"";"";"";"/contenido/actividades/1ciudad21distritos";""
12796028;"Migración un viaje patas arriba";"";"1";"0";"";"";"2025-07-12 00:00:00.0";"2025-07-12 23:59:00.0";"22:00";"Año: 2023  Duración: 82 min  País: Estados Unidos  Dirección: Benjamin Renner, Guy-Laurent Homsy  Género: Animación. Aventuras. Comedia | Aves/Pájaros. Cine familiar.  Sinopsis: La familia Mallard, acostumbrada a la tranquilidad de su estanque en Nueva Inglaterra, se enfrenta a una gran aventura cuando Pam convence a Mack de que es hora de explorar el mundo. Inspirados por una familia de patos migratorios, emprenden un viaje hacia Jamaica, con escala en Nueva York. Sin embargo, lo que debía ser una travesía idílica se convierte en una serie de desafíos inesperados. A lo largo del camino, descubrirán nuevos horizontes, harán amistades insólitas y vivirán experiencias que les cambiarán para siempre. Más que un simple viaje, será una oportunidad para conocerse mejor y redefinir el significado de estar juntos.  Calificación: Apta para todos los públicos (especialmente recomendada para la infancia).";"http://www.madrid.es/sites/v/index.jsp?vgnextchannel=ca9671ee4a9eb410VgnVCM100000171f5a0aRCRD&vgnextoid=3967b13186a37910VgnVCM1000001d4a900aRCRD";"Cine de Verano 2025 en Barajas";"http://www.madrid.es/sites/v/index.jsp?vgnextchannel=ca9671ee4a9eb410VgnVCM100000171f5a0aRCRD&vgnextoid=c1c73cd450bd5910VgnVCM1000001d4a900aRCRD";"";"";"";"";"";"";"";"";"";"";"";"";"";"/contenido/actividades/CineActividadesAudiovisuales";"/usuario/Niños"
12784447;"Miradas Sin Género: El arte del Autismo";"";"1";"1";"L,M,X,J,V,S,D";"";"2025-06-11 00:00:00.0";"2025-07-03 23:59:00.0";"";"Exposiicón de fotografía, pintura y escultura INAUGURACIÓN JUEVES 12 DE JUNIO 19:00 HORASArtista: Charlie Farigola Artista cubano. Autista. Con un estilo artístico neopop. Trabaja distintas disciplinas artísticas , lo cual refleja en esta exposición";"http://www.madrid.es/sites/v/index.jsp?vgnextchannel=ca9671ee4a9eb410VgnVCM100000171f5a0aRCRD&vgnextoid=161e76ef83c07910VgnVCM1000001d4a900aRCRD";"Actividades en el Espacio Cultural Núñez de Balboa";"http://www.madrid.es/sites/v/index.jsp?vgnextchannel=ca9671ee4a9eb410VgnVCM100000171f5a0aRCRD&vgnextoid=27bbf1a88e873810VgnVCM2000001f4a900aRCRD";"http://www.madrid.es/sites/v/index.jsp?vgnextchannel=bfa48ab43d6bb410VgnVCM100000171f5a0aRCRD&vgnextoid=aab225880cd6e710VgnVCM2000001f4a900aRCRD";"Espacio Cultural Núñez de Balboa, 40 (Salamanca)";"1";"CALLE";"NUÑEZ DE BALBOA";"40";"SALAMANCA";"RECOLETOS";"28001";"442103";"4475356";"40.426826159507435";"-3.6825349481985135";"/contenido/actividades/Exposiciones";""
12802228;"Miryam Latrece Trío";"";"1";"0";"";"";"2025-07-11 00:00:00.0";"2025-07-11 23:59:00.0";"20:30";"";"http://www.madrid.es/sites/v/index.jsp?vgnextchannel=ca9671ee4a9eb410VgnVCM100000171f5a0aRCRD&vgnextoid=67131a1ba2467910VgnVCM1000001d4a900aRCRD";"";"";"";"";"";"";"";"";"";"";"";"";"";"";"";"/contenido/actividades/Musica";""
12806763;"Misericordia";"";"1";"0";"";"";"2025-08-14 00:00:00.0";"2025-08-14 23:59:00.0";"22:15";"De Alain Guiraudie. Con Féliz Kysyl, Katherine Frot, Jackes Develay. Francia 2024. 104?.   No recomendada para menores de 16 años.    Jérémie regresa a su pueblo natal para asistir al funeral de Jean-Pierre, antiguo jefe suyo. Ha decidido quedarse unos días en casa de Martine, su viuda. Pero una misteriosa desaparición, un vecino amenazante y un extraño sacerdote van a hacer que la en principio breve y tranquila estancia de Jérémie tome un giro inesperado.";"http://www.madrid.es/sites/v/index.jsp?vgnextchannel=ca9671ee4a9eb410VgnVCM100000171f5a0aRCRD&vgnextoid=6db8aa003c787910VgnVCM2000001f4a900aRCRD";"Ciclo Los sábados de cine. Primavera 2025";"http://www.madrid.es/sites/v/index.jsp?vgnextchannel=ca9671ee4a9eb410VgnVCM100000171f5a0aRCRD&vgnextoid=c0de900069495910VgnVCM2000001f4a900aRCRD";"http://www.madrid.es/sites/v/index.jsp?vgnextchannel=bfa48ab43d6bb410VgnVCM100000171f5a0aRCRD&vgnextoid=a395946be351c010VgnVCM2000000c205a0aRCRD";"Centro Cultural Auditorio Parque El Paraíso (San Blas - Canillejas)";"1";"AVENIDA";"ARCENTALES";"4";"SAN BLAS-CANILLEJAS";"HELLIN";"28037";"447225";"4475667";"40.42997621103139";"-3.6221773579444596";"/contenido/actividades/CineActividadesAudiovisuales";""
12811817;"Misericordia";"";"1";"0";"";"";"2025-07-04 00:00:00.0";"2025-07-04 23:59:00.0";"22:15";"Jérémie regresa a su pueblo natal para asistir al funeral de Jean-Pierre, antiguo jefe suyo. Ha decidido quedarse unos días en casa de Martine, su viuda. Pero una misteriosa desaparición, un vecino amenazante y un extraño sacerdote van a hacer que la en principio breve y tranquila estancia de Jérémie tome un giro inesperado. Recomendado para mayores de 16 años.  Lugar: patio del Centro Sociocultural Alberto Sánchez.";"http://www.madrid.es/sites/v/index.jsp?vgnextchannel=ca9671ee4a9eb410VgnVCM100000171f5a0aRCRD&vgnextoid=068c1cc4df6a7910VgnVCM2000001f4a900aRCRD";"";"";"http://www.madrid.es/sites/v/index.jsp?vgnextchannel=bfa48ab43d6bb410VgnVCM100000171f5a0aRCRD&vgnextoid=20a43d0b5e71c010VgnVCM1000000b205a0aRCRD";"Centro Sociocultural Alberto Sánchez (Puente de Vallecas)";"1";"CALLE";"RISCO DE PELOCHE";"14";"PUENTE DE VALLECAS";"NUMANCIA";"28038";"444360";"4471652";"40.393619022093546";"-3.6556016835101834";"/contenido/actividades/ActividadesCalleArteUrbano";""
12785530;"Moisés Sánchez. Más allá de Beethoven";"";"0";"0";"";"";"2025-09-11 00:00:00.0";"2025-09-11 23:59:00.0";"19:30";"";"http://www.madrid.es/sites/v/index.jsp?vgnextchannel=ca9671ee4a9eb410VgnVCM100000171f5a0aRCRD&vgnextoid=3fe607f005117910VgnVCM2000001f4a900aRCRD";"";"";"http://www.madrid.es/sites/v/index.jsp?vgnextchannel=bfa48ab43d6bb410VgnVCM100000171f5a0aRCRD&vgnextoid=5ff519cd7bcee210VgnVCM1000000b205a0aRCRD";"CentroCentro";"1";"PLAZA";"CIBELES";"1";"RETIRO";"LOS JERONIMOS";"28014";"441277";"4474496";"40.41902261618159";"-3.692188193693138";"/contenido/actividades/ProgramacionDestacadaAgendaCultura";""
12800079;"Motus";"";"0";"0";"";"";"2025-08-28 00:00:00.0";"2025-08-28 23:59:00.0";"21:30";"";"http://www.madrid.es/sites/v/index.jsp?vgnextchannel=ca9671ee4a9eb410VgnVCM100000171f5a0aRCRD&vgnextoid=9b30ba98e7957910VgnVCM1000001d4a900aRCRD";"";"";"http://www.madrid.es/sites/v/index.jsp?vgnextchannel=bfa48ab43d6bb410VgnVCM100000171f5a0aRCRD&vgnextoid=784d8c7c0f91f010VgnVCM1000000b205a0aRCRD";"Teatro Municipal de Títeres. Parque de El Retiro";"1";"AVENIDA";"MÉXICO";"4";"RETIRO";"LOS JERÓNIMOS";"28009";"441748";"4474466";"40.41878362561595";"-3.6866519471003647";"/contenido/actividades/CuentacuentosTiteresMarionetas";"/usuario/Familias"
12790682;"Muestra de sevillanas, flamenco y teatro";"";"1";"0";"";"";"2025-06-27 00:00:00.0";"2025-06-27 23:59:00.0";"12:00";"12 y 17:30 horas. A partir de 6 años.  Por la mañana el alumnado del centro nos ofrecerá una muestra de sevillanas y ?amenco, a partir de las 12:00 horas. Y por la tarde será el turno del alumnado de teatro. A las 17:30, muestra de teatro infantil y a las 19:00 muestra de teatro por el alumnado adulto.  En ambas citas el público disfrutará de esta muestra que pone el broche de oro al curso.";"http://www.madrid.es/sites/v/index.jsp?vgnextchannel=ca9671ee4a9eb410VgnVCM100000171f5a0aRCRD&vgnextoid=35874e5f94027910VgnVCM2000001f4a900aRCRD";"Actividades en el Centro Cultural Carril del Conde";"http://www.madrid.es/sites/v/index.jsp?vgnextchannel=ca9671ee4a9eb410VgnVCM100000171f5a0aRCRD&vgnextoid=4dc76ed8d8a75610VgnVCM2000001f4a900aRCRD";"http://www.madrid.es/sites/v/index.jsp?vgnextchannel=bfa48ab43d6bb410VgnVCM100000171f5a0aRCRD&vgnextoid=66a7cbf06c81c010VgnVCM1000000b205a0aRCRD";"Centro Cultural Carril del Conde (Hortaleza)";"1";"CALLE";"CARRIL DEL CONDE";"57";"HORTALEZA";"CANILLAS";"28043";"444520";"4479119";"40.46089499555313";"-3.654366821391548";"/contenido/actividades/DanzaBaile";""
12772741;"Muestra del Libro Infantil y Juvenil Biblioteca Francisco Ayala";"";"1";"1";"L,M,X,J,V";"";"2025-06-19 00:00:00.0";"2025-07-02 23:59:00.0";"";"La 40ª edición de la Muestra del Libro Infantil y Juvenil recoge una selección de 220 reseñas de obras publicadas entre enero y diciembre de 2024, así como un breve resumen de cada uno de los títulos, donde queda expuesto el argumento y las características más reseñables. Las obras están clasificadas por edades: 'Para los más pequeños', 'A partir de 6 años', 'A partir de 9 años', 'A partir de 12 años' y 'Para jóvenes' y, en cada uno de estos tramos, por géneros, intentando ser un reflejo del panorama actual de la literatura infantil y juvenil y buscando siempre la mayor variedad posible. La selección de títulos y redacción de la obra ha sido fruto del trabajo de bibliotecarios, docentes y especialistas en literatura infantil y juvenil. También han colaborado, de manera desinteresada, un buen número de editoriales especializadas en este ámbito de la literatura. Entrada libre hasta completar aforo.";"http://www.madrid.es/sites/v/index.jsp?vgnextchannel=ca9671ee4a9eb410VgnVCM100000171f5a0aRCRD&vgnextoid=e498a22a4d4b6910VgnVCM2000001f4a900aRCRD";"Muestra del Libro Infantil y Juvenil";"http://www.madrid.es/sites/v/index.jsp?vgnextchannel=ca9671ee4a9eb410VgnVCM100000171f5a0aRCRD&vgnextoid=6774aa6ad84b6910VgnVCM2000001f4a900aRCRD";"http://www.madrid.es/sites/v/index.jsp?vgnextchannel=bfa48ab43d6bb410VgnVCM100000171f5a0aRCRD&vgnextoid=f05279262ef5d010VgnVCM1000000b205a0aRCRD";"Biblioteca Pública Municipal Francisco Ayala (Vicálvaro)";"1,6";"BULEVAR";"INDALECIO PRIETO";"21";"VICALVARO";"VALDEBERNARDO";"28032";"447278";"4472321";"40.39982891410407";"-3.621281890570377";"/contenido/actividades/Exposiciones";"/usuario/Jovenes,/usuario/Niños,/usuario/Familias"
12772576;"Muestra del Libro Infantil y Juvenil Biblioteca María Zambrano";"";"1";"1";"L,M,X,J,V";"";"2025-09-18 00:00:00.0";"2025-10-01 23:59:00.0";"";"La 40ª edición de la Muestra del Libro Infantil y Juvenil recoge una selección de 220 reseñas de obras publicadas entre enero y diciembre de 2024, así como un breve resumen de cada uno de los títulos, donde queda expuesto el argumento y las características más reseñables. Las obras están clasificadas por edades: 'Para los más pequeños', 'A partir de 6 años', 'A partir de 9 años', 'A partir de 12 años' y 'Para jóvenes' y, en cada uno de estos tramos, por géneros, intentando ser un reflejo del panorama actual de la literatura infantil y juvenil y buscando siempre la mayor variedad posible. La selección de títulos y redacción de la obra ha sido fruto del trabajo de bibliotecarios, docentes y especialistas en literatura infantil y juvenil. También han colaborado, de manera desinteresada, un buen número de editoriales especializadas en este ámbito de la literatura. Además, con motivo de esta muestra, se celebrará un cuentacuentos especial en la biblioteca, cuyos detalles publicaremos próximamente.";"http://www.madrid.es/sites/v/index.jsp?vgnextchannel=ca9671ee4a9eb410VgnVCM100000171f5a0aRCRD&vgnextoid=e796aa6ad84b6910VgnVCM2000001f4a900aRCRD";"Muestra del Libro Infantil y Juvenil";"http://www.madrid.es/sites/v/index.jsp?vgnextchannel=ca9671ee4a9eb410VgnVCM100000171f5a0aRCRD&vgnextoid=6774aa6ad84b6910VgnVCM2000001f4a900aRCRD";"http://www.madrid.es/sites/v/index.jsp?vgnextchannel=bfa48ab43d6bb410VgnVCM100000171f5a0aRCRD&vgnextoid=74703d0b5e71c010VgnVCM1000000b205a0aRCRD";"Biblioteca Pública Municipal María Zambrano (Tetuán)";"1,6";"PLAZA";"DONOSO";"5";"TETUAN";"ALMENARA";"28029";"440857";"4480052";"40.46903299144094";"-3.6976620067964996";"/contenido/actividades/Exposiciones";"/usuario/Jovenes,/usuario/Niños,/usuario/Familias"
12805985;"Mural Colaborativo con Circo Diverso";"";"1";"0";"";"";"2025-06-28 00:00:00.0";"2025-06-28 23:59:00.0";"20:30";"";"http://www.madrid.es/sites/v/index.jsp?vgnextchannel=ca9671ee4a9eb410VgnVCM100000171f5a0aRCRD&vgnextoid=90e1f7bdc2587910VgnVCM1000001d4a900aRCRD";"Mural Colaborativo con Circo Diverso";"http://www.madrid.es/sites/v/index.jsp?vgnextchannel=ca9671ee4a9eb410VgnVCM100000171f5a0aRCRD&vgnextoid=03e1f7bdc2587910VgnVCM1000001d4a900aRCRD";"";"";"";"";"";"";"";"";"";"";"";"";"";"/contenido/actividades/1ciudad21distritos";""
12805171;"Música con arcilla";"";"1";"0";"";"";"2025-07-13 00:00:00.0";"2025-07-13 23:59:00.0";"20:00";"Lugar: Parque de Salvador Allende  Compañía: Arcaduz Cerámica  Actividad: Creación de instrumentos musicales (silbatos, ocarinas o flautas) con arcilla. Explicación del mecanismo de producción del sonido y Construcción de la pieza, silbato, ocarina o flauta con arcilla roja. En ella se pueden realizar incisiones, relieves, dar distintas formas a la cámara de resonancia. Dejemos a la creatividad que juegue.";"http://www.madrid.es/sites/v/index.jsp?vgnextchannel=ca9671ee4a9eb410VgnVCM100000171f5a0aRCRD&vgnextoid=50ab1a2c8c187910VgnVCM1000001d4a900aRCRD";"";"";"http://www.madrid.es/sites/v/index.jsp?vgnextchannel=bfa48ab43d6bb410VgnVCM100000171f5a0aRCRD&vgnextoid=7cfaa531dcf9e210VgnVCM2000000c205a0aRCRD";"Parque de Salvador Allende";"2";"CALLE";"SALVADOR ALLENDE";"3";"CARABANCHEL";"BUENAVISTA";"28054";"435693";"4468472";"40.364341448699825";"-3.757402071835875";"/contenido/actividades/CursosTalleres";""
12803577;"Música en los Jardines de El Retiro";"";"1";"0";"";"";"2025-08-14 00:00:00.0";"2025-08-14 23:59:00.0";"20:00";"El siglo XIX es un siglo definitivo en el asentamiento de nuevas fórmulas de ocio entre los madrileños. Desde su apertura al público general en 1868, los jardines del Buen Retiro han funcionado como contexto de desarrollo para nuevas formas de socializar donde la música ha jugado un papel protagonista. A lo largo de este recorrido revisaremos eventos musicales y protagonistas que con su impronta, han ayudado a perfilar la personalidad del parque a lo largo de los siglos. Edad recomendada: dirigido a público adulto.  Duración estimada: aproximadamente dos horas.";"http://www.madrid.es/sites/v/index.jsp?vgnextchannel=ca9671ee4a9eb410VgnVCM100000171f5a0aRCRD&vgnextoid=e1e42407bb777910VgnVCM2000001f4a900aRCRD";"Itinerarios guiados a la luz de la luna";"http://www.madrid.es/sites/v/index.jsp?vgnextchannel=ca9671ee4a9eb410VgnVCM100000171f5a0aRCRD&vgnextoid=af532407bb777910VgnVCM2000001f4a900aRCRD";"http://www.madrid.es/sites/v/index.jsp?vgnextchannel=bfa48ab43d6bb410VgnVCM100000171f5a0aRCRD&vgnextoid=796b8193c73c4210VgnVCM1000000b205a0aRCRD";"Centro de Información y Educación Ambiental de El Huerto de El Retiro";"1";"PASEO";"FERNAN NUÑEZ";"2";"RETIRO";"LOS JERONIMOS";"28009";"441779";"4473428";"40.40943503279114";"-3.6861797800993257";"";""
12801864;"Música y taller: 'Taller de juegos, instrumentos, inventiva y folclore infantil'.";"";"1";"0";"";"";"2025-07-24 00:00:00.0";"2025-07-24 23:59:00.0";"20:00";"Se trata de un concierto, pero también se trata de una sesión práctica de cómo tocar cucharas y sartenes. Se trata de un cuentacuentos donde Parra contará historias de bramaderas, lobos y pastores, a la vez que se trata de un taller donde construiremos algunos instrumentos tradicionales sencillos. Duración: 60 minutos. Edad recomendada: todos los públicos.";"http://www.madrid.es/sites/v/index.jsp?vgnextchannel=ca9671ee4a9eb410VgnVCM100000171f5a0aRCRD&vgnextoid=9dd97c18cc367910VgnVCM2000001f4a900aRCRD";"";"";"";"";"";"";"";"";"";"";"";"";"";"";"";"";""
12788049;"MÚSICA. Kaskivania Producciones presenta 'Con zarzuela y recitando'";"";"1";"0";"";"";"2025-06-28 00:00:00.0";"2025-06-28 23:59:00.0";"19:00";"Este espectáculo surge con la sana ambición de aunar dos de las más hermosas disciplinas artísticas: la zarzuela y el teatro de texto. Con ese fin, se cantan y recitan escenas de zarzuelas cuidadosamente seleccionadas de grandes nombres como Sorozábal, Barbieri, Guridi? Todo esto con tres profesionales de calidad: Mariel Peralta (actriz), Daniel Huerta (tenor) y José Ramón Echezarreta (pianista).  Duración:  60 minutos.";"http://www.madrid.es/sites/v/index.jsp?vgnextchannel=ca9671ee4a9eb410VgnVCM100000171f5a0aRCRD&vgnextoid=6d82d00b46b17910VgnVCM1000001d4a900aRCRD";"Actividades en el centro cultural Príncipe de Asturias";"http://www.madrid.es/sites/v/index.jsp?vgnextchannel=ca9671ee4a9eb410VgnVCM100000171f5a0aRCRD&vgnextoid=512a7bd17e517910VgnVCM2000001f4a900aRCRD";"http://www.madrid.es/sites/v/index.jsp?vgnextchannel=bfa48ab43d6bb410VgnVCM100000171f5a0aRCRD&vgnextoid=d1ca1e79ee71c010VgnVCM1000000b205a0aRCRD";"Centro Cultural Príncipe de Asturias (Ciudad Lineal)";"1,5,6";"CALLE";"HERMANOS GARCIA NOBLEJAS";"14";"CIUDAD LINEAL";"PUEBLO NUEVO";"28037";"445948";"4476395";"40.43644651057092";"-3.6372924261150033";"/contenido/actividades/Musica";""
12783415;"Mysterious Skin";"";"0";"0";"";"";"2025-06-29 00:00:00.0";"2025-06-29 23:59:00.0";"20:30";"En 1981, Brian tenía ocho años y estaba sentado en el banquillo durante un partido de la liga juvenil de béisbol. Cinco horas después despierta en el sótano de su casa con una hemorragia nasal y sin recuerdos. Brian moja la cama y tiene pesadillas, también inventa: fue abducido por extraterrestres. Y pasa el tiempo, Brian llega a la adolescencia, torpe, acomplejado y entregado a la causa OVNI, también Neil, su compañero de infancia, se ha hecho mayor. Neil es la antítesis de Brian, él es sexy, jugador estrella y experto en juegos con hombres adultos con los que nunca se compromete. Mientras Brian encuentra en Avalyn Friesen, una discapacitada obsesionada con sus experiencias en la tercera fase, la posibilidad de asumir sus experiencias inhibidas, Neil huye a nueva York a rozar el lado peligroso.  &amp;gt; No recomendada para menores de 18 años";"http://www.madrid.es/sites/v/index.jsp?vgnextchannel=ca9671ee4a9eb410VgnVCM100000171f5a0aRCRD&vgnextoid=09b101d381107910VgnVCM1000001d4a900aRCRD";"";"";"http://www.madrid.es/sites/v/index.jsp?vgnextchannel=bfa48ab43d6bb410VgnVCM100000171f5a0aRCRD&vgnextoid=2dbd1fe44c5ee310VgnVCM2000000c205a0aRCRD";"Cineteca Madrid";"1";"PLAZA";"LEGAZPI";"8";"ARGANZUELA";"CHOPERA";"28045";"440946";"4471422";"40.39130985242181";"-3.6958028442054074";"/contenido/actividades/ProgramacionDestacadaAgendaCultura";""
12793231;"Natural fit";"";"1";"1";"D";"";"2025-06-01 00:00:00.0";"2025-09-30 23:59:00.0";"10:00";"Domingos de 10:00 a 12:00 h. Actividades gratuitas. Durante los meses de julio y agosto no se programarán estas actividades.  Inscripciones hasta completar plazas en el enlace   + información: 691077760/ 915913901.";"http://www.madrid.es/sites/v/index.jsp?vgnextchannel=ca9671ee4a9eb410VgnVCM100000171f5a0aRCRD&vgnextoid=a498092e59437910VgnVCM1000001d4a900aRCRD";"Actividades de verano en el Distrito de Chamberí";"http://www.madrid.es/sites/v/index.jsp?vgnextchannel=ca9671ee4a9eb410VgnVCM100000171f5a0aRCRD&vgnextoid=a9d769ea76117910VgnVCM1000001d4a900aRCRD";"http://www.madrid.es/sites/v/index.jsp?vgnextchannel=bfa48ab43d6bb410VgnVCM100000171f5a0aRCRD&vgnextoid=7570d9f83f8e6610VgnVCM2000001f4a900aRCRD";"Parque de Santander";"0";"PASEO";"SAN FRANCISCO DE SALES";"39";"CHAMBERI";"VALLEHERMOSO";"28003";"439801";"4477343";"40.44456982954479";"-3.7098572768896214";"/contenido/actividades/TeatroPerformance";""
12763734;"Natural Fit y Yoga";"";"1";"1";"D";"";"2025-05-01 00:00:00.0";"2025-06-30 23:59:00.0";"10:00";"En el Parque de Santander (entrada por Pº San Francisco de Sales) Para mayores de 16 años Natural Fit: domingos de 10 a 12h Yoga: domingos de 12 a 14h Inscripciones hasta completar aforo a través del código QR:      Más información: 691 077 760 / 915 913 901";"http://www.madrid.es/sites/v/index.jsp?vgnextchannel=ca9671ee4a9eb410VgnVCM100000171f5a0aRCRD&vgnextoid=fe09d1fe5a086910VgnVCM2000001f4a900aRCRD";"Programación Cultural Chamberí";"http://www.madrid.es/sites/v/index.jsp?vgnextchannel=ca9671ee4a9eb410VgnVCM100000171f5a0aRCRD&vgnextoid=5ea6daba65bc4910VgnVCM1000001d4a900aRCRD";"";"";"";"";"";"";"";"";"";"";"";"";"";"/contenido/actividades/ActividadesDeportivas";""
12811498;"Naturalezas semimuertas y faros de Madrid";"";"1";"1";"L,M,X,J,V,S,D";"";"2025-08-01 00:00:00.0";"2025-09-15 23:59:00.0";"";"EXPOSICIÓN BITEMÁTICA DE PINTURAS AL OLEO   Artista: Juan Pablo Pardo López  Pinturas al óleo de estilo figurativo y realista ?por el tratamiento bien podrían encajar en un Neobarroco urbano? las cuales ilustran escenas eminentemente nocturnas de la capital. Los «Faros de Madrid» dan nombre a la muestra que recoge tan mágica luz noctámbula, con no menor presencia de las luces que no se ven, que identificamos con el negro; esas sombras profundas y evocadoras que nuestra imaginación ilumina";"http://www.madrid.es/sites/v/index.jsp?vgnextchannel=ca9671ee4a9eb410VgnVCM100000171f5a0aRCRD&vgnextoid=c7b90739f86a7910VgnVCM1000001d4a900aRCRD";"Actividades en el Espacio Cultural Núñez de Balboa";"http://www.madrid.es/sites/v/index.jsp?vgnextchannel=ca9671ee4a9eb410VgnVCM100000171f5a0aRCRD&vgnextoid=27bbf1a88e873810VgnVCM2000001f4a900aRCRD";"http://www.madrid.es/sites/v/index.jsp?vgnextchannel=bfa48ab43d6bb410VgnVCM100000171f5a0aRCRD&vgnextoid=aab225880cd6e710VgnVCM2000001f4a900aRCRD";"Espacio Cultural Núñez de Balboa, 40 (Salamanca)";"1";"CALLE";"NUÑEZ DE BALBOA";"40";"SALAMANCA";"RECOLETOS";"28001";"442103";"4475356";"40.426826159507435";"-3.6825349481985135";"/contenido/actividades/Exposiciones";""
12805053;"Néstor pintor simbolista";"";"1";"0";"";"";"2025-06-27 00:00:00.0";"2025-06-27 23:59:00.0";"11:00";"";"http://www.madrid.es/sites/v/index.jsp?vgnextchannel=ca9671ee4a9eb410VgnVCM100000171f5a0aRCRD&vgnextoid=f06b0039cfd77910VgnVCM2000001f4a900aRCRD";"";"";"http://www.madrid.es/sites/v/index.jsp?vgnextchannel=bfa48ab43d6bb410VgnVCM100000171f5a0aRCRD&vgnextoid=d9a879262ef5d010VgnVCM1000000b205a0aRCRD";"Biblioteca Pública Municipal La Chata (Carabanchel)";"1,6";"CALLE";"GENERAL RICARDOS";"252";"CARABANCHEL";"VISTA ALEGRE";"28025";"437014";"4470566";"40.38330593504341";"-3.7420633861175796";"/contenido/actividades/ConferenciasColoquios";""
12805801;"No sea tu falta";"";"0";"0";"";"";"2025-09-07 00:00:00.0";"2025-09-07 23:59:00.0";"20:30";"";"http://www.madrid.es/sites/v/index.jsp?vgnextchannel=ca9671ee4a9eb410VgnVCM100000171f5a0aRCRD&vgnextoid=9c52e5173c287910VgnVCM2000001f4a900aRCRD";"";"";"http://www.madrid.es/sites/v/index.jsp?vgnextchannel=bfa48ab43d6bb410VgnVCM100000171f5a0aRCRD&vgnextoid=2dbd1fe44c5ee310VgnVCM2000000c205a0aRCRD";"Cineteca Madrid";"1";"PLAZA";"LEGAZPI";"8";"ARGANZUELA";"CHOPERA";"28045";"440946";"4471422";"40.39130985242181";"-3.6958028442054074";"/contenido/actividades/ProgramacionDestacadaAgendaCultura";""
12804885;"No sea tu falta";"";"0";"0";"";"";"2025-09-05 00:00:00.0";"2025-09-05 23:59:00.0";"20:30";"";"http://www.madrid.es/sites/v/index.jsp?vgnextchannel=ca9671ee4a9eb410VgnVCM100000171f5a0aRCRD&vgnextoid=586e082228d77910VgnVCM1000001d4a900aRCRD";"";"";"http://www.madrid.es/sites/v/index.jsp?vgnextchannel=bfa48ab43d6bb410VgnVCM100000171f5a0aRCRD&vgnextoid=2dbd1fe44c5ee310VgnVCM2000000c205a0aRCRD";"Cineteca Madrid";"1";"PLAZA";"LEGAZPI";"8";"ARGANZUELA";"CHOPERA";"28045";"440946";"4471422";"40.39130985242181";"-3.6958028442054074";"/contenido/actividades/ProgramacionDestacadaAgendaCultura";""
12805800;"No sea tu falta";"";"0";"0";"";"";"2025-09-06 00:00:00.0";"2025-09-06 23:59:00.0";"18:00";"";"http://www.madrid.es/sites/v/index.jsp?vgnextchannel=ca9671ee4a9eb410VgnVCM100000171f5a0aRCRD&vgnextoid=0d42e5173c287910VgnVCM2000001f4a900aRCRD";"";"";"http://www.madrid.es/sites/v/index.jsp?vgnextchannel=bfa48ab43d6bb410VgnVCM100000171f5a0aRCRD&vgnextoid=2dbd1fe44c5ee310VgnVCM2000000c205a0aRCRD";"Cineteca Madrid";"1";"PLAZA";"LEGAZPI";"8";"ARGANZUELA";"CHOPERA";"28045";"440946";"4471422";"40.39130985242181";"-3.6958028442054074";"/contenido/actividades/ProgramacionDestacadaAgendaCultura";""
12794448;"Noches de Clásico - El Buscón de Quevedo";"Entrada gratuita hasta completar aforo.";"1";"0";"";"";"2025-08-08 00:00:00.0";"2025-08-08 23:59:00.0";"22:30";"Duración 90 min.    Un actor entra por casualidad en un desván lleno de objetos teatrales ya en desuso, y se produce la magia de la representación. Un simple libro antiguo es una excusa perfecta para jugar a ser aquello que no eres. En este caso es El Buscón de Quevedo, pero podría ser otro, cualquier motivo es bueno para entretener a un público que quiere que le cuenten historias, ver los sentimientos de los personajes de estas; y saber cómo resuelven sus conflictos, para aprender los continuos mensajes que nos ofrece la vida.   Porque El Buscón, no es más que eso, un personaje que busca. O más bien que se busca a sí mismo. Pues como bien dice al final de la novela el autor 'nunca mejora su estado quien muda solamente de lugar, y no de vida y costumbres'";"http://www.madrid.es/sites/v/index.jsp?vgnextchannel=ca9671ee4a9eb410VgnVCM100000171f5a0aRCRD&vgnextoid=4c68f3aa90537910VgnVCM2000001f4a900aRCRD";"Actividades de verano en el Distrito de Chamberí";"http://www.madrid.es/sites/v/index.jsp?vgnextchannel=ca9671ee4a9eb410VgnVCM100000171f5a0aRCRD&vgnextoid=a9d769ea76117910VgnVCM1000001d4a900aRCRD";"http://www.madrid.es/sites/v/index.jsp?vgnextchannel=bfa48ab43d6bb410VgnVCM100000171f5a0aRCRD&vgnextoid=30181e79ee71c010VgnVCM1000000b205a0aRCRD";"Centro Cultural Galileo (Chamberí)";"1";"CALLE";"GALILEO";"39";"CHAMBERI";"ARAPILES";"28015";"439741";"4476139";"40.433719454283505";"-3.7104468992841753";"/contenido/actividades/TeatroPerformance";""
12794420;"Noches de Clásico - El Celoso";"Entrada gratuita hasta completar aforo";"1";"0";"";"";"2025-07-25 00:00:00.0";"2025-07-25 23:59:00.0";"22:30";"Duración: 90 min.     Divertida versión de la novela ejemplar, escrita por Miguel de Cervantes.    El celoso extremeño es Filipo de Carrizales, un hidalgo extremeño que, habiendo despilfarrado toda su fortuna y viéndose pobre a sus casi cuarenta años, decide partir a las Indias a emprender una nueva vida. En veinte años de estancia amasa una gran fortuna y vuelve a España para acabar sus últimos días. Si bien se propone no casarse, debido a su condición celosa y sus 68 años, acaba desposándose con una niña de catorce años.";"http://www.madrid.es/sites/v/index.jsp?vgnextchannel=ca9671ee4a9eb410VgnVCM100000171f5a0aRCRD&vgnextoid=2c07b81de9437910VgnVCM2000001f4a900aRCRD";"Actividades de verano en el Distrito de Chamberí";"http://www.madrid.es/sites/v/index.jsp?vgnextchannel=ca9671ee4a9eb410VgnVCM100000171f5a0aRCRD&vgnextoid=a9d769ea76117910VgnVCM1000001d4a900aRCRD";"http://www.madrid.es/sites/v/index.jsp?vgnextchannel=bfa48ab43d6bb410VgnVCM100000171f5a0aRCRD&vgnextoid=30181e79ee71c010VgnVCM1000000b205a0aRCRD";"Centro Cultural Galileo (Chamberí)";"1";"CALLE";"GALILEO";"39";"CHAMBERI";"ARAPILES";"28015";"439741";"4476139";"40.433719454283505";"-3.7104468992841753";"/contenido/actividades/TeatroPerformance";""
12794434;"Noches de Clásico - Lazarillo de Tormes";"";"1";"0";"";"";"2025-08-01 00:00:00.0";"2025-08-01 23:59:00.0";"22:30";"Duración 90 min.     Divertida adaptación de El Lazarillo de Tormes. Su puesta en escena abre un universo de prismas desde donde mirarnos, y hacer una ácida y divertida lectura de lo que fuimos, somos y seremos, además de las inmensas posibilidades escénicas que ofrece.    Hemos querido acercarnos a los clásicos, y mirarles directamente a los ojos, para devolver esa misma mirada a nuestro público y, con este gesto audaz, poder sorprenderles desde las tablas con un espectáculo fresco, vivo, imaginativo, hilarante, catalizador y, sobre todo, puramente teatral.";"http://www.madrid.es/sites/v/index.jsp?vgnextchannel=ca9671ee4a9eb410VgnVCM100000171f5a0aRCRD&vgnextoid=46b7b81de9437910VgnVCM2000001f4a900aRCRD";"Actividades de verano en el Distrito de Chamberí";"http://www.madrid.es/sites/v/index.jsp?vgnextchannel=ca9671ee4a9eb410VgnVCM100000171f5a0aRCRD&vgnextoid=a9d769ea76117910VgnVCM1000001d4a900aRCRD";"http://www.madrid.es/sites/v/index.jsp?vgnextchannel=bfa48ab43d6bb410VgnVCM100000171f5a0aRCRD&vgnextoid=30181e79ee71c010VgnVCM1000000b205a0aRCRD";"Centro Cultural Galileo (Chamberí)";"1";"CALLE";"GALILEO";"39";"CHAMBERI";"ARAPILES";"28015";"439741";"4476139";"40.433719454283505";"-3.7104468992841753";"/contenido/actividades/TeatroPerformance";""
12794405;"Noches de Clásicos - La Celestina";"Entrada gratuita hasta completar aforo.";"1";"0";"";"";"2025-07-18 00:00:00.0";"2025-07-18 23:59:00.0";"22:30";"Duración 90 min.     Una visión clara y sincera, con un gran respeto al célebre clásico, pero a la vez con la necesidad de búsqueda de nuevos retos y distintas formas de mirar a los personajes de la obra. A través de la improvisación y con un desarrollo creativo salpimentado con elementos como el circo o el clown, se visualizan las miserias, vilezas y ruindades del ser humano, conductas que históricamente delatan al hombre en su avaricia y ansia de poder. Una historia contada de forma directa, sencilla y cómica, utilizando una escenografía con puertas que giran con el fin de conseguir posición, dinero y poder. Tres actores mudan su atrezo y vestuario a velocidad pasmosa para interpretar multitud de personajes, ejecutan rutinas de malabares y acrobacias dramatúrgicamente introducidas para explicar las situaciones, y de forma imaginativa manipulan objetos que cambian los sentidos argumentales.";"http://www.madrid.es/sites/v/index.jsp?vgnextchannel=ca9671ee4a9eb410VgnVCM100000171f5a0aRCRD&vgnextoid=0c46b81de9437910VgnVCM2000001f4a900aRCRD";"Actividades de verano en el Distrito de Chamberí";"http://www.madrid.es/sites/v/index.jsp?vgnextchannel=ca9671ee4a9eb410VgnVCM100000171f5a0aRCRD&vgnextoid=a9d769ea76117910VgnVCM1000001d4a900aRCRD";"http://www.madrid.es/sites/v/index.jsp?vgnextchannel=bfa48ab43d6bb410VgnVCM100000171f5a0aRCRD&vgnextoid=30181e79ee71c010VgnVCM1000000b205a0aRCRD";"Centro Cultural Galileo (Chamberí)";"1";"CALLE";"GALILEO";"39";"CHAMBERI";"ARAPILES";"28015";"439741";"4476139";"40.433719454283505";"-3.7104468992841753";"/contenido/actividades/TeatroPerformance";""
12809247;"Norberta";"";"1";"0";"";"";"2025-07-05 00:00:00.0";"2025-07-05 23:59:00.0";"22:00";"Cine LGTBI     Dirección: Sonia Escolano y Belén López Albert.  Con Luis Bermejo, Adriana Ozores, Mariona Terés. España 2024. 88?     Norberto lleva toda una vida con María. Son gente humilde, de barrio, y de vez en cuando atracadores. Pero Norberto necesita dar un giro para sentirse viva, libre, para sentirse ella misma. Una confesión inesperada que pondrá en jaque su vida.      No recomendada para menores de 12 años y especialmente recomendada para el fomento de la igualdad de género.";"http://www.madrid.es/sites/v/index.jsp?vgnextchannel=ca9671ee4a9eb410VgnVCM100000171f5a0aRCRD&vgnextoid=b01ce7bbebb97910VgnVCM2000001f4a900aRCRD";"";"";"http://www.madrid.es/sites/v/index.jsp?vgnextchannel=bfa48ab43d6bb410VgnVCM100000171f5a0aRCRD&vgnextoid=598745dbd6891110VgnVCM1000000b205a0aRCRD";"Instalación Deportiva Municipal Básica Parque El Calero";"0";"CALLE";"VIRGEN DE NURIA";"S/N";"CIUDAD LINEAL";"CONCEPCION";"28027";"444643";"4476387";"40.436286671972276";"-3.6526968257803736";"/contenido/actividades/CineActividadesAudiovisuales";""
12795996;"Ocho apellidos marroquis";"";"1";"0";"";"";"2025-07-05 00:00:00.0";"2025-07-05 23:59:00.0";"22:00";"Año: 2023  Duración: 97 min  País: España  Dirección: Álvaro Fernández Armero  Género: Comedia. Romance | Comedia romántica.  Sinopsis: Carmen (Elena Irureta) quiere cumplir la última voluntad de José María, su marido y patriarca de la familia: recuperar el 'Sardinete', el primer barco pesquero de su flota, que se encuentra anclado en un puerto marroquí. En su viaje de Cantabria a Marruecos, la acompañarán su hija Begoña (Michelle Jenner) y el ex de esta, Guillermo (Julián López), desesperado por recuperar su amor. Entre choques culturales, descubrirán además el gran secreto de José María.   Calificación: No recomendada para menores de siete años.";"http://www.madrid.es/sites/v/index.jsp?vgnextchannel=ca9671ee4a9eb410VgnVCM100000171f5a0aRCRD&vgnextoid=5ba4b13186a37910VgnVCM1000001d4a900aRCRD";"Cine de Verano 2025 en Barajas";"http://www.madrid.es/sites/v/index.jsp?vgnextchannel=ca9671ee4a9eb410VgnVCM100000171f5a0aRCRD&vgnextoid=c1c73cd450bd5910VgnVCM1000001d4a900aRCRD";"";"";"";"";"";"";"";"";"";"";"";"";"";"/contenido/actividades/CineActividadesAudiovisuales";""
12804727;"Ocho apellidos marroquís (2023) dirigido por Alvaro Fernández Armero";"";"0";"0";"";"";"2025-07-26 00:00:00.0";"2025-07-26 23:59:00.0";"22:00";"Carmen (Elena Irureta) quiere cumplir la última voluntad de José María, su marido y patriarca de la familia: recuperar el ?Sardinete?, el primer pesquero de su flota, que se encuentra anclado en un puerto marroquí. En su viaje de Cantabria a Marruecos, la acompañarán su hija Begoña (Michelle Jenner) y el ex de esta, Guillermo (Julián López), desesperado por recuperar su amor. Entre choques culturales descubrirán además el gran secreto de José María: Hamida (María Ramos), su otra hija.  Género: Comedia  Edad recomendada: No recomendada para menores de 7 años   Duración: 97 minutos";"http://www.madrid.es/sites/v/index.jsp?vgnextchannel=ca9671ee4a9eb410VgnVCM100000171f5a0aRCRD&vgnextoid=dc39beab36d77910VgnVCM2000001f4a900aRCRD";"Cine de verano 2025 en Carabanchel";"http://www.madrid.es/sites/v/index.jsp?vgnextchannel=ca9671ee4a9eb410VgnVCM100000171f5a0aRCRD&vgnextoid=e8a2cd0e24b76910VgnVCM1000001d4a900aRCRD";"http://www.madrid.es/sites/v/index.jsp?vgnextchannel=bfa48ab43d6bb410VgnVCM100000171f5a0aRCRD&vgnextoid=7cfaa531dcf9e210VgnVCM2000000c205a0aRCRD";"Parque de Salvador Allende";"2";"CALLE";"SALVADOR ALLENDE";"3";"CARABANCHEL";"BUENAVISTA";"28054";"435693";"4468472";"40.364341448699825";"-3.757402071835875";"/contenido/actividades/CineActividadesAudiovisuales";""
12809483;"Odio el verano";"";"1";"0";"";"";"2025-08-31 00:00:00.0";"2025-08-31 23:59:00.0";"";"Dirección: Fernando García-Ruiz.  Con Julián López, Kira Miró, Jordi Sánchez.  España 2024. 103?.       Alonso y Marisa, Torres y Fátima, Calatrava y Vicky han reservado una casa aislada en Canarias para pasar las mejores vacaciones de su vida con sus respectivas familias. Lo que no saben es que, por un error de la agencia, han alquilado la misma casa. Ninguno está dispuesto a renunciar a ella y tampoco hay muchas alternativas, por lo que se ven obligados a compartir habitáculo.     No recomendada para menores de 12 años.";"http://www.madrid.es/sites/v/index.jsp?vgnextchannel=ca9671ee4a9eb410VgnVCM100000171f5a0aRCRD&vgnextoid=4b0ee7bc50c97910VgnVCM2000001f4a900aRCRD";"";"";"http://www.madrid.es/sites/v/index.jsp?vgnextchannel=bfa48ab43d6bb410VgnVCM100000171f5a0aRCRD&vgnextoid=598745dbd6891110VgnVCM1000000b205a0aRCRD";"Instalación Deportiva Municipal Básica Parque El Calero";"0";"CALLE";"VIRGEN DE NURIA";"S/N";"CIUDAD LINEAL";"CONCEPCION";"28027";"444643";"4476387";"40.436286671972276";"-3.6526968257803736";"/contenido/actividades/CineActividadesAudiovisuales";""
12800018;"Odio el verano";"";"1";"0";"";"";"2025-07-12 00:00:00.0";"2025-07-12 23:59:00.0";"22:00";"Dir. Fernando García-Ruiz  Duración: 103 minutos  Edad recomendada:  A partir de 12 años  Sinopsis: Alonso y Marisa, Torres y Fátima, Calatrava y Vicky han reservado una casa aislada en Canarias para pasar las mejores vacaciones de su vida con sus respectivas familias. Lo que no saben es que, por un error de la agencia, han alquilado la misma casa. Ninguno está dispuesto a renunciar a ella y tampoco hay muchas alternativas, por lo que se ven obligados a compartir habitáculo durante todas sus vacaciones.";"http://www.madrid.es/sites/v/index.jsp?vgnextchannel=ca9671ee4a9eb410VgnVCM100000171f5a0aRCRD&vgnextoid=929aba98e7957910VgnVCM1000001d4a900aRCRD";"Cine de verano 2025 en Villa de Vallecas";"http://www.madrid.es/sites/v/index.jsp?vgnextchannel=ca9671ee4a9eb410VgnVCM100000171f5a0aRCRD&vgnextoid=57775720325a6910VgnVCM1000001d4a900aRCRD";"http://www.madrid.es/sites/v/index.jsp?vgnextchannel=bfa48ab43d6bb410VgnVCM100000171f5a0aRCRD&vgnextoid=d8c31bbad23cf310VgnVCM1000000b205a0aRCRD";"Auditorio Municipal Las Trece Rosas";"1";"CALLE";"MONTE DE MONTJUICH";"7";"VILLA DE VALLECAS";"CASCO H.VALLECAS";"28031";"447581";"4470145";"40.38024953878224";"-3.6175290483217055";"/contenido/actividades/ActividadesCalleArteUrbano";""
12809296;"Oh, Canadá";"";"1";"0";"";"";"2025-07-18 00:00:00.0";"2025-07-18 23:59:00.0";"22:00";"Dirección: Paul Schrader.  Con Richard Gere, Uma Thurman, Jacob Elordi.  EEUU 2024. 95?.      Un afamado documentalista canadiense concede una última entrevista a uno de sus antiguos alumnos para contarle toda la verdad sobre su vida. Una confesión filmada delante de su mujer.     No recomendada para menores de 12 años.";"http://www.madrid.es/sites/v/index.jsp?vgnextchannel=ca9671ee4a9eb410VgnVCM100000171f5a0aRCRD&vgnextoid=787fe7bbebb97910VgnVCM2000001f4a900aRCRD";"";"";"http://www.madrid.es/sites/v/index.jsp?vgnextchannel=bfa48ab43d6bb410VgnVCM100000171f5a0aRCRD&vgnextoid=598745dbd6891110VgnVCM1000000b205a0aRCRD";"Instalación Deportiva Municipal Básica Parque El Calero";"0";"CALLE";"VIRGEN DE NURIA";"S/N";"CIUDAD LINEAL";"CONCEPCION";"28027";"444643";"4476387";"40.436286671972276";"-3.6526968257803736";"/contenido/actividades/CineActividadesAudiovisuales";""
12805657;"Olga María Ramos";"";"1";"0";"";"";"2025-07-11 00:00:00.0";"2025-07-11 23:59:00.0";"20:30";"";"http://www.madrid.es/sites/v/index.jsp?vgnextchannel=ca9671ee4a9eb410VgnVCM100000171f5a0aRCRD&vgnextoid=83ad5f5bd8287910VgnVCM1000001d4a900aRCRD";"";"";"";"";"";"";"";"";"";"";"";"";"";"";"";"/contenido/actividades/1ciudad21distritos";""
12811712;"Oppenheimer";"";"1";"0";"";"";"2025-07-11 00:00:00.0";"2025-07-11 23:59:00.0";"22:00";"Lugar: Parque de Sanchinarro. Calistenias  2022. Mayores de 12 años.";"http://www.madrid.es/sites/v/index.jsp?vgnextchannel=ca9671ee4a9eb410VgnVCM100000171f5a0aRCRD&vgnextoid=f1fae93d7d6a7910VgnVCM1000001d4a900aRCRD";"Cine de verano en Hortaleza";"http://www.madrid.es/sites/v/index.jsp?vgnextchannel=ca9671ee4a9eb410VgnVCM100000171f5a0aRCRD&vgnextoid=26306c93646a7910VgnVCM1000001d4a900aRCRD";"";"";"";"";"";"";"";"";"";"";"";"";"";"/contenido/actividades/ActividadesCalleArteUrbano";""
12782665;"Orfeón Moratalaz";"";"1";"0";"";"";"2025-06-25 00:00:00.0";"2025-06-25 23:59:00.0";"19:30";"XXI Temporada de música coral de Moratalaz. Lugar : Centro de Recursos Educativos de la ONCE. Dirección: Avenida Doctor García Tapia, 210.";"http://www.madrid.es/sites/v/index.jsp?vgnextchannel=ca9671ee4a9eb410VgnVCM100000171f5a0aRCRD&vgnextoid=0074ae6a8ccf6910VgnVCM1000001d4a900aRCRD";"Música en Moratalaz";"http://www.madrid.es/sites/v/index.jsp?vgnextchannel=ca9671ee4a9eb410VgnVCM100000171f5a0aRCRD&vgnextoid=48f0f90ac2cf6910VgnVCM1000001d4a900aRCRD";"";"";"";"";"";"";"";"";"";"";"";"";"";"/contenido/actividades/Musica";""
12789787;"Orlis Pineda 'El Jañautor' de origen cubano";"";"1";"0";"";"";"2025-06-29 00:00:00.0";"2025-06-29 23:59:00.0";"21:00";"Fiestas Populares Entrevías   Lugar: parque Forestal junto Auditorio de Entrevías (Ronda del Sur, S/N). En 1997 llega a Madrid dónde se integra en las diferentes manifestaciones musicales españolas y del mundo, dando a conocer sus canciones en diversas salas y escenarios.  Edad recomendada: para todos los públicos.";"http://www.madrid.es/sites/v/index.jsp?vgnextchannel=ca9671ee4a9eb410VgnVCM100000171f5a0aRCRD&vgnextoid=ac52e84e5fb17910VgnVCM2000001f4a900aRCRD";"Cosas de Madrid";"http://www.madrid.es/sites/v/index.jsp?vgnextchannel=ca9671ee4a9eb410VgnVCM100000171f5a0aRCRD&vgnextoid=38309b6ef9c56910VgnVCM2000001f4a900aRCRD";"";"";"";"";"";"";"";"";"";"";"";"";"";"/contenido/actividades/Fiestas";""
12784096;"Otras vidas";"";"1";"0";"";"";"2025-06-28 00:00:00.0";"2025-06-28 23:59:00.0";"19:00";"Todo el mundo tiene otras vidas (o le gustaría vivir otras vidas) que el resto desconoce. ¿A quién no le pasa? En estas 4 historias conocerás a personajes comunes en situaciones peculiares donde no son ellos mismos? o les gustaría dejar de serlo.";"http://www.madrid.es/sites/v/index.jsp?vgnextchannel=ca9671ee4a9eb410VgnVCM100000171f5a0aRCRD&vgnextoid=e026e2d36bb07910VgnVCM2000001f4a900aRCRD";"Actividades Centro Cultural Emilia Pardo Bazán";"http://www.madrid.es/sites/v/index.jsp?vgnextchannel=ca9671ee4a9eb410VgnVCM100000171f5a0aRCRD&vgnextoid=f44bedf006a51910VgnVCM1000001d4a900aRCRD";"http://www.madrid.es/sites/v/index.jsp?vgnextchannel=bfa48ab43d6bb410VgnVCM100000171f5a0aRCRD&vgnextoid=dc8d531521b74810VgnVCM1000001d4a900aRCRD";"Centro Cultural Emilia Pardo Bazán (Salamanca)";"1";"CALLE";"GOYA";"1";"SALAMANCA";"RECOLETOS";"28001";"441502";"4475253";"40.42585800515975";"-3.689601594290468";"/contenido/actividades/TeatroPerformance";""
12805651;"Padre no hay más que uno 4: Campanas de boda";"";"1";"0";"";"";"2025-07-18 00:00:00.0";"2025-07-18 23:59:00.0";"22:15";"De Santiago Segura. Con Santiago Segura, Toni Acosta, Loles León. España 2024. 99?   Recomendada para todos los públicos.  ¿Qué efecto tendría en unos padres que el mismo día que su hija mayor cumple 18 años, su novio le proponga matrimonio y ella acepte de inmediato?";"http://www.madrid.es/sites/v/index.jsp?vgnextchannel=ca9671ee4a9eb410VgnVCM100000171f5a0aRCRD&vgnextoid=e81d5f5bd8287910VgnVCM1000001d4a900aRCRD";"Ciclo Los sábados de cine. Primavera 2025";"http://www.madrid.es/sites/v/index.jsp?vgnextchannel=ca9671ee4a9eb410VgnVCM100000171f5a0aRCRD&vgnextoid=c0de900069495910VgnVCM2000001f4a900aRCRD";"http://www.madrid.es/sites/v/index.jsp?vgnextchannel=bfa48ab43d6bb410VgnVCM100000171f5a0aRCRD&vgnextoid=07f63190712b1110VgnVCM1000000b205a0aRCRD";"Centro Cultural Ciudad Pegaso (San Blas - Canillejas)";"1";"AVENIDA";"SEPTIMA";"11";"SAN BLAS-CANILLEJAS";"REJAS";"28022";"449281";"4477704";"40.44844757572015";"-3.598099871155595";"/contenido/actividades/CineActividadesAudiovisuales";""
12806283;"Pajareando con peques";"";"1";"0";"";"";"2025-07-19 00:00:00.0";"2025-07-19 23:59:00.0";"";"De 10 a 11:30 horas.  Categoría: Senda ornitológica por el Parque de Pradolongo. Entrada GRATUITA.  Lugar: Comienza en la recepción del CEAC Maris Stella.  Edad: Familias con peques entre 5 y 9 años (menores acompañados con un adulto). Imprescindible reserva previa.  Sinopsis: Senda para que los más pequeños de la casa descubran las aves que habitan en el Parque de Pradolongo.";"http://www.madrid.es/sites/v/index.jsp?vgnextchannel=ca9671ee4a9eb410VgnVCM100000171f5a0aRCRD&vgnextoid=c42f2cee74787910VgnVCM1000001d4a900aRCRD";"Actividades en el Centro de Educación Ambiental y Cultural Maris Stella";"http://www.madrid.es/sites/v/index.jsp?vgnextchannel=ca9671ee4a9eb410VgnVCM100000171f5a0aRCRD&vgnextoid=4e25ce5179e61910VgnVCM1000001d4a900aRCRD";"http://www.madrid.es/sites/v/index.jsp?vgnextchannel=bfa48ab43d6bb410VgnVCM100000171f5a0aRCRD&vgnextoid=85205619bc23d710VgnVCM2000001f4a900aRCRD";"Centro de Educación Ambiental y Cultural Maris Stella (Usera)";"1";"CALLE";"DOCTOR TOLOSA LATOUR";"16";"USERA";"PRADOLONGO";"28026";"440301";"4469524";"40.374166248648216";"-3.7032220308808577";"/contenido/actividades/ItinerariosOtrasActividadesAmbientales";"/usuario/Niños,/usuario/Familias"
12809360;"Pájaros";"";"1";"0";"";"";"2025-08-03 00:00:00.0";"2025-08-03 23:59:00.0";"22:00";"Dirección: Pau Durá.  Con Luis Zahera, Javier Gutiérrez, Edgar Moreno, Tina Silc.  Comedia. España 2024. 100?.          Mario, un abogado aficionado a las aves, convence al vigilante de un garaje para que lo lleve a la Costa Brava a ver grullas. Ninguno conoce la verdadera historia del otro, pero en ese momento empezará un nuevo y definitivo viaje para ambos.     No recomendada para menores de 12 años.";"http://www.madrid.es/sites/v/index.jsp?vgnextchannel=ca9671ee4a9eb410VgnVCM100000171f5a0aRCRD&vgnextoid=5d03e7bbebb97910VgnVCM2000001f4a900aRCRD";"";"";"http://www.madrid.es/sites/v/index.jsp?vgnextchannel=bfa48ab43d6bb410VgnVCM100000171f5a0aRCRD&vgnextoid=598745dbd6891110VgnVCM1000000b205a0aRCRD";"Instalación Deportiva Municipal Básica Parque El Calero";"0";"CALLE";"VIRGEN DE NURIA";"S/N";"CIUDAD LINEAL";"CONCEPCION";"28027";"444643";"4476387";"40.436286671972276";"-3.6526968257803736";"/contenido/actividades/CineActividadesAudiovisuales";""
12805988;"Pájaros";"";"1";"0";"";"";"2025-08-23 00:00:00.0";"2025-08-23 23:59:00.0";"22:00";"Dir. Pau Durá  Duración: 100 minutos  Edad recomendada: A partir de 12 años  Sinopsis: Colombo trabaja en un garaje 24 horas y complementa su mísero sueldo trapicheando con marihuana. Mario, un tipo peculiar y aficionado a las aves, que aparece inesperadamente en el garaje, lo contrata de chófer para ir a la Costa Brava a ver grullas. Pero al llegar a su destino, le cuenta que las aves han variado su rumbo migratorio hacia el delta del Danubio, en Rumanía. Mario necesita llegar hasta allí. Y Colombo necesita el dinero.";"http://www.madrid.es/sites/v/index.jsp?vgnextchannel=ca9671ee4a9eb410VgnVCM100000171f5a0aRCRD&vgnextoid=f191ac9d6e687910VgnVCM2000001f4a900aRCRD";"Cine de verano 2025 en Villa de Vallecas";"http://www.madrid.es/sites/v/index.jsp?vgnextchannel=ca9671ee4a9eb410VgnVCM100000171f5a0aRCRD&vgnextoid=57775720325a6910VgnVCM1000001d4a900aRCRD";"http://www.madrid.es/sites/v/index.jsp?vgnextchannel=bfa48ab43d6bb410VgnVCM100000171f5a0aRCRD&vgnextoid=db73abd0991ce210VgnVCM1000000b205a0aRCRD";"Parque Santa Eugenia";"2";"CALLE";"Cerro Almodóvar";"1";"VILLA DE VALLECAS";"SANTA EUGENIA";"28031";"448352";"4470258";"40.38131130575197";"-3.608459149580722";"/contenido/actividades/ActividadesCalleArteUrbano";""
12630747;"Parque de Berlín";"";"1";"0";"";"";"2025-08-13 00:00:00.0";"2025-08-13 23:59:00.0";"19:00";"";"http://www.madrid.es/sites/v/index.jsp?vgnextchannel=ca9671ee4a9eb410VgnVCM100000171f5a0aRCRD&vgnextoid=7d6276bd693f3910VgnVCM1000001d4a900aRCRD";"Parque de Berlín";"http://www.madrid.es/sites/v/index.jsp?vgnextchannel=ca9671ee4a9eb410VgnVCM100000171f5a0aRCRD&vgnextoid=7f28eba82ed7d810VgnVCM1000001d4a900aRCRD";"http://www.madrid.es/sites/v/index.jsp?vgnextchannel=bfa48ab43d6bb410VgnVCM100000171f5a0aRCRD&vgnextoid=d2e70e165684e210VgnVCM1000000b205a0aRCRD";"Parque de Berlín";"1";"AVENIDA";"RAMON Y CAJAL";"2";"CHAMARTIN";"CIUDAD JARDIN";"28016";"442673";"4478091";"40.45150372849227";"-3.6760645355093797";"/contenido/actividades/ExcursionesItinerariosVisitas";""
12409776;"Parque de la Vaguada";"";"1";"0";"";"";"2025-07-11 00:00:00.0";"2025-07-11 23:59:00.0";"10:00";"";"http://www.madrid.es/sites/v/index.jsp?vgnextchannel=ca9671ee4a9eb410VgnVCM100000171f5a0aRCRD&vgnextoid=9aac09340f270910VgnVCM1000001d4a900aRCRD";"Parque de la Vaguada";"http://www.madrid.es/sites/v/index.jsp?vgnextchannel=ca9671ee4a9eb410VgnVCM100000171f5a0aRCRD&vgnextoid=024b09340f270910VgnVCM1000001d4a900aRCRD";"http://www.madrid.es/sites/v/index.jsp?vgnextchannel=bfa48ab43d6bb410VgnVCM100000171f5a0aRCRD&vgnextoid=803ad376c77de210VgnVCM1000000b205a0aRCRD";"Parque de la Vaguada";"2";"PASEO";"VAGUADA";"13";"FUENCARRAL-EL PARDO";"EL PILAR";"28029";"439712";"4481297";"40.48016602497203";"-3.7112978051427574";"";""
12630645;"Parque del Oeste Tramo II. Del Paseo del Pintor Rosales a Templo de Debod";"";"1";"0";"";"";"2025-08-29 00:00:00.0";"2025-08-29 23:59:00.0";"19:00";"";"http://www.madrid.es/sites/v/index.jsp?vgnextchannel=ca9671ee4a9eb410VgnVCM100000171f5a0aRCRD&vgnextoid=622a76bd693f3910VgnVCM1000001d4a900aRCRD";"Parque del Oeste Tramo II. Del Paseo del Pintor Rosales a Templo de Debod";"http://www.madrid.es/sites/v/index.jsp?vgnextchannel=ca9671ee4a9eb410VgnVCM100000171f5a0aRCRD&vgnextoid=6854f59c50d42910VgnVCM1000001d4a900aRCRD";"";"";"";"";"";"";"";"";"";"";"";"";"";"/contenido/actividades/ExcursionesItinerariosVisitas";""
12630638;"Parque del Oeste. Tramo I";"";"1";"0";"";"";"2025-08-03 00:00:00.0";"2025-08-03 23:59:00.0";"19:00";"";"http://www.madrid.es/sites/v/index.jsp?vgnextchannel=ca9671ee4a9eb410VgnVCM100000171f5a0aRCRD&vgnextoid=f60976bd693f3910VgnVCM1000001d4a900aRCRD";"Parque del Oeste. Tramo I";"http://www.madrid.es/sites/v/index.jsp?vgnextchannel=ca9671ee4a9eb410VgnVCM100000171f5a0aRCRD&vgnextoid=635e70ddf2c42910VgnVCM1000001d4a900aRCRD";"";"";"";"";"";"";"";"";"";"";"";"";"";"/contenido/actividades/ExcursionesItinerariosVisitas";""
12630764;"Parque Enrique Tierno Galván";"";"1";"0";"";"";"2025-09-11 00:00:00.0";"2025-09-11 23:59:00.0";"10:00";"";"http://www.madrid.es/sites/v/index.jsp?vgnextchannel=ca9671ee4a9eb410VgnVCM100000171f5a0aRCRD&vgnextoid=b41576bd693f3910VgnVCM1000001d4a900aRCRD";"Parque Enrique Tierno Galván";"http://www.madrid.es/sites/v/index.jsp?vgnextchannel=ca9671ee4a9eb410VgnVCM100000171f5a0aRCRD&vgnextoid=dbe8188c2cd7d810VgnVCM2000001f4a900aRCRD";"http://www.madrid.es/sites/v/index.jsp?vgnextchannel=bfa48ab43d6bb410VgnVCM100000171f5a0aRCRD&vgnextoid=e09f680e2383e210VgnVCM1000000b205a0aRCRD";"Parque Enrique Tierno Galván";"2";"CALLE";"MENESES";"4";"ARGANZUELA";"LEGAZPI";"28045";"442152";"4471501";"40.39210151448589";"-3.681620654746187";"/contenido/actividades/ExcursionesItinerariosVisitas";""
12543571;"Parque Forestal de Valdebebas";"";"1";"0";"";"";"2025-09-06 00:00:00.0";"2025-09-06 23:59:00.0";"10:00";"";"http://www.madrid.es/sites/v/index.jsp?vgnextchannel=ca9671ee4a9eb410VgnVCM100000171f5a0aRCRD&vgnextoid=0895ffa91ac42910VgnVCM2000001f4a900aRCRD";"Parque Forestal de Valdebebas - Felipe VI";"http://www.madrid.es/sites/v/index.jsp?vgnextchannel=ca9671ee4a9eb410VgnVCM100000171f5a0aRCRD&vgnextoid=4059f42db1e60910VgnVCM2000001f4a900aRCRD";"http://www.madrid.es/sites/v/index.jsp?vgnextchannel=bfa48ab43d6bb410VgnVCM100000171f5a0aRCRD&vgnextoid=65eda830bd9eb410VgnVCM2000000c205a0aRCRD";"Parque Forestal de Valdebebas-Felipe VI";"2";"AVENIDA";"LAS FUERZAS ARMADAS";"11";"HORTALEZA";"VALDEFUENTES";"28055";"445636";"4481782";"40.48494412599755";"-3.641451621738692";"/contenido/actividades/ExcursionesItinerariosVisitas";""
12707454;"Partida de rol: Cthulhu en la biblioteca";"";"1";"0";"";"";"2025-06-28 00:00:00.0";"2025-06-28 23:59:00.0";"12:00";"";"http://www.madrid.es/sites/v/index.jsp?vgnextchannel=ca9671ee4a9eb410VgnVCM100000171f5a0aRCRD&vgnextoid=0def9aa342165910VgnVCM2000001f4a900aRCRD";"Partida de rol: Cthulhu en la biblioteca";"http://www.madrid.es/sites/v/index.jsp?vgnextchannel=ca9671ee4a9eb410VgnVCM100000171f5a0aRCRD&vgnextoid=f7a76532af065910VgnVCM2000001f4a900aRCRD";"http://www.madrid.es/sites/v/index.jsp?vgnextchannel=bfa48ab43d6bb410VgnVCM100000171f5a0aRCRD&vgnextoid=0b60e92be3c5e210VgnVCM1000000b205a0aRCRD";"Biblioteca Pública Municipal Iván de Vargas (Centro)";"1,6";"CALLE";"SAN JUSTO";"5";"CENTRO";"PALACIO";"28005";"439775";"4473962";"40.41410290844665";"-3.7098591212735883";"/contenido/actividades/CursosTalleres";"/usuario/Niños"
11965786;"Paseo ornitológico";"";"1";"0";"";"";"2025-07-11 00:00:00.0";"2025-07-11 23:59:00.0";"09:30";"¿Conoces las aves que hay en el Parque de Casa de Campo? Muchas de ellas están aquí durante todo el año sin embargo otras, nos visitan solamente ahora. Ruta circular en la que, a través de la observación directa y diversas paradas interpretativas, se descubrirán las principales especies de avifauna de los distintos ecosistemas de la Casa de Campo: aves acuáticas, forestales y rapaces. Se recomienda que cada participante traiga prismáticos a la actividad. Itinerario dirigido a personas a partir de 9 años.  Duración estimada: aproximadamente dos horas y media.";"http://www.madrid.es/sites/v/index.jsp?vgnextchannel=ca9671ee4a9eb410VgnVCM100000171f5a0aRCRD&vgnextoid=04ae49e870907810VgnVCM2000001f4a900aRCRD";"Itinerarios interpretativos y rutas de senderismo";"http://www.madrid.es/sites/v/index.jsp?vgnextchannel=ca9671ee4a9eb410VgnVCM100000171f5a0aRCRD&vgnextoid=38af832e34353810VgnVCM1000001d4a900aRCRD";"http://www.madrid.es/sites/v/index.jsp?vgnextchannel=bfa48ab43d6bb410VgnVCM100000171f5a0aRCRD&vgnextoid=8a22598d1351c010VgnVCM1000000b205a0aRCRD";"Centro de Información y Educación Ambiental de Casa de Campo";"1";"PARQUE";"CASA DE CAMPO (JUNTO AL EMBARCADERO DEL LAGO)";"";"MONCLOA-ARAVACA";"CASA DE CAMPO";"28011";"437990";"4474399";"40.41789950036311";"-3.7309390858931137";"";""
12799012;"Paseo ornitológico";"";"1";"0";"";"";"2025-08-08 00:00:00.0";"2025-08-08 23:59:00.0";"09:30";"¿Conoces las aves que hay en el Parque de Casa de Campo? Muchas de ellas están aquí durante todo el año sin embargo otras, nos visitan solamente ahora. Ruta circular en la que, a través de la observación directa y diversas paradas interpretativas, se descubrirán las principales especies de avifauna de los distintos ecosistemas de la Casa de Campo: aves acuáticas, forestales y rapaces. Se recomienda que cada participante traiga prismáticos a la actividad. Itinerario dirigido a personas a partir de 9 años.  Duración estimada: aproximadamente dos horas y media.";"http://www.madrid.es/sites/v/index.jsp?vgnextchannel=ca9671ee4a9eb410VgnVCM100000171f5a0aRCRD&vgnextoid=ff18c02e46457910VgnVCM2000001f4a900aRCRD";"Itinerarios interpretativos y rutas de senderismo";"http://www.madrid.es/sites/v/index.jsp?vgnextchannel=ca9671ee4a9eb410VgnVCM100000171f5a0aRCRD&vgnextoid=38af832e34353810VgnVCM1000001d4a900aRCRD";"http://www.madrid.es/sites/v/index.jsp?vgnextchannel=bfa48ab43d6bb410VgnVCM100000171f5a0aRCRD&vgnextoid=8a22598d1351c010VgnVCM1000000b205a0aRCRD";"Centro de Información y Educación Ambiental de Casa de Campo";"1";"PARQUE";"CASA DE CAMPO (JUNTO AL EMBARCADERO DEL LAGO)";"";"MONCLOA-ARAVACA";"CASA DE CAMPO";"28011";"437990";"4474399";"40.41789950036311";"-3.7309390858931137";"";""
12799018;"Paseo ornitológico";"";"1";"0";"";"";"2025-09-06 00:00:00.0";"2025-09-06 23:59:00.0";"09:30";"¿Conoces las aves que hay en el Parque de Casa de Campo? Muchas de ellas están aquí durante todo el año sin embargo otras, nos visitan solamente ahora. Ruta circular en la que, a través de la observación directa y diversas paradas interpretativas, se descubrirán las principales especies de avifauna de los distintos ecosistemas de la Casa de Campo: aves acuáticas, forestales y rapaces. Se recomienda que cada participante traiga prismáticos a la actividad. Itinerario dirigido a personas a partir de 9 años.  Duración estimada: aproximadamente dos horas y media.";"http://www.madrid.es/sites/v/index.jsp?vgnextchannel=ca9671ee4a9eb410VgnVCM100000171f5a0aRCRD&vgnextoid=f2a8c02e46457910VgnVCM2000001f4a900aRCRD";"Itinerarios interpretativos y rutas de senderismo";"http://www.madrid.es/sites/v/index.jsp?vgnextchannel=ca9671ee4a9eb410VgnVCM100000171f5a0aRCRD&vgnextoid=38af832e34353810VgnVCM1000001d4a900aRCRD";"http://www.madrid.es/sites/v/index.jsp?vgnextchannel=bfa48ab43d6bb410VgnVCM100000171f5a0aRCRD&vgnextoid=8a22598d1351c010VgnVCM1000000b205a0aRCRD";"Centro de Información y Educación Ambiental de Casa de Campo";"1";"PARQUE";"CASA DE CAMPO (JUNTO AL EMBARCADERO DEL LAGO)";"";"MONCLOA-ARAVACA";"CASA DE CAMPO";"28011";"437990";"4474399";"40.41789950036311";"-3.7309390858931137";"";""
12802717;"Paseo Recoletos Prado";"";"1";"0";"";"";"2025-09-21 00:00:00.0";"2025-09-21 23:59:00.0";"11:00";"A lo largo de dos horas se recorre uno de los entornos más emblemáticos de Madrid: el Eje Prado-Recoletos. Durante este recorrido se realiza un profundo análisis de dos de sus facetas más llamativas: la evolución histórica de este particular entorno y la riqueza botánica del mismo. Dirigido a público adulto.  Duración estimada: aproximadamente dos horas. Actividad programada con motivo de la Semana Europea de la Movilidad.";"http://www.madrid.es/sites/v/index.jsp?vgnextchannel=ca9671ee4a9eb410VgnVCM100000171f5a0aRCRD&vgnextoid=e9c05150f8867910VgnVCM2000001f4a900aRCRD";"Itinerarios guiados por El Retiro";"http://www.madrid.es/sites/v/index.jsp?vgnextchannel=ca9671ee4a9eb410VgnVCM100000171f5a0aRCRD&vgnextoid=e7b01130a93b1810VgnVCM1000001d4a900aRCRD";"http://www.madrid.es/sites/v/index.jsp?vgnextchannel=bfa48ab43d6bb410VgnVCM100000171f5a0aRCRD&vgnextoid=796b8193c73c4210VgnVCM1000000b205a0aRCRD";"Centro de Información y Educación Ambiental de El Huerto de El Retiro";"1";"PASEO";"FERNAN NUÑEZ";"2";"RETIRO";"LOS JERONIMOS";"28009";"441779";"4473428";"40.40943503279114";"-3.6861797800993257";"";""
12792136;"Pateando la Dehesa: un viaje a través de la historia de Madrid";"";"1";"0";"";"";"2025-07-12 00:00:00.0";"2025-07-12 23:59:00.0";"10:00";"";"http://www.madrid.es/sites/v/index.jsp?vgnextchannel=ca9671ee4a9eb410VgnVCM100000171f5a0aRCRD&vgnextoid=3c4dc744fcf27910VgnVCM2000001f4a900aRCRD";"Pateando la Dehesa: un viaje a través de la historia de Madrid";"http://www.madrid.es/sites/v/index.jsp?vgnextchannel=ca9671ee4a9eb410VgnVCM100000171f5a0aRCRD&vgnextoid=1f0722f95c38a810VgnVCM2000001f4a900aRCRD";"http://www.madrid.es/sites/v/index.jsp?vgnextchannel=bfa48ab43d6bb410VgnVCM100000171f5a0aRCRD&vgnextoid=a956fc79622ef010VgnVCM2000000c205a0aRCRD";"Centro de Información y Educación Ambiental de Dehesa de la Villa";"1";"PARQUE";"DEHESA DE LA VILLA";"0";"MONCLOA-ARAVACA";"";"28039";"439102";"4478967";"40.45914104116349";"-3.718270563679269";"/contenido/actividades/ExcursionesItinerariosVisitas";""
12804359;"Patos, un viaje patas arriba";"";"1";"0";"";"";"2025-08-14 00:00:00.0";"2025-08-14 23:59:00.0";"22:00";"Duración: 82 min.  Dirección: Benjamin Renner.  Sinopsis: La familia Mallard se ha quedado ?estancada?. Mientras papá Mack se siente realizado cuidando de su familia en su estanque de Nueva Inglaterra, mamá Pam se muere de ganas de vivir la vida y hacer descubrir a sus hijos ?el adolescente Dax y la patita Gwen? el mundo en toda su amplitud. Después de que una familia de patos migratorios llegue a su estanque con maravillosas historias de lugares lejanos, Pam consigue convencer a Mack de que deben viajar a la tropical Jamaica pasando por Nueva York. Los Mallard emprenden el viaje hacia el sur para pasar el invierno, pero nada sale como estaba previsto. La experiencia les ayudará a descubrir horizontes desconocidos, a hacer nuevos amigos, a vivir experiencias que jamás imaginaron, y de paso, a conocerse mejor.  Público: todos los públicos.  Entrada libre hasta completar aforo.";"http://www.madrid.es/sites/v/index.jsp?vgnextchannel=ca9671ee4a9eb410VgnVCM100000171f5a0aRCRD&vgnextoid=08fa240b69c77910VgnVCM1000001d4a900aRCRD";"Verano de cine Retiro 2025";"http://www.madrid.es/sites/v/index.jsp?vgnextchannel=ca9671ee4a9eb410VgnVCM100000171f5a0aRCRD&vgnextoid=cdac62ae0c4a1810VgnVCM1000001d4a900aRCRD";"http://www.madrid.es/sites/v/index.jsp?vgnextchannel=bfa48ab43d6bb410VgnVCM100000171f5a0aRCRD&vgnextoid=cdbeb77bb6884610VgnVCM1000001d4a900aRCRD";"Plaza de Daoíz y Velarde";"1";"PLAZA";"DAOIZ Y VELARDE";"2";"RETIRO";"PACIFICO";"28007";"442527";"4472618";"40.402190438836826";"-3.6772826298329093";"/contenido/actividades/CineActividadesAudiovisuales";""
12781343;"Pedazos de Callas";"";"1";"0";"";"";"2025-06-28 00:00:00.0";"2025-06-28 23:59:00.0";"19:00";"Ópera. Más que ópera    Recomendada para todos los públicos   'Recuerdos de una Diva' es mucho más que un recital: es un viaje emocional y vibrante a través de las luces y sombras de la mujer que cambió la historia de la música. Desde las arias más inolvidables de Mascagni, Bizet, Verdi, Rossini, Mozart y Puccini, hasta el retrato íntimo de sus distintas etapas vitales y vocales ?la juventud arrolladora, el apogeo artístico, la fragilidad de sus últimos años?el concierto hilvana música y relato para acercar la figura de Callas al público de hoy. 'Recuerdos de una Diva' conecta con las nuevas generaciones recordándonos que detrás de cada mito hay una historia de pasión, esfuerzo, reinvención y libertad. Un homenaje que resuena hoy más que nunca, en tiempos en que la autenticidad y la búsqueda de la propia voz son valores esenciales.";"http://www.madrid.es/sites/v/index.jsp?vgnextchannel=ca9671ee4a9eb410VgnVCM100000171f5a0aRCRD&vgnextoid=3e79c21a157f6910VgnVCM1000001d4a900aRCRD";"Actividades en el Centro Cultural Antonio Machado";"http://www.madrid.es/sites/v/index.jsp?vgnextchannel=ca9671ee4a9eb410VgnVCM100000171f5a0aRCRD&vgnextoid=74f47a01d8641910VgnVCM2000001f4a900aRCRD";"http://www.madrid.es/sites/v/index.jsp?vgnextchannel=bfa48ab43d6bb410VgnVCM100000171f5a0aRCRD&vgnextoid=cce43d0b5e71c010VgnVCM1000000b205a0aRCRD";"Centro Cultural Antonio Machado (San Blas - Canillejas)";"1";"CALLE";"SAN ROMAN DEL VALLE";"8";"SAN BLAS-CANILLEJAS";"ARCOS";"28037";"447255";"4474591";"40.420280457570335";"-3.621730741880216";"/contenido/actividades/Musica";"/usuario/Familias"
12804845;"Pedro, el negro";"";"0";"0";"";"";"2025-09-03 00:00:00.0";"2025-09-03 23:59:00.0";"19:00";"El joven Pedro tiene su primera experiencia laboral en un ultramarinos, trabajo que le cuesta mantener, mientras intenta ganarse el corazón de una chica de la que está prendado.   Milo? Forman (1932 ? 2018) fue una de las figuras más destacadas del cine checo de los años sesenta y ganó dos premios Oscar a la mejor dirección y película con Alguien voló sobre el nido del cuco (1976) y Amadeus (1985) tras emigrar a Estados Unidos. Sus padres murieron en campos de concentración durante la Segunda Guerra Mundial. A su término, se educó en un internado y después estudió guion en la FAMU de Praga. Desde su primera película, Pedro, el negro (1963), Forman creó su propio estilo, inspirado por el cinéma vérité y el neorrealismo. A su debut siguió el retrato de una joven infeliz, Los amores de una rubia (1965), que fue nominada al Oscar al Mejor filme internacional. Su segunda nominación a los premios de la Academia la obtuvo con ¡Al fuego, bomberos! (1967), donde denunciaba la incompetencia de la burocracia comunista. Cuando llegó la invasión soviética en 1968, se encontraba en el extranjero trabajando en el guion de su primera película estadounidense. Su mayor éxito crítico y comercial llegó con Alguien voló sobre el nido del cuco (1975), a las que siguieron Hair (1979), Ragtime (1981), El escándalo de Larry Flint (1996) y Man on the Moon (1999), en las que exploraba diferentes aspectos de la cultura y la sociedad estadounidenses.   Premios y festivales Festival de Locarno 1964 - Leopardo de Oro   Idioma: V.O.S.E.    Formato: DCP";"http://www.madrid.es/sites/v/index.jsp?vgnextchannel=ca9671ee4a9eb410VgnVCM100000171f5a0aRCRD&vgnextoid=dd2d082228d77910VgnVCM1000001d4a900aRCRD";"";"";"http://www.madrid.es/sites/v/index.jsp?vgnextchannel=bfa48ab43d6bb410VgnVCM100000171f5a0aRCRD&vgnextoid=2dbd1fe44c5ee310VgnVCM2000000c205a0aRCRD";"Cineteca Madrid";"1";"PLAZA";"LEGAZPI";"8";"ARGANZUELA";"CHOPERA";"28045";"440946";"4471422";"40.39130985242181";"-3.6958028442054074";"/contenido/actividades/ProgramacionDestacadaAgendaCultura";""
12778965;"Peneque cien por cien valiente - Los Títeres de Miguel Pino (Andalucía)";"";"1";"1";"L,M,X,J,V,S,D";"";"2025-07-19 00:00:00.0";"2025-07-20 23:59:00.0";"20:00";"";"http://www.madrid.es/sites/v/index.jsp?vgnextchannel=ca9671ee4a9eb410VgnVCM100000171f5a0aRCRD&vgnextoid=6ddb3e7040de6910VgnVCM1000001d4a900aRCRD";"";"";"http://www.madrid.es/sites/v/index.jsp?vgnextchannel=bfa48ab43d6bb410VgnVCM100000171f5a0aRCRD&vgnextoid=784d8c7c0f91f010VgnVCM1000000b205a0aRCRD";"Teatro Municipal de Títeres. Parque de El Retiro";"1";"AVENIDA";"MÉXICO";"4";"RETIRO";"LOS JERÓNIMOS";"28009";"441748";"4474466";"40.41878362561595";"-3.6866519471003647";"/contenido/actividades/CuentacuentosTiteresMarionetas";"/usuario/Niños"
12806295;"Pequeforum: Proyección de cortometrajes del Festival de Cine y Naturaleza Valle de la Fuenfría";"";"1";"0";"";"";"2025-07-19 00:00:00.0";"2025-07-19 23:59:00.0";"12:00";"De 12 a 13 horas.  Categoría: Proyección de cortos y debate sobre problemáticas ambientales. Entrada GRATUITA.  Lugar: Centro de Educación Ambiental y Cultural Maris Stella.  Edad: A partir de 5 años (menores acompañados con un adulto). Imprescindible reserva previa.  Sinopsis: En esta ocasión, en el CEAC Maris Stella os proponemos pasar una mañana en familia viendo una serie de cortometrajes de carácter ambiental que pertenecen al Festival Internacional de Cine y Naturaleza ?Valle de la Fuenfría?, que lleva organizando el parque Nacional de la Sierra de Guadarrama desde hace 13 años. A continuación, aprovecharemos para debatir entre todos las impresiones que nos generen dichos cortos. ¡No te lo puedes perder!";"http://www.madrid.es/sites/v/index.jsp?vgnextchannel=ca9671ee4a9eb410VgnVCM100000171f5a0aRCRD&vgnextoid=fbef2cee74787910VgnVCM1000001d4a900aRCRD";"Actividades en el Centro de Educación Ambiental y Cultural Maris Stella";"http://www.madrid.es/sites/v/index.jsp?vgnextchannel=ca9671ee4a9eb410VgnVCM100000171f5a0aRCRD&vgnextoid=4e25ce5179e61910VgnVCM1000001d4a900aRCRD";"http://www.madrid.es/sites/v/index.jsp?vgnextchannel=bfa48ab43d6bb410VgnVCM100000171f5a0aRCRD&vgnextoid=85205619bc23d710VgnVCM2000001f4a900aRCRD";"Centro de Educación Ambiental y Cultural Maris Stella (Usera)";"1";"CALLE";"DOCTOR TOLOSA LATOUR";"16";"USERA";"PRADOLONGO";"28026";"440301";"4469524";"40.374166248648216";"-3.7032220308808577";"/contenido/actividades/CineActividadesAudiovisuales";"/usuario/Niños,/usuario/Familias"
12811305;"Peripecias de un sevillano en apuros";"";"1";"0";"";"";"2025-07-11 00:00:00.0";"2025-07-11 23:59:00.0";"19:00";"Autor: Manuel León Rodríguez Es un viaje al interior de uno mismo, mezclando novela con ensayo y un toque de poesía. Pero sobre todo con el rigor de una autobiografía.";"http://www.madrid.es/sites/v/index.jsp?vgnextchannel=ca9671ee4a9eb410VgnVCM100000171f5a0aRCRD&vgnextoid=380696a2ff5a7910VgnVCM1000001d4a900aRCRD";"Actividades Centro Cultural Emilia Pardo Bazán";"http://www.madrid.es/sites/v/index.jsp?vgnextchannel=ca9671ee4a9eb410VgnVCM100000171f5a0aRCRD&vgnextoid=f44bedf006a51910VgnVCM1000001d4a900aRCRD";"http://www.madrid.es/sites/v/index.jsp?vgnextchannel=bfa48ab43d6bb410VgnVCM100000171f5a0aRCRD&vgnextoid=dc8d531521b74810VgnVCM1000001d4a900aRCRD";"Centro Cultural Emilia Pardo Bazán (Salamanca)";"1";"CALLE";"GOYA";"1";"SALAMANCA";"RECOLETOS";"28001";"441502";"4475253";"40.42585800515975";"-3.689601594290468";"/contenido/actividades/RecitalesPresentacionesActosLiterarios";""
12781657;"Pintura y restauración. Alumnos del Centro Cultural José Luis López Vázquez";"";"1";"1";"L,M,X,J,V,S,D";"";"2025-06-03 00:00:00.0";"2025-06-25 23:59:00.0";"";"Exposición de pintura y restauración";"http://www.madrid.es/sites/v/index.jsp?vgnextchannel=ca9671ee4a9eb410VgnVCM100000171f5a0aRCRD&vgnextoid=bb886011bc7f6910VgnVCM1000001d4a900aRCRD";"Actividades en el Centro Cultural José Luis López Vázquez";"http://www.madrid.es/sites/v/index.jsp?vgnextchannel=ca9671ee4a9eb410VgnVCM100000171f5a0aRCRD&vgnextoid=445a70db6da41910VgnVCM2000001f4a900aRCRD";"http://www.madrid.es/sites/v/index.jsp?vgnextchannel=bfa48ab43d6bb410VgnVCM100000171f5a0aRCRD&vgnextoid=b790e37de110f210VgnVCM1000000b205a0aRCRD";"Centro Cultural José Luis López Vázquez (San Blas - Canillejas)";"2";"CALLE";"FEBRERO";"4";"SAN BLAS-CANILLEJAS";"REJAS";"28022";"451431";"4477510";"40.446826729909155";"-3.5727382893523254";"/contenido/actividades/Exposiciones";""
12776148;"Planes de boda";"";"1";"0";"";"";"2025-06-28 00:00:00.0";"2025-06-28 23:59:00.0";"19:00";"Compañía. Producciones Max Estrella ¿Qué puedes esperar cuando vas a casarte y al conocer a los padres de tu pareja no son exactamente como te los imaginabas? ¿Lo darías todo por ella? El enredo es el detonante de dos divertidas historias que acabarán con PLANES DE BODA... ¿O no? Duración: 60 minutos. Edad: a partir de 16 años.";"http://www.madrid.es/sites/v/index.jsp?vgnextchannel=ca9671ee4a9eb410VgnVCM100000171f5a0aRCRD&vgnextoid=f715d0a9e9ec6910VgnVCM1000001d4a900aRCRD";"Actividades en el Teatro Municipal Villa de Vallecas";"http://www.madrid.es/sites/v/index.jsp?vgnextchannel=ca9671ee4a9eb410VgnVCM100000171f5a0aRCRD&vgnextoid=7bf62d24e6f61910VgnVCM2000001f4a900aRCRD";"http://www.madrid.es/sites/v/index.jsp?vgnextchannel=bfa48ab43d6bb410VgnVCM100000171f5a0aRCRD&vgnextoid=2193cb665c6e8610VgnVCM1000001d4a900aRCRD";"Teatro Municipal de Vallecas";"1";"CALLE";"PASO DE VILLAMANRIQUE";"3";"VILLA DE VALLECAS";"CASCO H.VALLECAS";"28031";"447122";"4469857";"40.37762362093048";"-3.6229095774784765";"/contenido/actividades/TeatroPerformance";""
12732781;"Planta de Compostaje de Migas Calientes";"";"1";"0";"";"";"2025-06-27 00:00:00.0";"2025-06-27 23:59:00.0";"10:00";"";"http://www.madrid.es/sites/v/index.jsp?vgnextchannel=ca9671ee4a9eb410VgnVCM100000171f5a0aRCRD&vgnextoid=7134671f272d5910VgnVCM2000001f4a900aRCRD";"Planta de Compostaje de Migas Calientes";"http://www.madrid.es/sites/v/index.jsp?vgnextchannel=ca9671ee4a9eb410VgnVCM100000171f5a0aRCRD&vgnextoid=244944e247a5d810VgnVCM1000001d4a900aRCRD";"http://www.madrid.es/sites/v/index.jsp?vgnextchannel=bfa48ab43d6bb410VgnVCM100000171f5a0aRCRD&vgnextoid=74536fd114f2f210VgnVCM1000000b205a0aRCRD";"Planta de transformación de residuos vegetales de Migas Calientes";"2";"AUTOVIA";"M-30";"2200";"MONCLOA-ARAVACA";"CIUDAD UNIVERSITARIA";"28040";"437249";"4477453";"40.445355536117184";"-3.7399742609916697";"/contenido/actividades/ExcursionesItinerariosVisitas";""
12772637;"Plazas Vivas. Vive Centro";"";"1";"1";"L,M,X,J,V,S,D";"";"2025-05-01 00:00:00.0";"2025-07-25 23:59:00.0";"";"";"http://www.madrid.es/sites/v/index.jsp?vgnextchannel=ca9671ee4a9eb410VgnVCM100000171f5a0aRCRD&vgnextoid=e55fc0b3a94b6910VgnVCM1000001d4a900aRCRD";"Plazas Vivas. Vive Centro";"http://www.madrid.es/sites/v/index.jsp?vgnextchannel=ca9671ee4a9eb410VgnVCM100000171f5a0aRCRD&vgnextoid=bb34f7bf535ae810VgnVCM1000001d4a900aRCRD";"";"";"";"";"";"";"";"";"";"";"";"";"";"/contenido/actividades/ActividadesCalleArteUrbano";""
12804418;"Poesía o barbarie -";"";"1";"0";"";"";"2025-06-28 00:00:00.0";"2025-06-28 23:59:00.0";"21:55";"";"http://www.madrid.es/sites/v/index.jsp?vgnextchannel=ca9671ee4a9eb410VgnVCM100000171f5a0aRCRD&vgnextoid=84b0240b69c77910VgnVCM1000001d4a900aRCRD";"";"";"http://www.madrid.es/sites/v/index.jsp?vgnextchannel=bfa48ab43d6bb410VgnVCM100000171f5a0aRCRD&vgnextoid=6c5c625c0d168510VgnVCM1000001d4a900aRCRD";"Nave de Terneras del Centro Cultural Casa del Reloj";"1";"PASEO";"CHOPERA";"10";"ARGANZUELA";"CHOPERA";"28045";"440713";"4471660";"40.393432756132874";"-3.6985778802913103";"/contenido/actividades/1ciudad21distritos";""
12805196;"Poeta enamorado. Encuentros de música y poesía";"";"1";"0";"";"";"2025-06-26 00:00:00.0";"2025-06-26 23:59:00.0";"18:00";"";"http://www.madrid.es/sites/v/index.jsp?vgnextchannel=ca9671ee4a9eb410VgnVCM100000171f5a0aRCRD&vgnextoid=b16e1a2c8c187910VgnVCM1000001d4a900aRCRD";"La guitarra de la edad de plata";"http://www.madrid.es/sites/v/index.jsp?vgnextchannel=ca9671ee4a9eb410VgnVCM100000171f5a0aRCRD&vgnextoid=8c9d9cd132394910VgnVCM2000001f4a900aRCRD";"http://www.madrid.es/sites/v/index.jsp?vgnextchannel=bfa48ab43d6bb410VgnVCM100000171f5a0aRCRD&vgnextoid=d482270f58c6c310VgnVCM2000000c205a0aRCRD";"Biblioteca Musical Víctor Espinós";"1,6";"CALLE";"CONDE DUQUE";"9";"CENTRO";"UNIVERSIDAD";"28015";"439723";"4475437";"40.42737760210632";"-3.7106116887809817";"/contenido/actividades/Musica";""
12792399;"Pon a punto tu bici. Taller de mecánica básica";"";"1";"0";"";"";"2025-08-09 00:00:00.0";"2025-08-09 23:59:00.0";"11:00";"";"http://www.madrid.es/sites/v/index.jsp?vgnextchannel=ca9671ee4a9eb410VgnVCM100000171f5a0aRCRD&vgnextoid=8dc501ef51037910VgnVCM2000001f4a900aRCRD";"Pon a punto tu bici. Taller de mecánica básica";"http://www.madrid.es/sites/v/index.jsp?vgnextchannel=ca9671ee4a9eb410VgnVCM100000171f5a0aRCRD&vgnextoid=7d64d981f4ab5810VgnVCM1000001d4a900aRCRD";"http://www.madrid.es/sites/v/index.jsp?vgnextchannel=bfa48ab43d6bb410VgnVCM100000171f5a0aRCRD&vgnextoid=a956fc79622ef010VgnVCM2000000c205a0aRCRD";"Centro de Información y Educación Ambiental de Dehesa de la Villa";"1";"PARQUE";"DEHESA DE LA VILLA";"0";"MONCLOA-ARAVACA";"";"28039";"439102";"4478967";"40.45914104116349";"-3.718270563679269";"/contenido/actividades/CursosTalleres";""
12808275;"Porta velas rústico";"";"1";"0";"";"";"2025-09-19 00:00:00.0";"2025-09-19 23:59:00.0";"17:00";"Con restos de madera haremos un estante para velas.  Plazas limitadas. Inscripción previa en el Centro Cultural.  Profesora: Marisa Martínez Moreno";"http://www.madrid.es/sites/v/index.jsp?vgnextchannel=ca9671ee4a9eb410VgnVCM100000171f5a0aRCRD&vgnextoid=40242886c6c87910VgnVCM1000001d4a900aRCRD";"Actividades en el Centro Cultural Ciudad Pegaso";"http://www.madrid.es/sites/v/index.jsp?vgnextchannel=ca9671ee4a9eb410VgnVCM100000171f5a0aRCRD&vgnextoid=f75970db6da41910VgnVCM2000001f4a900aRCRD";"http://www.madrid.es/sites/v/index.jsp?vgnextchannel=bfa48ab43d6bb410VgnVCM100000171f5a0aRCRD&vgnextoid=07f63190712b1110VgnVCM1000000b205a0aRCRD";"Centro Cultural Ciudad Pegaso (San Blas - Canillejas)";"1";"AVENIDA";"SEPTIMA";"11";"SAN BLAS-CANILLEJAS";"REJAS";"28022";"449281";"4477704";"40.44844757572015";"-3.598099871155595";"/contenido/actividades/CursosTalleres";""
12810931;"Presentación de Intramuros nº60: Miguel Chang";"";"1";"0";"";"";"2025-06-27 00:00:00.0";"2025-06-27 23:59:00.0";"18:00";"";"http://www.madrid.es/sites/v/index.jsp?vgnextchannel=ca9671ee4a9eb410VgnVCM100000171f5a0aRCRD&vgnextoid=3d7c12239d1a7910VgnVCM2000001f4a900aRCRD";"";"";"http://www.madrid.es/sites/v/index.jsp?vgnextchannel=bfa48ab43d6bb410VgnVCM100000171f5a0aRCRD&vgnextoid=e791bed05ceed310VgnVCM1000000b205a0aRCRD";"Biblioteca Pública Municipal Eugenio Trías. Casa de Fieras de El Retiro (Retiro)";"1,6";"PASEO";"FERNÁN NÚÑEZ";"24";"RETIRO";"LOS JERONIMOS";"28009";"442345";"4474221";"40.4166091081099";"-3.6795930368034804";"/contenido/actividades/ConferenciasColoquios";""
12805263;"Prímital Brothers (Concierto teatralizado)";"";"1";"0";"";"";"2025-07-26 00:00:00.0";"2025-07-26 23:59:00.0";"21:00";"Lugar: Jardín de las Asociaciones  Compañía: Prímital Brothers  Espectáculo: Cuarteto vocal interdisciplinar que fusiona géneros como bossa nova, rock, ópera y flamenco, con un estilo lírico que oscila entre lo cómico y lo onomatopéyico";"http://www.madrid.es/sites/v/index.jsp?vgnextchannel=ca9671ee4a9eb410VgnVCM100000171f5a0aRCRD&vgnextoid=05d61a2c8c187910VgnVCM1000001d4a900aRCRD";"";"";"";"";"";"";"";"";"";"";"";"";"";"";"";"/contenido/actividades/Musica";""
12809477;"Priscilla";"";"1";"0";"";"";"2025-08-29 00:00:00.0";"2025-08-29 23:59:00.0";"22:00";"Dirección: Sofía Coppola.  Con Cailee Spaeny, Jacob Elordi, Emily Mitchell.  EEUU e Italia 2023. 112?.       Cuando la adolescente Priscilla conoce a Elvis Presley en una fiesta, él ya es una meteórica superestrella del rock and roll, pero se convierte en alguien totalmente inesperado en momentos privados: un apasionante flechazo, un aliado en la soledad, un vulnerable mejor amigo.     No recomendada para menores de 12 años y especialmente recomendada para el fomento de la igualdad de género.";"http://www.madrid.es/sites/v/index.jsp?vgnextchannel=ca9671ee4a9eb410VgnVCM100000171f5a0aRCRD&vgnextoid=334de7bc50c97910VgnVCM2000001f4a900aRCRD";"";"";"http://www.madrid.es/sites/v/index.jsp?vgnextchannel=bfa48ab43d6bb410VgnVCM100000171f5a0aRCRD&vgnextoid=598745dbd6891110VgnVCM1000000b205a0aRCRD";"Instalación Deportiva Municipal Básica Parque El Calero";"0";"CALLE";"VIRGEN DE NURIA";"S/N";"CIUDAD LINEAL";"CONCEPCION";"28027";"444643";"4476387";"40.436286671972276";"-3.6526968257803736";"/contenido/actividades/CineActividadesAudiovisuales";""
12794179;"Procesión de Nuestra Señora del Carmen";"";"1";"0";"";"";"2025-07-16 00:00:00.0";"2025-07-16 23:59:00.0";"20:00";"Miércoles 16 de julio, a las 20:00 h Recorrido: Salida desde la iglesia de Santa Teresa y Santa Isabel, Plaza Pintor Sorolla";"http://www.madrid.es/sites/v/index.jsp?vgnextchannel=ca9671ee4a9eb410VgnVCM100000171f5a0aRCRD&vgnextoid=7085d2ee2b437910VgnVCM1000001d4a900aRCRD";"Actividades de verano en el Distrito de Chamberí";"http://www.madrid.es/sites/v/index.jsp?vgnextchannel=ca9671ee4a9eb410VgnVCM100000171f5a0aRCRD&vgnextoid=a9d769ea76117910VgnVCM1000001d4a900aRCRD";"";"";"";"";"";"";"";"";"";"";"";"";"";"/contenido/actividades/TeatroPerformance";""
12781363;"Proceso por la sombra de un burro";"";"1";"0";"";"";"2025-06-28 00:00:00.0";"2025-06-28 23:59:00.0";"18:30";"Autor: Friedrich Dürrenmatt. Cía.: Taller de teatro de la Escuela popular de Oporto                                 No recomendada para menores de 16 años   Proceso por la sombra de un burro es una obra del dramaturgo suizo Friedrich Dürrenmatt ambientada en la Grecia clásica. Se trata de una crítica satírica a la burocracia, la corrupción y la tendencia social a convertir problemas triviales en conflictos colectivos de gran escala. En esta ocasión la Escuela Popular de Oporto y su Taller de Teatro traemos esta versión para que nos sirva de reflexión, e invita a los espectadores a ser testigos de este proceso judicial en el que están implicados una sombra, un asnero, un dentista, un burro y toda la sociedad.";"http://www.madrid.es/sites/v/index.jsp?vgnextchannel=ca9671ee4a9eb410VgnVCM100000171f5a0aRCRD&vgnextoid=f421c21a157f6910VgnVCM1000001d4a900aRCRD";"Actividades en el Centro Cultural Buero Vallejo";"http://www.madrid.es/sites/v/index.jsp?vgnextchannel=ca9671ee4a9eb410VgnVCM100000171f5a0aRCRD&vgnextoid=da1970db6da41910VgnVCM2000001f4a900aRCRD";"http://www.madrid.es/sites/v/index.jsp?vgnextchannel=bfa48ab43d6bb410VgnVCM100000171f5a0aRCRD&vgnextoid=98953d0b5e71c010VgnVCM1000000b205a0aRCRD";"Centro Cultural Buero Vallejo (San Blas - Canillejas)";"1";"CALLE";"BOLTAÑA";"27";"SAN BLAS-CANILLEJAS";"CANILLEJAS";"28022";"448023";"4477305";"40.44477474902185";"-3.6129105844633775";"/contenido/actividades/TeatroPerformance";""
12725075;"Próxima estación";"";"1";"0";"";"";"2025-07-12 00:00:00.0";"2025-07-12 23:59:00.0";"20:00";"Lugar: Plaza Inmaculada Concepción (Comillas)  Compañía: La Noria Teatro  Obra: Montse y Marga se reúnen cada día en el mismo banco, sumidas en una rutina de la que no pueden escapar por miedo a la soledad. Un día, su orden se rompe, llevándolas a transitar por situaciones llenas de apego, orgullo y el paso del tiempo.";"http://www.madrid.es/sites/v/index.jsp?vgnextchannel=ca9671ee4a9eb410VgnVCM100000171f5a0aRCRD&vgnextoid=901e1326db4a5910VgnVCM2000001f4a900aRCRD";"";"";"";"";"";"";"";"";"";"";"";"";"";"";"";"/contenido/actividades/TeatroPerformance";""
12798031;"PROYECTO CRECE 2025";"";"0";"1";"L,M,X,J,V,S,D";"";"2025-09-11 00:00:00.0";"2025-09-14 23:59:00.0";"";"";"http://www.madrid.es/sites/v/index.jsp?vgnextchannel=ca9671ee4a9eb410VgnVCM100000171f5a0aRCRD&vgnextoid=bfa5db3e7b447910VgnVCM1000001d4a900aRCRD";"";"";"http://www.madrid.es/sites/v/index.jsp?vgnextchannel=bfa48ab43d6bb410VgnVCM100000171f5a0aRCRD&vgnextoid=432257258ae5d010VgnVCM1000000b205a0aRCRD";"Teatro Circo Price";"1";"RONDA";"ATOCHA";"35";"ARGANZUELA";"PALOS DE LA FRONTERA";"28012";"440722";"4473051";"40.40596936645757";"-3.698589986849812";"/contenido/actividades/ProgramacionDestacadaAgendaCultura";""
12639835;"Punto de intercambio de libros gratuito";"";"1";"1";"L,M,X,J,V,S,D";"";"2025-01-01 00:00:00.0";"2033-01-31 23:59:00.0";"";"En horario del centro";"http://www.madrid.es/sites/v/index.jsp?vgnextchannel=ca9671ee4a9eb410VgnVCM100000171f5a0aRCRD&vgnextoid=a002ee1131644910VgnVCM1000001d4a900aRCRD";"Actividades del Centro Sociocultural Teresa de Calcuta";"http://www.madrid.es/sites/v/index.jsp?vgnextchannel=ca9671ee4a9eb410VgnVCM100000171f5a0aRCRD&vgnextoid=c392420facdf0910VgnVCM2000001f4a900aRCRD";"http://www.madrid.es/sites/v/index.jsp?vgnextchannel=bfa48ab43d6bb410VgnVCM100000171f5a0aRCRD&vgnextoid=f50e1e79ee71c010VgnVCM1000000b205a0aRCRD";"Centro Sociocultural Teresa de Calcuta (Barajas)";"1";"PLAZA";"NAVIO";"4";"BARAJAS";"ALAMEDA DE OSUNA";"28042";"450174";"4478461";"40.455320740232835";"-3.5876301858469386";"";"/usuario/Familias"
11975802;"Puntos de intercambio gratuitos de libros en los Centros Culturales de Barajas";"";"1";"1";"L,M,X,J,V,S,D";"";"2023-04-10 00:00:00.0";"2029-06-30 23:59:00.0";"";"";"http://www.madrid.es/sites/v/index.jsp?vgnextchannel=ca9671ee4a9eb410VgnVCM100000171f5a0aRCRD&vgnextoid=809e3ec8f3237810VgnVCM1000001d4a900aRCRD";"Puntos de intercambio gratuitos de libros en los Centros Culturales de Barajas";"http://www.madrid.es/sites/v/index.jsp?vgnextchannel=ca9671ee4a9eb410VgnVCM100000171f5a0aRCRD&vgnextoid=921c3ec8f3237810VgnVCM1000001d4a900aRCRD";"";"";"";"";"";"";"";"";"";"";"";"";"";"";""
12806977;"Quedada de cine: Campeones";"";"1";"0";"";"";"2025-09-17 00:00:00.0";"2025-09-17 23:59:00.0";"11:00";"Esta actividad se enmarca en las iniciativas para prevenir la soledad no deseada y organizada por el Centro Municipal de Salud comunitaria Fuencarral-El Pardo, en la que se proyectará la película 'Eduardo Manostijeras' tras la cual, se realizará un coloquio.   Sinopsis: Marco, un entrenador profesional de baloncesto, se encuentra un día, en medio de una crisis personal, entrenando a un equipo compuesto por personas con discapacidad intelectual. Lo que comienza como un problema se acaba convirtiendo en una lección de vida. (FILMAFFINITY).";"http://www.madrid.es/sites/v/index.jsp?vgnextchannel=ca9671ee4a9eb410VgnVCM100000171f5a0aRCRD&vgnextoid=0a4f4d08d1887910VgnVCM1000001d4a900aRCRD";"Quedada de cine";"http://www.madrid.es/sites/v/index.jsp?vgnextchannel=ca9671ee4a9eb410VgnVCM100000171f5a0aRCRD&vgnextoid=c33ae7c0c8290910VgnVCM2000001f4a900aRCRD";"http://www.madrid.es/sites/v/index.jsp?vgnextchannel=bfa48ab43d6bb410VgnVCM100000171f5a0aRCRD&vgnextoid=70d879262ef5d010VgnVCM1000000b205a0aRCRD";"Biblioteca Pública Municipal José Saramago (Fuencarral-El Pardo)";"1,5,6";"AVENIDA";"MONFORTE DE LEMOS";"38";"FUENCARRAL-EL PARDO";"EL PILAR";"28029";"439867";"4481122";"40.47860087334554";"-3.7094408342979954";"/contenido/actividades/CineActividadesAudiovisuales";""
12806975;"Quedada de cine: Nomadland";"";"1";"0";"";"";"2025-08-19 00:00:00.0";"2025-08-19 23:59:00.0";"11:00";"Esta actividad se enmarca en las iniciativas para prevenir la soledad no deseada y organizada por el Centro Municipal de Salud comunitaria Fuencarral-El Pardo, en la que se proyectará la película 'Eduardo Manostijeras' tras la cual, se realizará un coloquio.  Sinopsis: Una mujer, después de perderlo todo durante la recesión, se embarca en un viaje hacia el Oeste americano viviendo como una nómada en una caravana. Tras el colapso económico que afectó también a su ciudad en la zona rural de Nevada, Fern toma su camioneta y se pone en camino para explorar una vida fuera de la sociedad convencional, como nómada moderna. (FILMAFFINITY)";"http://www.madrid.es/sites/v/index.jsp?vgnextchannel=ca9671ee4a9eb410VgnVCM100000171f5a0aRCRD&vgnextoid=eaae4d08d1887910VgnVCM1000001d4a900aRCRD";"Quedada de cine";"http://www.madrid.es/sites/v/index.jsp?vgnextchannel=ca9671ee4a9eb410VgnVCM100000171f5a0aRCRD&vgnextoid=c33ae7c0c8290910VgnVCM2000001f4a900aRCRD";"http://www.madrid.es/sites/v/index.jsp?vgnextchannel=bfa48ab43d6bb410VgnVCM100000171f5a0aRCRD&vgnextoid=70d879262ef5d010VgnVCM1000000b205a0aRCRD";"Biblioteca Pública Municipal José Saramago (Fuencarral-El Pardo)";"1,5,6";"AVENIDA";"MONFORTE DE LEMOS";"38";"FUENCARRAL-EL PARDO";"EL PILAR";"28029";"439867";"4481122";"40.47860087334554";"-3.7094408342979954";"/contenido/actividades/CineActividadesAudiovisuales";""
12630743;"Quinta de Los Molinos";"";"1";"0";"";"";"2025-09-03 00:00:00.0";"2025-09-03 23:59:00.0";"19:00";"";"http://www.madrid.es/sites/v/index.jsp?vgnextchannel=ca9671ee4a9eb410VgnVCM100000171f5a0aRCRD&vgnextoid=1b8176bd693f3910VgnVCM1000001d4a900aRCRD";"Quinta de Los Molinos";"http://www.madrid.es/sites/v/index.jsp?vgnextchannel=ca9671ee4a9eb410VgnVCM100000171f5a0aRCRD&vgnextoid=e6643c06c5408810VgnVCM1000001d4a900aRCRD";"";"";"";"";"";"";"";"";"";"";"";"";"";"/contenido/actividades/ExcursionesItinerariosVisitas";""
12630742;"Quinta de Los Molinos";"";"1";"0";"";"";"2025-07-11 00:00:00.0";"2025-07-11 23:59:00.0";"19:00";"";"http://www.madrid.es/sites/v/index.jsp?vgnextchannel=ca9671ee4a9eb410VgnVCM100000171f5a0aRCRD&vgnextoid=bb7176bd693f3910VgnVCM1000001d4a900aRCRD";"Quinta de Los Molinos";"http://www.madrid.es/sites/v/index.jsp?vgnextchannel=ca9671ee4a9eb410VgnVCM100000171f5a0aRCRD&vgnextoid=e6643c06c5408810VgnVCM1000001d4a900aRCRD";"";"";"";"";"";"";"";"";"";"";"";"";"";"/contenido/actividades/ExcursionesItinerariosVisitas";""
12345404;"Quinta de Los Montijo";"";"1";"0";"";"";"2025-06-25 00:00:00.0";"2025-06-25 23:59:00.0";"10:00";"Itinerario evocador por la antigua Quinta de los Montijo y su radical transformación urbana, donde se concentran historias diversas asociadas a los condes de Montijo, la villa romana de Carabanchel, la ermita de la Antigua, la antigua cárcel provincial y la vía pecuaria de Boadilla. Actividad dirigida a público adulto.  Duración estimada: aproximadamente dos horas y media.";"http://www.madrid.es/sites/v/index.jsp?vgnextchannel=ca9671ee4a9eb410VgnVCM100000171f5a0aRCRD&vgnextoid=24e559067b1de810VgnVCM1000001d4a900aRCRD";"Entre historias y jardines";"http://www.madrid.es/sites/v/index.jsp?vgnextchannel=ca9671ee4a9eb410VgnVCM100000171f5a0aRCRD&vgnextoid=bf8b691bdf7ce810VgnVCM1000001d4a900aRCRD";"";"";"";"";"";"";"";"";"";"";"";"";"";"/contenido/actividades/ExcursionesItinerariosVisitas";""
12630744;"Quinta de Torre Arias";"";"1";"0";"";"";"2025-07-16 00:00:00.0";"2025-07-16 23:59:00.0";"10:00";"";"http://www.madrid.es/sites/v/index.jsp?vgnextchannel=ca9671ee4a9eb410VgnVCM100000171f5a0aRCRD&vgnextoid=19b176bd693f3910VgnVCM1000001d4a900aRCRD";"Quinta de Torre Arias";"http://www.madrid.es/sites/v/index.jsp?vgnextchannel=ca9671ee4a9eb410VgnVCM100000171f5a0aRCRD&vgnextoid=7fe4637930eec810VgnVCM1000001d4a900aRCRD";"";"";"";"";"";"";"";"";"";"";"";"";"";"/contenido/actividades/ExcursionesItinerariosVisitas";""
12630745;"Quinta de Torre Arias";"";"1";"0";"";"";"2025-07-26 00:00:00.0";"2025-07-26 23:59:00.0";"19:00";"";"http://www.madrid.es/sites/v/index.jsp?vgnextchannel=ca9671ee4a9eb410VgnVCM100000171f5a0aRCRD&vgnextoid=04c176bd693f3910VgnVCM1000001d4a900aRCRD";"Quinta de Torre Arias";"http://www.madrid.es/sites/v/index.jsp?vgnextchannel=ca9671ee4a9eb410VgnVCM100000171f5a0aRCRD&vgnextoid=7fe4637930eec810VgnVCM1000001d4a900aRCRD";"";"";"";"";"";"";"";"";"";"";"";"";"";"/contenido/actividades/ExcursionesItinerariosVisitas";""
12780150;"Rastreando la vida silvestre";"";"1";"0";"";"";"2025-06-27 00:00:00.0";"2025-06-27 23:59:00.0";"17:30";"Horario: De 17:30 a 18:30 horas.  Edad: Familias con niños y niñas a partir de 5 años (menores acompañados con un adulto). Imprescindible reserva previa.  Sinopsis: ¿Sabes lo que es un cagarrutero, o una egagrópila, y un desmogue? En este divertido taller aprenderemos todas estas cosas y diferenciaremos algunos rastros y huellas de los animales silvestres que habitan en la Comunidad de Madrid. Además, crearemos nuestras propias huellas con arcilla.";"http://www.madrid.es/sites/v/index.jsp?vgnextchannel=ca9671ee4a9eb410VgnVCM100000171f5a0aRCRD&vgnextoid=dee4c81d8c1f6910VgnVCM2000001f4a900aRCRD";"Actividades en el Centro de Educación Ambiental y Cultural Maris Stella";"http://www.madrid.es/sites/v/index.jsp?vgnextchannel=ca9671ee4a9eb410VgnVCM100000171f5a0aRCRD&vgnextoid=4e25ce5179e61910VgnVCM1000001d4a900aRCRD";"http://www.madrid.es/sites/v/index.jsp?vgnextchannel=bfa48ab43d6bb410VgnVCM100000171f5a0aRCRD&vgnextoid=85205619bc23d710VgnVCM2000001f4a900aRCRD";"Centro de Educación Ambiental y Cultural Maris Stella (Usera)";"1";"CALLE";"DOCTOR TOLOSA LATOUR";"16";"USERA";"PRADOLONGO";"28026";"440301";"4469524";"40.374166248648216";"-3.7032220308808577";"/contenido/actividades/CursosTalleres";"/usuario/Niños,/usuario/Familias"
12042646;"Rastros y huellas";"";"1";"0";"";"";"2025-08-23 00:00:00.0";"2025-08-23 23:59:00.0";"10:30";"Con esta actividad daremos a conocer distintos métodos para identificar animales a través de los rastros que deja la fauna: huellas, restos de nidos, egagrópilas, plumas, frutos mordidos, exuvias? Además se realizarán juegos y manualidades que permitan aprender de forma divertida. Taller dirigido a familias con menores a partir de 9 años.  Duración estimada: aproximadamente una hora y media.";"http://www.madrid.es/sites/v/index.jsp?vgnextchannel=ca9671ee4a9eb410VgnVCM100000171f5a0aRCRD&vgnextoid=8b4286631f6e8810VgnVCM1000001d4a900aRCRD";"Especial familias";"http://www.madrid.es/sites/v/index.jsp?vgnextchannel=ca9671ee4a9eb410VgnVCM100000171f5a0aRCRD&vgnextoid=9bfd9a5c7db95810VgnVCM1000001d4a900aRCRD";"http://www.madrid.es/sites/v/index.jsp?vgnextchannel=bfa48ab43d6bb410VgnVCM100000171f5a0aRCRD&vgnextoid=8a22598d1351c010VgnVCM1000000b205a0aRCRD";"Centro de Información y Educación Ambiental de Casa de Campo";"1";"PARQUE";"CASA DE CAMPO (JUNTO AL EMBARCADERO DEL LAGO)";"";"MONCLOA-ARAVACA";"CASA DE CAMPO";"28011";"437990";"4474399";"40.41789950036311";"-3.7309390858931137";"";"/usuario/Familias"
12630593;"Real Sitio de la Florida. Tramo I";"";"1";"0";"";"";"2025-09-24 00:00:00.0";"2025-09-24 23:59:00.0";"10:00";"Itinerario por el que fue el origen del Real Sitio de la Florida llegando al actual Madrid Río, a la altura de la ermita de San Antonio de la Florida. Pondremos en valor su influencia en el desarrollo ambiental del oeste madrileño como huella verde del Patrimonio Real. Actividad dirigida a público adulto.  Duración estimada: dos horas y media.";"http://www.madrid.es/sites/v/index.jsp?vgnextchannel=ca9671ee4a9eb410VgnVCM100000171f5a0aRCRD&vgnextoid=c295a1d8563f3910VgnVCM1000001d4a900aRCRD";"Entre historias y jardines";"http://www.madrid.es/sites/v/index.jsp?vgnextchannel=ca9671ee4a9eb410VgnVCM100000171f5a0aRCRD&vgnextoid=bf8b691bdf7ce810VgnVCM1000001d4a900aRCRD";"";"";"";"";"";"";"";"";"";"";"";"";"";"/contenido/actividades/ExcursionesItinerariosVisitas";""
12798797;"Real Sitio de la Florida. Tramo II";"";"1";"0";"";"";"2025-09-26 00:00:00.0";"2025-09-26 23:59:00.0";"10:00";"Itinerario para interpretar la transformación urbana y arquitectónica por Ciudad Universitaria, con una visión global del antiguo territorio real desde el mirador del Faro de Moncloa. Actividad dirigida a público adulto.  Duración estimada: dos horas y media.";"http://www.madrid.es/sites/v/index.jsp?vgnextchannel=ca9671ee4a9eb410VgnVCM100000171f5a0aRCRD&vgnextoid=88782cade1457910VgnVCM2000001f4a900aRCRD";"Entre historias y jardines";"http://www.madrid.es/sites/v/index.jsp?vgnextchannel=ca9671ee4a9eb410VgnVCM100000171f5a0aRCRD&vgnextoid=bf8b691bdf7ce810VgnVCM1000001d4a900aRCRD";"";"";"";"";"";"";"";"";"";"";"";"";"";"/contenido/actividades/ExcursionesItinerariosVisitas";""
12630759;"Renaturalización del río Manzanares";"";"1";"0";"";"";"2025-08-27 00:00:00.0";"2025-08-27 23:59:00.0";"18:30";"";"http://www.madrid.es/sites/v/index.jsp?vgnextchannel=ca9671ee4a9eb410VgnVCM100000171f5a0aRCRD&vgnextoid=238476bd693f3910VgnVCM1000001d4a900aRCRD";"Renaturalización del río Manzanares: del Puente de Segovia a Matadero";"http://www.madrid.es/sites/v/index.jsp?vgnextchannel=ca9671ee4a9eb410VgnVCM100000171f5a0aRCRD&vgnextoid=7ef4a6237197d810VgnVCM2000001f4a900aRCRD";"";"";"";"";"";"";"";"";"";"";"";"";"";"/contenido/actividades/ExcursionesItinerariosVisitas";""
12532911;"Repair Café Madrid 2024-25";"Gratuito";"0";"1";"S";"";"2024-09-28 00:00:00.0";"2025-07-26 23:59:00.0";"18:00";"";"http://www.madrid.es/sites/v/index.jsp?vgnextchannel=ca9671ee4a9eb410VgnVCM100000171f5a0aRCRD&vgnextoid=87e6a32fa9322910VgnVCM1000001d4a900aRCRD";"";"";"http://www.madrid.es/sites/v/index.jsp?vgnextchannel=bfa48ab43d6bb410VgnVCM100000171f5a0aRCRD&vgnextoid=79f59dacff4d7110VgnVCM1000000b205a0aRCRD";"Medialab en Matadero. Matadero Madrid";"1";"PASEO";"CHOPERA";"14";"ARGANZUELA";"CHOPERA";"28045";"440828";"4471551";"40.39245798191536";"-3.6972067902718897";"/contenido/actividades/ProgramacionDestacadaAgendaCultura";""
12721889;"Repostería";"";"1";"1";"X";"";"2025-04-01 00:00:00.0";"2025-06-30 23:59:00.0";"16:00";"";"http://www.madrid.es/sites/v/index.jsp?vgnextchannel=ca9671ee4a9eb410VgnVCM100000171f5a0aRCRD&vgnextoid=4b0beb30c5a85910VgnVCM2000001f4a900aRCRD";"";"";"http://www.madrid.es/sites/v/index.jsp?vgnextchannel=bfa48ab43d6bb410VgnVCM100000171f5a0aRCRD&vgnextoid=1947371b6e958110VgnVCM1000000b205a0aRCRD";"Sala de estudio Centro cultural Quinta del Berro - Rafael Altamira (Salamanca)";"1";"CALLE";"ENRIQUE D'ALMONTE";"1";"SALAMANCA";"FUENTE DEL BERRO";"28028";"443759";"4474815";"40.42206923419431";"-3.6629608041639368";"/contenido/actividades/CursosTalleres";""
12800064;"Resonancia";"";"0";"0";"";"";"2025-08-25 00:00:00.0";"2025-08-25 23:59:00.0";"21:30";"";"http://www.madrid.es/sites/v/index.jsp?vgnextchannel=ca9671ee4a9eb410VgnVCM100000171f5a0aRCRD&vgnextoid=b02cba98e7957910VgnVCM1000001d4a900aRCRD";"";"";"http://www.madrid.es/sites/v/index.jsp?vgnextchannel=bfa48ab43d6bb410VgnVCM100000171f5a0aRCRD&vgnextoid=784d8c7c0f91f010VgnVCM1000000b205a0aRCRD";"Teatro Municipal de Títeres. Parque de El Retiro";"1";"AVENIDA";"MÉXICO";"4";"RETIRO";"LOS JERÓNIMOS";"28009";"441748";"4474466";"40.41878362561595";"-3.6866519471003647";"/contenido/actividades/CuentacuentosTiteresMarionetas";""
12792387;"Reutilizando materiales: elabora jabón artesanal";"";"1";"0";"";"";"2025-09-14 00:00:00.0";"2025-09-14 23:59:00.0";"11:00";"";"http://www.madrid.es/sites/v/index.jsp?vgnextchannel=ca9671ee4a9eb410VgnVCM100000171f5a0aRCRD&vgnextoid=f1e301ef51037910VgnVCM2000001f4a900aRCRD";"Reutilizando materiales: elabora jabón artesanal";"http://www.madrid.es/sites/v/index.jsp?vgnextchannel=ca9671ee4a9eb410VgnVCM100000171f5a0aRCRD&vgnextoid=66b05915040d9810VgnVCM1000001d4a900aRCRD";"http://www.madrid.es/sites/v/index.jsp?vgnextchannel=bfa48ab43d6bb410VgnVCM100000171f5a0aRCRD&vgnextoid=a956fc79622ef010VgnVCM2000000c205a0aRCRD";"Centro de Información y Educación Ambiental de Dehesa de la Villa";"1";"PARQUE";"DEHESA DE LA VILLA";"0";"MONCLOA-ARAVACA";"";"28039";"439102";"4478967";"40.45914104116349";"-3.718270563679269";"/contenido/actividades/CursosTalleres";""
12794178;"Risitas y Chistoso";"";"1";"0";"";"";"2025-06-27 00:00:00.0";"2025-06-27 23:59:00.0";"12:00";"Risitas y Chistoso, dos payasos de un circo mágico, se dan cuenta de que las sonrisas de los habitantes de Sonrisópolis han desaparecido. Juntos, emprenden una aventura para descubrir el misterio y devolver la alegría. ¿Podrán restaurar la felicidad antes de que sea demasiado tarde?  Las entradas se repartirán desde dos días antes de la actuación hasta 15 minutos antes del comienzo de la misma.";"http://www.madrid.es/sites/v/index.jsp?vgnextchannel=ca9671ee4a9eb410VgnVCM100000171f5a0aRCRD&vgnextoid=c88dd2ee2b437910VgnVCM1000001d4a900aRCRD";"Actividades infantiles Moratalaz";"http://www.madrid.es/sites/v/index.jsp?vgnextchannel=ca9671ee4a9eb410VgnVCM100000171f5a0aRCRD&vgnextoid=401c6c33ba017910VgnVCM2000001f4a900aRCRD";"http://www.madrid.es/sites/v/index.jsp?vgnextchannel=bfa48ab43d6bb410VgnVCM100000171f5a0aRCRD&vgnextoid=f3073d0b5e71c010VgnVCM1000000b205a0aRCRD";"Centro Cultural el Torito (Moratalaz)";"1";"AVENIDA";"MORATALAZ";"130";"MORATALAZ";"VINATEROS";"28030";"445141";"4473033";"40.40610655994401";"-3.646521482592748";"";"/usuario/Niños,/usuario/Familias"
12524584;"Ritmos Latinos y Bailes Americanos (Nivel Medio). Jornadas gratuitas";"";"1";"1";"V";"";"2024-10-04 00:00:00.0";"2026-06-26 23:59:00.0";"";"Viernes (de octubre a junio). Tres grupos (18:15 a 19:15 horas, 19:15 a 20:15 horas y de 20:15 a 21:15 horas).    Inscripción presencial en Conserjería del Centro Cultural, a partir del 25 de septiembre, hasta completar aforo (12 parejas mayores de edad)";"http://www.madrid.es/sites/v/index.jsp?vgnextchannel=ca9671ee4a9eb410VgnVCM100000171f5a0aRCRD&vgnextoid=5f96e01f5be02910VgnVCM2000001f4a900aRCRD";"Actividades en el Centro Cultural Antonio Machado";"http://www.madrid.es/sites/v/index.jsp?vgnextchannel=ca9671ee4a9eb410VgnVCM100000171f5a0aRCRD&vgnextoid=74f47a01d8641910VgnVCM2000001f4a900aRCRD";"http://www.madrid.es/sites/v/index.jsp?vgnextchannel=bfa48ab43d6bb410VgnVCM100000171f5a0aRCRD&vgnextoid=cce43d0b5e71c010VgnVCM1000000b205a0aRCRD";"Centro Cultural Antonio Machado (San Blas - Canillejas)";"1";"CALLE";"SAN ROMAN DEL VALLE";"8";"SAN BLAS-CANILLEJAS";"ARCOS";"28037";"447255";"4474591";"40.420280457570335";"-3.621730741880216";"/contenido/actividades/DanzaBaile";"/usuario/Familias"
12808432;"Robots Dreams";"";"1";"0";"";"";"2025-08-02 00:00:00.0";"2025-08-02 23:59:00.0";"22:00";"Sábado 2 de agosto, 22:00  Robot Dreams Dirección: Pablo Berger. Género: Animación. Sinopsis:  Basada en la popular novela gráfica de Sara Varon. Dog es un perro solitario que vive en Manhattan. Un día decide construirse un robot, para que sea amigo. Su amistad crece, hasta hacerse inseparables, al ritmo del Nueva York de los 80. Una noche de verano, Dog, con gran pena, se ve obligado a abandonar al robot en la playa. Edad recomendada a partir de 5 años.";"http://www.madrid.es/sites/v/index.jsp?vgnextchannel=ca9671ee4a9eb410VgnVCM100000171f5a0aRCRD&vgnextoid=fce55be49cc87910VgnVCM2000001f4a900aRCRD";"Cine de verano en Moratalaz";"http://www.madrid.es/sites/v/index.jsp?vgnextchannel=ca9671ee4a9eb410VgnVCM100000171f5a0aRCRD&vgnextoid=6ba253804e037910VgnVCM2000001f4a900aRCRD";"http://www.madrid.es/sites/v/index.jsp?vgnextchannel=bfa48ab43d6bb410VgnVCM100000171f5a0aRCRD&vgnextoid=8c86e2704a07e210VgnVCM1000000b205a0aRCRD";"Parque de la Cuña Verde de O´Donnell";"2";"CALLE";"FUENTE CARRANTONA";"61";"MORATALAZ";"MARROQUINA";"28030";"446635";"4473699";"40.41220177650095";"-3.628985975935673";"";""
12793004;"Ruta a caballo";"";"1";"0";"";"";"2025-09-21 00:00:00.0";"2025-09-21 23:59:00.0";"09:00";"No hay nada mejor que disfrutar de una ruta a caballo en Madrid en la Sierra de Guadarrama; una forma divertida y cómoda de disfrutar de las increíbles panorámicas del Parque Nacional de la Sierra de Guadarrama. Tendremos la oportunidad de conocer a estos nobles y magníficos animales mientras realizamos una ruta en la que apreciaremos unas vistas increíbles de las montañas y picos que componen la Sierra de Guadarrama. La ruta que se realiza transcurre por el Valle de los 7 Picos, acompañados por varios guías que nos irán dando pautas e indicaciones para que realicemos una actividad extraordinaria y divertida, a la vez que aprendemos a montar a caballo. Disfruta de una experiencia completa, combinando un agradable paseo a caballo en un entorno natural único como lo es la Sierra de Guadarrama, y descubriendo las instalaciones de la hípica de la mano de profesionales, pudiendo conocer y estar en contacto con los animales durante todo el rato que deseemos. También conoceremos el entorno de la zona, pudiendo recorrer pequeños senderos y conocer una pequeña ermita de la zona.    Inscripciones a partir del 12 de septiembre en el enlace";"http://www.madrid.es/sites/v/index.jsp?vgnextchannel=ca9671ee4a9eb410VgnVCM100000171f5a0aRCRD&vgnextoid=c250f80bf1137910VgnVCM1000001d4a900aRCRD";"Actividades de verano en el Distrito de Chamberí";"http://www.madrid.es/sites/v/index.jsp?vgnextchannel=ca9671ee4a9eb410VgnVCM100000171f5a0aRCRD&vgnextoid=a9d769ea76117910VgnVCM1000001d4a900aRCRD";"http://www.madrid.es/sites/v/index.jsp?vgnextchannel=bfa48ab43d6bb410VgnVCM100000171f5a0aRCRD&vgnextoid=30181e79ee71c010VgnVCM1000000b205a0aRCRD";"Centro Cultural Galileo (Chamberí)";"1";"CALLE";"GALILEO";"39";"CHAMBERI";"ARAPILES";"28015";"439741";"4476139";"40.433719454283505";"-3.7104468992841753";"/contenido/actividades/TeatroPerformance";""
12639155;"Ruta botánica: conoce las plantas de la Dehesa";"";"1";"0";"";"";"2025-06-29 00:00:00.0";"2025-06-29 23:59:00.0";"10:00";"";"http://www.madrid.es/sites/v/index.jsp?vgnextchannel=ca9671ee4a9eb410VgnVCM100000171f5a0aRCRD&vgnextoid=c4660861a6544910VgnVCM1000001d4a900aRCRD";"Ruta botánica: conoce las plantas de la Dehesa";"http://www.madrid.es/sites/v/index.jsp?vgnextchannel=ca9671ee4a9eb410VgnVCM100000171f5a0aRCRD&vgnextoid=3e6a79ba2a93c810VgnVCM1000001d4a900aRCRD";"http://www.madrid.es/sites/v/index.jsp?vgnextchannel=bfa48ab43d6bb410VgnVCM100000171f5a0aRCRD&vgnextoid=a956fc79622ef010VgnVCM2000000c205a0aRCRD";"Centro de Información y Educación Ambiental de Dehesa de la Villa";"1";"PARQUE";"DEHESA DE LA VILLA";"0";"MONCLOA-ARAVACA";"";"28039";"439102";"4478967";"40.45914104116349";"-3.718270563679269";"/contenido/actividades/ExcursionesItinerariosVisitas";""
12770221;"Ruta de los relojes de sol por el barrio Moscardó";"";"1";"0";"";"";"2025-07-12 00:00:00.0";"2025-07-12 23:59:00.0";"11:00";"";"http://www.madrid.es/sites/v/index.jsp?vgnextchannel=ca9671ee4a9eb410VgnVCM100000171f5a0aRCRD&vgnextoid=f3c4a2c6bd9a6910VgnVCM1000001d4a900aRCRD";"";"";"";"";"";"";"";"";"";"";"";"";"";"";"";"/contenido/actividades/ExcursionesItinerariosVisitas";""
12792312;"Ruta: La Dehesa, una isla de biodiversidad.";"";"1";"0";"";"";"2025-08-24 00:00:00.0";"2025-08-24 23:59:00.0";"10:00";"";"http://www.madrid.es/sites/v/index.jsp?vgnextchannel=ca9671ee4a9eb410VgnVCM100000171f5a0aRCRD&vgnextoid=c85f01ef51037910VgnVCM2000001f4a900aRCRD";"Ruta: La Dehesa, una isla de biodiversidad.";"http://www.madrid.es/sites/v/index.jsp?vgnextchannel=ca9671ee4a9eb410VgnVCM100000171f5a0aRCRD&vgnextoid=f230949aa8796810VgnVCM1000001d4a900aRCRD";"http://www.madrid.es/sites/v/index.jsp?vgnextchannel=bfa48ab43d6bb410VgnVCM100000171f5a0aRCRD&vgnextoid=a956fc79622ef010VgnVCM2000000c205a0aRCRD";"Centro de Información y Educación Ambiental de Dehesa de la Villa";"1";"PARQUE";"DEHESA DE LA VILLA";"0";"MONCLOA-ARAVACA";"";"28039";"439102";"4478967";"40.45914104116349";"-3.718270563679269";"/contenido/actividades/ExcursionesItinerariosVisitas";""
12794201;"Sábados Locos para Niños";"Actividad gratuita";"1";"0";"";"";"2025-07-05 00:00:00.0";"2025-07-05 23:59:00.0";"11:30";"De 11:30 h. a 13:30 h. Se realizarán cuatro talleres, rotando los asistentes entre ellos: Pompas gigantes, Juegos de agua en familia, Taller de abanicoss y Taller de cometas.     Pompas Gigantes. Se realizarán pompas gigantes de diferentes elementos para que los niños jueguen a perseguirlas. También se enseñará a los asistentes a crearlas.     Zona de Juegos de agua en familia. Los niños y sus padres podrán pasar por esta zona para jugar juntos y hacer un montón de pruebas divertidas y con mucho movimiento. ¡Todas ellas con agua! Será una actividad dinámica y muy divertida en la que los asistentes participarán activamente.     Taller de abanicos de sandía. Un simpático taller que nos ayudará a refrescarnos en los momentos de más calor. Con este práctico abanico seguro que la diversión está asegurada.     Taller de cometas. Este simpático taller nos enseñará como realizar cometas a pequeña escala, para decorar nuestra habitación, la cocina o el mismo salón. O la propia sombrilla de la piscina. ¿Por qué no intentarlo?";"http://www.madrid.es/sites/v/index.jsp?vgnextchannel=ca9671ee4a9eb410VgnVCM100000171f5a0aRCRD&vgnextoid=c9a8f9d17c437910VgnVCM1000001d4a900aRCRD";"Actividades de verano en el Distrito de Chamberí";"http://www.madrid.es/sites/v/index.jsp?vgnextchannel=ca9671ee4a9eb410VgnVCM100000171f5a0aRCRD&vgnextoid=a9d769ea76117910VgnVCM1000001d4a900aRCRD";"http://www.madrid.es/sites/v/index.jsp?vgnextchannel=bfa48ab43d6bb410VgnVCM100000171f5a0aRCRD&vgnextoid=30181e79ee71c010VgnVCM1000000b205a0aRCRD";"Centro Cultural Galileo (Chamberí)";"1";"CALLE";"GALILEO";"39";"CHAMBERI";"ARAPILES";"28015";"439741";"4476139";"40.433719454283505";"-3.7104468992841753";"";"/usuario/Niños"
12794189;"Sábados Locos para Niños";"60 Plazas gratuitas.";"1";"0";"";"";"2025-06-28 00:00:00.0";"2025-06-28 23:59:00.0";"11:30";"De 11:30 a 13:30 h. Se realizarán cuatro talleres, rotando los asistentes entre ellos: Pompas gigantes, Juegos de agua en familia, Taller de medusas y Taller de libélulas. Pompas Gigantes.Se realizarán pompas gigantes de diferentes elementos para que los niños jueguen a perseguirlas. También se enseñará a los asistentes a crearlas. Zona de Juegos de agua en familia.Los niños y sus padres podrán pasar por esta zona para jugar juntos y hacer un montón de pruebas divertidas y con mucho movimiento. ¡Todas ellas con agua! Será una actividad dinámica y muy divertida en la que los asistentes participarán activamente. Taller de medusas.Taller de manualidades ideal para divertirnos mientras fomentamos la creatividad de los niños. Además, se llevarán su propia creación de medusa a casa. Taller de libélulas.Atención familias! Una nueva mascota está a punto de entrar en vuestras casas. La libélula con pizas. Un taller de manualidades original y diferente.";"http://www.madrid.es/sites/v/index.jsp?vgnextchannel=ca9671ee4a9eb410VgnVCM100000171f5a0aRCRD&vgnextoid=1ce2d2ee2b437910VgnVCM1000001d4a900aRCRD";"Actividades de verano en el Distrito de Chamberí";"http://www.madrid.es/sites/v/index.jsp?vgnextchannel=ca9671ee4a9eb410VgnVCM100000171f5a0aRCRD&vgnextoid=a9d769ea76117910VgnVCM1000001d4a900aRCRD";"http://www.madrid.es/sites/v/index.jsp?vgnextchannel=bfa48ab43d6bb410VgnVCM100000171f5a0aRCRD&vgnextoid=30181e79ee71c010VgnVCM1000000b205a0aRCRD";"Centro Cultural Galileo (Chamberí)";"1";"CALLE";"GALILEO";"39";"CHAMBERI";"ARAPILES";"28015";"439741";"4476139";"40.433719454283505";"-3.7104468992841753";"";"/usuario/Niños"
12804321;"Saben aquell";"";"1";"0";"";"";"2025-08-06 00:00:00.0";"2025-08-06 23:59:00.0";"22:00";"Duración: 109 min.  Dirección: David Trueba.  Sinopsis: Película sobre los primeros años de carrera del humorista Eugenio. Barcelona, finales de los 60. Eugenio Jofra, un joven joyero, conoce a Conchita y el flechazo es instantáneo. Eugenio aprende a tocar la guitarra para acompañar a Conchita, para lo que tendrá que luchar contra el miedo escénico. Empieza así la carrera musical de ?Els dos?. Cuando Conchita se tiene que ausentar durante dos semanas de Barcelona, convence a Eugenio de que lleve las actuaciones a cabo él solo. Cuando regresa, Eugenio se ha convertido en un fenómeno del humor underground de la ciudad. Poco a poco, entre los dos irán construyendo al personaje: las gafas, la camisa negra, el taburete, los cigarrillos y el vaso de tubo, que se convertirá en un éxito inesperado en una España deprimida que busca desesperadamente reírse con ese singular cómico que empieza todos sus chistes con ?Saben aquell que diu?'.  Público: mayor de 7 años.  Entrada libre hasta completar aforo.";"http://www.madrid.es/sites/v/index.jsp?vgnextchannel=ca9671ee4a9eb410VgnVCM100000171f5a0aRCRD&vgnextoid=63c65de1ee977910VgnVCM1000001d4a900aRCRD";"Verano de cine Retiro 2025";"http://www.madrid.es/sites/v/index.jsp?vgnextchannel=ca9671ee4a9eb410VgnVCM100000171f5a0aRCRD&vgnextoid=cdac62ae0c4a1810VgnVCM1000001d4a900aRCRD";"http://www.madrid.es/sites/v/index.jsp?vgnextchannel=bfa48ab43d6bb410VgnVCM100000171f5a0aRCRD&vgnextoid=675e280d37e2e210VgnVCM1000000b205a0aRCRD";"Parque Roma";"2";"CALLE";"JUAN ESPLANDIU";"4";"RETIRO";"ESTRELLA";"28007";"443786";"4474188";"40.41641041087398";"-3.662606100328213";"/contenido/actividades/CineActividadesAudiovisuales";""
12795665;"Sabor a tí";"";"1";"0";"";"";"2025-06-27 00:00:00.0";"2025-06-27 23:59:00.0";"19:00";"Recorrido por los éxitos imperdibles de la música latina, la copla, el flamenco y los clásicos de una generación de oro de la mano de Cintia Rosado y Sandra Testa";"http://www.madrid.es/sites/v/index.jsp?vgnextchannel=ca9671ee4a9eb410VgnVCM100000171f5a0aRCRD&vgnextoid=1dfb640a9e937910VgnVCM2000001f4a900aRCRD";"Actividades en el Centro Cultural el Madroño";"http://www.madrid.es/sites/v/index.jsp?vgnextchannel=ca9671ee4a9eb410VgnVCM100000171f5a0aRCRD&vgnextoid=63fd7ba8c0950710VgnVCM1000001d4a900aRCRD";"http://www.madrid.es/sites/v/index.jsp?vgnextchannel=bfa48ab43d6bb410VgnVCM100000171f5a0aRCRD&vgnextoid=57b63d0b5e71c010VgnVCM1000000b205a0aRCRD";"Centro Cultural el Madroño (Vicálvaro)";"1";"CALLE";"VILLARDONDIEGO";"36";"VICALVARO";"CASCO H.VICALVARO";"28032";"448357";"4472920";"40.40529229274289";"-3.6086152959929514";"/contenido/actividades/Musica";""
12799102;"Sacos de aromáticas";"";"1";"0";"";"";"2025-08-03 00:00:00.0";"2025-08-03 23:59:00.0";"10:30";"";"http://www.madrid.es/sites/v/index.jsp?vgnextchannel=ca9671ee4a9eb410VgnVCM100000171f5a0aRCRD&vgnextoid=c407c02e46457910VgnVCM2000001f4a900aRCRD";"Sacos de aromáticas";"http://www.madrid.es/sites/v/index.jsp?vgnextchannel=ca9671ee4a9eb410VgnVCM100000171f5a0aRCRD&vgnextoid=004968347f2f3910VgnVCM1000001d4a900aRCRD";"http://www.madrid.es/sites/v/index.jsp?vgnextchannel=bfa48ab43d6bb410VgnVCM100000171f5a0aRCRD&vgnextoid=8a22598d1351c010VgnVCM1000000b205a0aRCRD";"Centro de Información y Educación Ambiental de Casa de Campo";"1";"PARQUE";"CASA DE CAMPO (JUNTO AL EMBARCADERO DEL LAGO)";"";"MONCLOA-ARAVACA";"CASA DE CAMPO";"28011";"437990";"4474399";"40.41789950036311";"-3.7309390858931137";"/contenido/actividades/CursosTalleres";""
12799101;"Sacos de aromáticas";"";"1";"0";"";"";"2025-07-06 00:00:00.0";"2025-07-06 23:59:00.0";"10:30";"";"http://www.madrid.es/sites/v/index.jsp?vgnextchannel=ca9671ee4a9eb410VgnVCM100000171f5a0aRCRD&vgnextoid=45e6c02e46457910VgnVCM2000001f4a900aRCRD";"Sacos de aromáticas";"http://www.madrid.es/sites/v/index.jsp?vgnextchannel=ca9671ee4a9eb410VgnVCM100000171f5a0aRCRD&vgnextoid=004968347f2f3910VgnVCM1000001d4a900aRCRD";"http://www.madrid.es/sites/v/index.jsp?vgnextchannel=bfa48ab43d6bb410VgnVCM100000171f5a0aRCRD&vgnextoid=8a22598d1351c010VgnVCM1000000b205a0aRCRD";"Centro de Información y Educación Ambiental de Casa de Campo";"1";"PARQUE";"CASA DE CAMPO (JUNTO AL EMBARCADERO DEL LAGO)";"";"MONCLOA-ARAVACA";"CASA DE CAMPO";"28011";"437990";"4474399";"40.41789950036311";"-3.7309390858931137";"/contenido/actividades/CursosTalleres";""
12803990;"Salida  cultural a  Buitrago de Lozoya y Torremocha de Jarama";"";"1";"0";"";"";"2025-06-28 00:00:00.0";"2025-06-28 23:59:00.0";"20:30";"";"http://www.madrid.es/sites/v/index.jsp?vgnextchannel=ca9671ee4a9eb410VgnVCM100000171f5a0aRCRD&vgnextoid=62f3348169877910VgnVCM1000001d4a900aRCRD";"Salida  cultural a  Buitrago de Lozoya y Torremocha de Jarama";"http://www.madrid.es/sites/v/index.jsp?vgnextchannel=ca9671ee4a9eb410VgnVCM100000171f5a0aRCRD&vgnextoid=9969426952863910VgnVCM1000001d4a900aRCRD";"http://www.madrid.es/sites/v/index.jsp?vgnextchannel=bfa48ab43d6bb410VgnVCM100000171f5a0aRCRD&vgnextoid=2bf9523ba58b5910VgnVCM2000001f4a900aRCRD";"Junta Municipal del Distrito de Puente de Vallecas";"1";"CALLE";"SIERRA SALVADA";"6";"PUENTE DE VALLECAS";"PORTAZGO";"28038";"444679";"4471159";"40.38920009189364";"-3.6518032639559506";"/contenido/actividades/ExcursionesItinerariosVisitas";""
12732619;"Salón del Prado, el Paseo de los Sentidos";"";"1";"0";"";"";"2025-07-09 00:00:00.0";"2025-07-09 23:59:00.0";"09:30";"Itinerario guiado por el Paseo del Prado en el tramo comprendido entre la plaza de Cibeles y el Real Jardín Botánico, en el que se interpretará el paisaje y la arquitectónica en el urbanismo de la zona como primer espacio verde público de la ciudad y su repercusión internacional. Se trata del un espacio catalogado por la UNESCO como Patrimonio de la Humanidad. Actividad dirigida a público adulto.  Duración estimada: aproximadamente dos horas y media.";"http://www.madrid.es/sites/v/index.jsp?vgnextchannel=ca9671ee4a9eb410VgnVCM100000171f5a0aRCRD&vgnextoid=7363fc4d352d5910VgnVCM2000001f4a900aRCRD";"Entre historias y jardines";"http://www.madrid.es/sites/v/index.jsp?vgnextchannel=ca9671ee4a9eb410VgnVCM100000171f5a0aRCRD&vgnextoid=bf8b691bdf7ce810VgnVCM1000001d4a900aRCRD";"";"";"";"";"";"";"";"";"";"";"";"";"";"/contenido/actividades/ExcursionesItinerariosVisitas";""
12806731;"Salvajes";"";"1";"0";"";"";"2025-08-09 00:00:00.0";"2025-08-09 23:59:00.0";"22:15";"De Claude Barras. Animación. Suiza 2024. 87?.     No recomendada para menores de 7 años y especialmente recomendada para la infancia.      En Borneo, en el límite de la gran selva tropical, Keria acoge a un bebé orangután, encontrado en la plantación de palmas de aceite en la que trabaja su padre. Junto a su primo Selaï y el bebé orangután, Keria luchará contra la destrucción del bosque, aventura que le permitirá conectar con sus orígenes.";"http://www.madrid.es/sites/v/index.jsp?vgnextchannel=ca9671ee4a9eb410VgnVCM100000171f5a0aRCRD&vgnextoid=df38aa003c787910VgnVCM2000001f4a900aRCRD";"Ciclo Los sábados de cine. Primavera 2025";"http://www.madrid.es/sites/v/index.jsp?vgnextchannel=ca9671ee4a9eb410VgnVCM100000171f5a0aRCRD&vgnextoid=c0de900069495910VgnVCM2000001f4a900aRCRD";"http://www.madrid.es/sites/v/index.jsp?vgnextchannel=bfa48ab43d6bb410VgnVCM100000171f5a0aRCRD&vgnextoid=a395946be351c010VgnVCM2000000c205a0aRCRD";"Centro Cultural Auditorio Parque El Paraíso (San Blas - Canillejas)";"1";"AVENIDA";"ARCENTALES";"4";"SAN BLAS-CANILLEJAS";"HELLIN";"28037";"447225";"4475667";"40.42997621103139";"-3.6221773579444596";"/contenido/actividades/CineActividadesAudiovisuales";"/usuario/Niños,/usuario/Familias"
12809480;"Salvajes";"";"1";"0";"";"";"2025-08-30 00:00:00.0";"2025-08-30 23:59:00.0";"22:00";"Dirección: Claude Barras.  Animación. Suiza 2024. 87?.       En Borneo, en el límite de la gran selva tropical, Keria acoge a un bebé orangután, encontrado en la plantación de palmas de aceite en la que trabaja su padre. Junto a su primo Selaï y el bebé orangután, Keria luchará contra la destrucción del bosque, aventura que le permitirá conectar con sus orígenes.     No recomendada para menores de 7 años y especialmente recomendada para la infancia.";"http://www.madrid.es/sites/v/index.jsp?vgnextchannel=ca9671ee4a9eb410VgnVCM100000171f5a0aRCRD&vgnextoid=44cde7bc50c97910VgnVCM2000001f4a900aRCRD";"";"";"http://www.madrid.es/sites/v/index.jsp?vgnextchannel=bfa48ab43d6bb410VgnVCM100000171f5a0aRCRD&vgnextoid=598745dbd6891110VgnVCM1000000b205a0aRCRD";"Instalación Deportiva Municipal Básica Parque El Calero";"0";"CALLE";"VIRGEN DE NURIA";"S/N";"CIUDAD LINEAL";"CONCEPCION";"28027";"444643";"4476387";"40.436286671972276";"-3.6526968257803736";"/contenido/actividades/CineActividadesAudiovisuales";"/usuario/Niños"
12805973;"Sanatorium Under the Sign of the Hourglass";"";"0";"0";"";"";"2025-06-29 00:00:00.0";"2025-06-29 23:59:00.0";"19:00";"";"http://www.madrid.es/sites/v/index.jsp?vgnextchannel=ca9671ee4a9eb410VgnVCM100000171f5a0aRCRD&vgnextoid=7c31f7bdc2587910VgnVCM1000001d4a900aRCRD";"";"";"http://www.madrid.es/sites/v/index.jsp?vgnextchannel=bfa48ab43d6bb410VgnVCM100000171f5a0aRCRD&vgnextoid=2dbd1fe44c5ee310VgnVCM2000000c205a0aRCRD";"Cineteca Madrid";"1";"PLAZA";"LEGAZPI";"8";"ARGANZUELA";"CHOPERA";"28045";"440946";"4471422";"40.39130985242181";"-3.6958028442054074";"/contenido/actividades/ProgramacionDestacadaAgendaCultura";""
12800076;"Santa Pulcinella";"";"0";"0";"";"";"2025-08-27 00:00:00.0";"2025-08-27 23:59:00.0";"21:30";"";"http://www.madrid.es/sites/v/index.jsp?vgnextchannel=ca9671ee4a9eb410VgnVCM100000171f5a0aRCRD&vgnextoid=d4afba98e7957910VgnVCM1000001d4a900aRCRD";"";"";"http://www.madrid.es/sites/v/index.jsp?vgnextchannel=bfa48ab43d6bb410VgnVCM100000171f5a0aRCRD&vgnextoid=784d8c7c0f91f010VgnVCM1000000b205a0aRCRD";"Teatro Municipal de Títeres. Parque de El Retiro";"1";"AVENIDA";"MÉXICO";"4";"RETIRO";"LOS JERÓNIMOS";"28009";"441748";"4474466";"40.41878362561595";"-3.6866519471003647";"/contenido/actividades/CuentacuentosTiteresMarionetas";"/usuario/Familias"
12795776;"Scalextric";"";"1";"0";"";"";"2025-06-27 00:00:00.0";"2025-06-27 23:59:00.0";"";"De 10 a 14 horas y de 15:30 a 19 horas.  Tres circuitos donde competir con los clásicos coches de carreras. Diversión y emoción aseguradas.";"http://www.madrid.es/sites/v/index.jsp?vgnextchannel=ca9671ee4a9eb410VgnVCM100000171f5a0aRCRD&vgnextoid=9253640a9e937910VgnVCM2000001f4a900aRCRD";"Actividades en el Centro Cultural Fuente de San Pedro - Valderrivas";"http://www.madrid.es/sites/v/index.jsp?vgnextchannel=ca9671ee4a9eb410VgnVCM100000171f5a0aRCRD&vgnextoid=11dc1050085a4910VgnVCM1000001d4a900aRCRD";"http://www.madrid.es/sites/v/index.jsp?vgnextchannel=bfa48ab43d6bb410VgnVCM100000171f5a0aRCRD&vgnextoid=67d82728d0f1c810VgnVCM2000001f4a900aRCRD";"Centro Cultural Fuente de San Pedro - Valderrivas (Vicálvaro)";"1";"CALLE";"TITANIO";"5";"VICALVARO";"VALDERRIVAS";"28032";"448965";"4472570";"40.40218085880392";"-3.60141148450391";"";"/usuario/Niños"
12805864;"Scape Room. El atraco";"";"1";"0";"";"";"2025-08-12 00:00:00.0";"2025-08-12 23:59:00.0";"21:00";"Compañía. Seryo Scape Room    Duración: 60 minutos    Edad recomendada: A partir de 16 años.   Imprescindible apuntarse en el correo   calleabierta@tritoma.es   indicando nombre, apellidos y edad del participante antes del 11 de agosto. Aforo 30 personas.   Sinopsis: Actividad conmemorativa por el Día Internacional de la Juventud. Una pareja ha atracado un banco... y tú estás dentro. Con la policía rodeando el edificio, solo tenéis 60 minutos para resolver enigmas, abrir cajas fuertes y descubrir el verdadero plan tras el robo. El Atraco es una escape room intensa y desafiante, pensada para jóvenes que buscan emoción, misterio y adrenalina.";"http://www.madrid.es/sites/v/index.jsp?vgnextchannel=ca9671ee4a9eb410VgnVCM100000171f5a0aRCRD&vgnextoid=fc05e5173c287910VgnVCM2000001f4a900aRCRD";"Actividades Calle Abierta";"http://www.madrid.es/sites/v/index.jsp?vgnextchannel=ca9671ee4a9eb410VgnVCM100000171f5a0aRCRD&vgnextoid=261af36edd371910VgnVCM2000001f4a900aRCRD";"http://www.madrid.es/sites/v/index.jsp?vgnextchannel=bfa48ab43d6bb410VgnVCM100000171f5a0aRCRD&vgnextoid=0dabd0b2571d1610VgnVCM1000001d4a900aRCRD";"Auditorio Municipal al aire libre Lola Camarena";"1";"AVENIDA";"LA GAVIA";"13";"VILLA DE VALLECAS";"ENSANCHE DE VALLECAS";"28051";"448205";"4469500";"40.37447621683769";"-3.6101291550314283";"/contenido/actividades/ActividadesCalleArteUrbano";""
12806430;"Secretos de un Crimen";"";"1";"0";"";"";"2025-07-11 00:00:00.0";"2025-07-11 23:59:00.0";"22:15";"De Sandhya Suri. Con Shahana Goswami, Sanjay Bishnoi, Sunita Rajwar. Reino unido 2024. 125?.   No recomendada para menores de 16 años y especialmente recomendada para el fomento de la igualdad de género.  Gracias a un plan del gobierno, Santos, que acaba de enviudar, hereda el trabajo de su marido como agente de policía en una zona rural del norte de la India. Cuando una niña de casta inferior aparece violada y asesinada, se ve arrastrada a la investigación bajo el ala de la carismática inspectora feminista Sharma.";"http://www.madrid.es/sites/v/index.jsp?vgnextchannel=ca9671ee4a9eb410VgnVCM100000171f5a0aRCRD&vgnextoid=16872cee74787910VgnVCM1000001d4a900aRCRD";"Ciclo Los sábados de cine. Primavera 2025";"http://www.madrid.es/sites/v/index.jsp?vgnextchannel=ca9671ee4a9eb410VgnVCM100000171f5a0aRCRD&vgnextoid=c0de900069495910VgnVCM2000001f4a900aRCRD";"http://www.madrid.es/sites/v/index.jsp?vgnextchannel=bfa48ab43d6bb410VgnVCM100000171f5a0aRCRD&vgnextoid=a395946be351c010VgnVCM2000000c205a0aRCRD";"Centro Cultural Auditorio Parque El Paraíso (San Blas - Canillejas)";"1";"AVENIDA";"ARCENTALES";"4";"SAN BLAS-CANILLEJAS";"HELLIN";"28037";"447225";"4475667";"40.42997621103139";"-3.6221773579444596";"/contenido/actividades/CineActividadesAudiovisuales";""
12399339;"Secretos del Lago";"";"1";"0";"";"";"2025-08-10 00:00:00.0";"2025-08-10 23:59:00.0";"09:30";"¿Es un lago natural o un estanque artificial? ¿Cuál es su origen? ¿Cuánto mide? ¿Qué escondía el fondo tras el último vaciado? ¿Quién vive ahora en él? Ruta circular alrededor del estanque del Lago en la que dar a conocer sus características físico-químicas, descubrir la biodiversidad presente, mostrar la evolución del espacio a lo largo del tiempo y poner en valor las mejoras introducidas a raíz de la remodelación llevada a cabo en 2018. Itinerario dirigido a usuarios/as a partir 9 años.  Duración estimada: aproximadamente dos horas y media.";"http://www.madrid.es/sites/v/index.jsp?vgnextchannel=ca9671ee4a9eb410VgnVCM100000171f5a0aRCRD&vgnextoid=a2bf5a25e2b20910VgnVCM2000001f4a900aRCRD";"Itinerarios interpretativos y rutas de senderismo";"http://www.madrid.es/sites/v/index.jsp?vgnextchannel=ca9671ee4a9eb410VgnVCM100000171f5a0aRCRD&vgnextoid=38af832e34353810VgnVCM1000001d4a900aRCRD";"http://www.madrid.es/sites/v/index.jsp?vgnextchannel=bfa48ab43d6bb410VgnVCM100000171f5a0aRCRD&vgnextoid=8a22598d1351c010VgnVCM1000000b205a0aRCRD";"Centro de Información y Educación Ambiental de Casa de Campo";"1";"PARQUE";"CASA DE CAMPO (JUNTO AL EMBARCADERO DEL LAGO)";"";"MONCLOA-ARAVACA";"CASA DE CAMPO";"28011";"437990";"4474399";"40.41789950036311";"-3.7309390858931137";"";""
12799127;"Secretos del Lago";"";"1";"0";"";"";"2025-07-04 00:00:00.0";"2025-07-04 23:59:00.0";"20:00";"¿Es un lago natural o un estanque artificial? ¿Cuál es su origen? ¿Cuánto mide? ¿Qué escondía el fondo tras el último vaciado? ¿Quién vive ahora en él? Ruta circular alrededor del estanque del Lago en la que dar a conocer sus características físico-químicas, descubrir la biodiversidad presente, mostrar la evolución del espacio a lo largo del tiempo y poner en valor las mejoras introducidas a raíz de la remodelación llevada a cabo en 2018. Itinerario dirigido a usuarios/as a partir 9 años.  Duración estimada: de 20:00 a 22:00 horas.";"http://www.madrid.es/sites/v/index.jsp?vgnextchannel=ca9671ee4a9eb410VgnVCM100000171f5a0aRCRD&vgnextoid=3c8cee1ea9457910VgnVCM2000001f4a900aRCRD";"Actividades nocturnas";"http://www.madrid.es/sites/v/index.jsp?vgnextchannel=ca9671ee4a9eb410VgnVCM100000171f5a0aRCRD&vgnextoid=577bee1ea9457910VgnVCM2000001f4a900aRCRD";"http://www.madrid.es/sites/v/index.jsp?vgnextchannel=bfa48ab43d6bb410VgnVCM100000171f5a0aRCRD&vgnextoid=8a22598d1351c010VgnVCM1000000b205a0aRCRD";"Centro de Información y Educación Ambiental de Casa de Campo";"1";"PARQUE";"CASA DE CAMPO (JUNTO AL EMBARCADERO DEL LAGO)";"";"MONCLOA-ARAVACA";"CASA DE CAMPO";"28011";"437990";"4474399";"40.41789950036311";"-3.7309390858931137";"/contenido/actividades/ExcursionesItinerariosVisitas";""
12799477;"Segundo premio";"";"1";"0";"";"";"2025-07-05 00:00:00.0";"2025-07-05 23:59:00.0";"22:00";"Dir. Isaki Lacuesta y Pol Rodríguez.  Ubicación: Explanada del Ensanche, (Calle Cañada del Santísimo esquina con Avenida del Ensanche de Vallecas, 28051, Madrid)  Duración: 109 minutos  Edad recomendada: A partir de 16 años  Sinopsis: Granada, finales de los 90. En plena efervescencia artística y cultural, un grupo de música indie vive su momento más delicado: la bajista rompe con la banda buscando su sitio fuera de la música y el guitarrista está inmerso en una peligrosa espiral de autodestrucción. Mientras, el cantante se enfrenta a un complicado proceso de escritura y grabación de su tercer disco.";"http://www.madrid.es/sites/v/index.jsp?vgnextchannel=ca9671ee4a9eb410VgnVCM100000171f5a0aRCRD&vgnextoid=a41edc005a857910VgnVCM2000001f4a900aRCRD";"Cine de verano 2025 en Villa de Vallecas";"http://www.madrid.es/sites/v/index.jsp?vgnextchannel=ca9671ee4a9eb410VgnVCM100000171f5a0aRCRD&vgnextoid=57775720325a6910VgnVCM1000001d4a900aRCRD";"";"";"";"";"";"";"";"";"";"";"";"";"";"/contenido/actividades/ActividadesCalleArteUrbano";""
12736255;"Semillas eternas, madera viva";"";"1";"1";"M,X,J,V,S,D";"";"2025-03-29 00:00:00.0";"2025-09-30 23:59:00.0";"10:00";"Las semillas son recipientes llenos de vida. Su preservación, intercambio y custodia son acciones fundamentales para garantizar nuestro futuro y nuestra soberanía alimentaria. El artesano y escultor Mario Boccolini ha desarrollado este proyecto que se inaugurará, coincidiendo con la 'Fiesta de la Semilla', tallando un repertorio de numerosas variedades de semillas hortícolas en distintos tipos de madera. A través de esta muestra que usa maderas recuperadas y recicladas, analizaremos diferentes tipos de semillas de distintas hortalizas y hierbas comestibles tradicionales -cada una en una madera diferente para así simbolizar la diversidad agrícola-, y así poder valorar su importancia en otros aspectos como la capacidad adaptativa frente a los cambios climáticos, la soberanía alimentaria, la herencia cultural, etc.  Horario:   Abril, mayo, junio y septiembre: de 10 a 14 y de 16 a 18:30 horas.   Julio y agosto: de 10 a 14 horas.";"http://www.madrid.es/sites/v/index.jsp?vgnextchannel=ca9671ee4a9eb410VgnVCM100000171f5a0aRCRD&vgnextoid=91ae402359cd5910VgnVCM1000001d4a900aRCRD";"Semillas eternas, madera viva";"http://www.madrid.es/sites/v/index.jsp?vgnextchannel=ca9671ee4a9eb410VgnVCM100000171f5a0aRCRD&vgnextoid=b68c402359cd5910VgnVCM1000001d4a900aRCRD";"http://www.madrid.es/sites/v/index.jsp?vgnextchannel=bfa48ab43d6bb410VgnVCM100000171f5a0aRCRD&vgnextoid=796b8193c73c4210VgnVCM1000000b205a0aRCRD";"Centro de Información y Educación Ambiental de El Huerto de El Retiro";"1";"PASEO";"FERNAN NUÑEZ";"2";"RETIRO";"LOS JERONIMOS";"28009";"441779";"4473428";"40.40943503279114";"-3.6861797800993257";"/contenido/actividades/Exposiciones";""
12799077;"Senda botánica";"";"1";"0";"";"";"2025-09-28 00:00:00.0";"2025-09-28 23:59:00.0";"09:30";"¿Sabes que en el Parque de Casa de Campo existe un itinerario botánico con numerosas especies vegetales? Con este paseo lineal de unos 4 km descubriremos la flora dominante en el Parque a través de los numerosos ejemplares que conforman la recorrido botánico de la Casa de Campo: fresnos, olmos, tarayes, sauces, rosales silvestres, zarzamoras? ¡Disfruta del frescor de este paseo por la ribera del arroyo Meaques y su bosque de galería! Itinerario dirigido a usuarios/as a partir de 9 años.  Duración estimada: aproximadamente dos horas y media.";"http://www.madrid.es/sites/v/index.jsp?vgnextchannel=ca9671ee4a9eb410VgnVCM100000171f5a0aRCRD&vgnextoid=d0a0c02e46457910VgnVCM2000001f4a900aRCRD";"Itinerarios interpretativos y rutas de senderismo";"http://www.madrid.es/sites/v/index.jsp?vgnextchannel=ca9671ee4a9eb410VgnVCM100000171f5a0aRCRD&vgnextoid=38af832e34353810VgnVCM1000001d4a900aRCRD";"http://www.madrid.es/sites/v/index.jsp?vgnextchannel=bfa48ab43d6bb410VgnVCM100000171f5a0aRCRD&vgnextoid=8a22598d1351c010VgnVCM1000000b205a0aRCRD";"Centro de Información y Educación Ambiental de Casa de Campo";"1";"PARQUE";"CASA DE CAMPO (JUNTO AL EMBARCADERO DEL LAGO)";"";"MONCLOA-ARAVACA";"CASA DE CAMPO";"28011";"437990";"4474399";"40.41789950036311";"-3.7309390858931137";"";""
12040178;"Senda botánica";"";"1";"0";"";"";"2025-08-30 00:00:00.0";"2025-08-30 23:59:00.0";"09:30";"¿Sabes que en el Parque de Casa de Campo existe un itinerario botánico con numerosas especies vegetales? Con este paseo lineal de unos 4 km descubriremos la flora dominante en el Parque a través de los numerosos ejemplares que conforman la recorrido botánico de la Casa de Campo: fresnos, olmos, tarayes, sauces, rosales silvestres, zarzamoras? ¡Disfruta del frescor de este paseo por la ribera del arroyo Meaques y su bosque de galería! Itinerario dirigido a usuarios/as a partir de 9 años.  Duración estimada: aproximadamente dos horas y media.?";"http://www.madrid.es/sites/v/index.jsp?vgnextchannel=ca9671ee4a9eb410VgnVCM100000171f5a0aRCRD&vgnextoid=21b45a26d68d8810VgnVCM1000001d4a900aRCRD";"Itinerarios interpretativos y rutas de senderismo";"http://www.madrid.es/sites/v/index.jsp?vgnextchannel=ca9671ee4a9eb410VgnVCM100000171f5a0aRCRD&vgnextoid=38af832e34353810VgnVCM1000001d4a900aRCRD";"http://www.madrid.es/sites/v/index.jsp?vgnextchannel=bfa48ab43d6bb410VgnVCM100000171f5a0aRCRD&vgnextoid=8a22598d1351c010VgnVCM1000000b205a0aRCRD";"Centro de Información y Educación Ambiental de Casa de Campo";"1";"PARQUE";"CASA DE CAMPO (JUNTO AL EMBARCADERO DEL LAGO)";"";"MONCLOA-ARAVACA";"CASA DE CAMPO";"28011";"437990";"4474399";"40.41789950036311";"-3.7309390858931137";"";""
11900120;"Senda botánica";"";"1";"0";"";"";"2025-07-12 00:00:00.0";"2025-07-12 23:59:00.0";"10:30";"El gran Parque de la ciudad de Madrid está compuesto por un mosaico variado de vegetación, y en los arroyos podremos descubrir especies de ribera en un bosque frondoso, y cómo los distintos usos que ha sufrido la Casa de Campo a lo largo de su historia han condicionado la vegetación actual. A través de juegos y dinámicas grupales nos iniciaremos en la identificación de las especies botánicas existentes, características, curiosidades y medidas de conservación. Itinerario dirigido a familias con menores a partir de 7 años. Duración estimada: una hora y media.";"http://www.madrid.es/sites/v/index.jsp?vgnextchannel=ca9671ee4a9eb410VgnVCM100000171f5a0aRCRD&vgnextoid=6429b0b3d2fb5810VgnVCM1000001d4a900aRCRD";"Especial familias";"http://www.madrid.es/sites/v/index.jsp?vgnextchannel=ca9671ee4a9eb410VgnVCM100000171f5a0aRCRD&vgnextoid=9bfd9a5c7db95810VgnVCM1000001d4a900aRCRD";"http://www.madrid.es/sites/v/index.jsp?vgnextchannel=bfa48ab43d6bb410VgnVCM100000171f5a0aRCRD&vgnextoid=8a22598d1351c010VgnVCM1000000b205a0aRCRD";"Centro de Información y Educación Ambiental de Casa de Campo";"1";"PARQUE";"CASA DE CAMPO (JUNTO AL EMBARCADERO DEL LAGO)";"";"MONCLOA-ARAVACA";"CASA DE CAMPO";"28011";"437990";"4474399";"40.41789950036311";"-3.7309390858931137";"";"/usuario/Familias"
12399341;"Senda botánica";"";"1";"0";"";"";"2025-06-28 00:00:00.0";"2025-06-28 23:59:00.0";"11:00";"¿Sabes que en el Parque de Casa de Campo existe un itinerario botánico con numerosas especies vegetales? Con este paseo lineal de unos 4 km descubriremos la flora dominante en el Parque a través de los numerosos ejemplares que conforman la recorrido botánico de la Casa de Campo: fresnos, olmos, tarayes, sauces, rosales silvestres, zarzamoras? ¡Disfruta del frescor de este paseo por la ribera del arroyo Meaques y su bosque de galería! Itinerario dirigido a usuarios/as a partir de 9 años.  Duración estimada: aproximadamente dos horas y media.";"http://www.madrid.es/sites/v/index.jsp?vgnextchannel=ca9671ee4a9eb410VgnVCM100000171f5a0aRCRD&vgnextoid=0e205a25e2b20910VgnVCM2000001f4a900aRCRD";"Itinerarios interpretativos y rutas de senderismo";"http://www.madrid.es/sites/v/index.jsp?vgnextchannel=ca9671ee4a9eb410VgnVCM100000171f5a0aRCRD&vgnextoid=38af832e34353810VgnVCM1000001d4a900aRCRD";"http://www.madrid.es/sites/v/index.jsp?vgnextchannel=bfa48ab43d6bb410VgnVCM100000171f5a0aRCRD&vgnextoid=8a22598d1351c010VgnVCM1000000b205a0aRCRD";"Centro de Información y Educación Ambiental de Casa de Campo";"1";"PARQUE";"CASA DE CAMPO (JUNTO AL EMBARCADERO DEL LAGO)";"";"MONCLOA-ARAVACA";"CASA DE CAMPO";"28011";"437990";"4474399";"40.41789950036311";"-3.7309390858931137";"";""
12806357;"Senda de la biodiversidad en Pradolongo";"";"1";"0";"";"";"2025-07-27 00:00:00.0";"2025-07-27 23:59:00.0";"10:00";"De 10 a 11:30 horas.  Categoría: Senda por el parque de Pradolongo. Entrada GRATUITA.  Lugar: Comienza en la recepción del Centro de Educación Ambiental y Cultural Maris Stella.  Edad: A partir de 8 años (menores acompañados con un adulto). Imprescindible reserva previa.  Sinopsis: Los grandes parques de la ciudad de Madrid son espacios que albergan una gran biodiversidad, tanto de fauna como de flora. Descubre el gran número de especies que conviven en el parque de Pradolongo gracias a la variedad de ambientes y zonas que contiene.";"http://www.madrid.es/sites/v/index.jsp?vgnextchannel=ca9671ee4a9eb410VgnVCM100000171f5a0aRCRD&vgnextoid=7b332cee74787910VgnVCM1000001d4a900aRCRD";"Actividades en el Centro de Educación Ambiental y Cultural Maris Stella";"http://www.madrid.es/sites/v/index.jsp?vgnextchannel=ca9671ee4a9eb410VgnVCM100000171f5a0aRCRD&vgnextoid=4e25ce5179e61910VgnVCM1000001d4a900aRCRD";"http://www.madrid.es/sites/v/index.jsp?vgnextchannel=bfa48ab43d6bb410VgnVCM100000171f5a0aRCRD&vgnextoid=85205619bc23d710VgnVCM2000001f4a900aRCRD";"Centro de Educación Ambiental y Cultural Maris Stella (Usera)";"1";"CALLE";"DOCTOR TOLOSA LATOUR";"16";"USERA";"PRADOLONGO";"28026";"440301";"4469524";"40.374166248648216";"-3.7032220308808577";"/contenido/actividades/ItinerariosOtrasActividadesAmbientales";""
12785455;"Seres mutantes: objetos encontrados";"";"1";"1";"M,X,J,V,S,D";"";"2025-06-04 00:00:00.0";"2025-11-16 23:59:00.0";"12:00";"";"http://www.madrid.es/sites/v/index.jsp?vgnextchannel=ca9671ee4a9eb410VgnVCM100000171f5a0aRCRD&vgnextoid=9f7207f005117910VgnVCM2000001f4a900aRCRD";"";"";"http://www.madrid.es/sites/v/index.jsp?vgnextchannel=bfa48ab43d6bb410VgnVCM100000171f5a0aRCRD&vgnextoid=84a55c2cdc41c010VgnVCM2000000c205a0aRCRD";"Museo de Arte Contemporáneo de Madrid";"1,6";"CALLE";"CONDE DUQUE";"9";"CENTRO";"UNIVERSIDAD";"28015";"439723";"4475438";"40.42739911262292";"-3.710589286287491";"";""
12787893;"Show musical: Un paseo por tu vida";"";"1";"0";"";"";"2025-06-28 00:00:00.0";"2025-06-28 23:59:00.0";"19:00";"Con los actores SIGOR SCHWADERER y GONZALO CORTÉS.  De la mano de dos actores, cantantes y bailarines, daremos un paseo por las mejores canciones de la historia del Cine, Broadway, el Amor y mucho más. Un paseo que se convertirá en una aventura llena de emoción, recuerdos y humor, para compartir con el público una noche inolvidable. Danza, interpretación y música se unen en un espectáculo lleno de humor y recuerdos que se convertirá en una fiesta para todas las edades.";"http://www.madrid.es/sites/v/index.jsp?vgnextchannel=ca9671ee4a9eb410VgnVCM100000171f5a0aRCRD&vgnextoid=58fe934b52b17910VgnVCM2000001f4a900aRCRD";"Actividades en el Centro Dotacional Integrado Arganzuela Ángel del Río";"http://www.madrid.es/sites/v/index.jsp?vgnextchannel=ca9671ee4a9eb410VgnVCM100000171f5a0aRCRD&vgnextoid=0758c4a248991910VgnVCM2000001f4a900aRCRD";"http://www.madrid.es/sites/v/index.jsp?vgnextchannel=bfa48ab43d6bb410VgnVCM100000171f5a0aRCRD&vgnextoid=f9ea79262ef5d010VgnVCM1000000b205a0aRCRD";"Centro Dotacional Integrado Arganzuela Ángel del Río";"1";"CALLE";"CANARIAS";"17";"ARGANZUELA";"PALOS DE LA FRONTERA";"28045";"440986";"4472656";"40.40242416544921";"-3.6954440062549017";"/contenido/actividades/Musica";""
12809386;"Siempre nos quedará mañana";"";"1";"0";"";"";"2025-08-09 00:00:00.0";"2025-08-09 23:59:00.0";"22:00";"Dirección: Paola Cortellesi.  Con Paola Cortellesi, Valerio Mastandrea, Vinicio Marchioni. Italia 2023. 118?.       Es primavera y toda la familia está alborotada por el inminente compromiso de la querida hija mayor, Marcella, quien, por su parte, sólo espera casarse rápidamente con un simpático chico de clase media, Giulio, y librarse por fin de esa incómoda familia.     No recomendada para menores de 12 años, especialmente recomendada para el fomento de la igualdad de género.";"http://www.madrid.es/sites/v/index.jsp?vgnextchannel=ca9671ee4a9eb410VgnVCM100000171f5a0aRCRD&vgnextoid=19f3e7bbebb97910VgnVCM2000001f4a900aRCRD";"";"";"http://www.madrid.es/sites/v/index.jsp?vgnextchannel=bfa48ab43d6bb410VgnVCM100000171f5a0aRCRD&vgnextoid=598745dbd6891110VgnVCM1000000b205a0aRCRD";"Instalación Deportiva Municipal Básica Parque El Calero";"0";"CALLE";"VIRGEN DE NURIA";"S/N";"CIUDAD LINEAL";"CONCEPCION";"28027";"444643";"4476387";"40.436286671972276";"-3.6526968257803736";"/contenido/actividades/CineActividadesAudiovisuales";""
12781340;"Síndrome";"";"1";"0";"";"";"2025-06-29 00:00:00.0";"2025-06-29 23:59:00.0";"19:00";"Madrid Danza Center    Recomendada para todos los públicos  Síndrome: conjunto de síntomas característicos de una enfermedad. Los síntomas de esta sociedad que estamos construyendo y que está enferma por falta de empatía, por exceso de ambición, y que tiene como únicas religiones el dinero, el poder, y la validación personal a través de la fama; lograr el fin sin importar cómo, y menospreciando cualquier tipo de principio y/o esfuerzo honesto por llegar a la meta deseada. Esta sociedad herida y mercenaria en la que buscamos el placer momentáneo y apaciguar los deseos del 'yo', olvidando que es imprescindible dar para que cualquier relación o interacción crezca de forma saludable.";"http://www.madrid.es/sites/v/index.jsp?vgnextchannel=ca9671ee4a9eb410VgnVCM100000171f5a0aRCRD&vgnextoid=75e8c21a157f6910VgnVCM1000001d4a900aRCRD";"Actividades en el Centro Cultural Antonio Machado";"http://www.madrid.es/sites/v/index.jsp?vgnextchannel=ca9671ee4a9eb410VgnVCM100000171f5a0aRCRD&vgnextoid=74f47a01d8641910VgnVCM2000001f4a900aRCRD";"http://www.madrid.es/sites/v/index.jsp?vgnextchannel=bfa48ab43d6bb410VgnVCM100000171f5a0aRCRD&vgnextoid=cce43d0b5e71c010VgnVCM1000000b205a0aRCRD";"Centro Cultural Antonio Machado (San Blas - Canillejas)";"1";"CALLE";"SAN ROMAN DEL VALLE";"8";"SAN BLAS-CANILLEJAS";"ARCOS";"28037";"447255";"4474591";"40.420280457570335";"-3.621730741880216";"/contenido/actividades/DanzaBaile";"/usuario/Familias"
12806798;"Sirocco y el reino de los vientos";"";"1";"0";"";"";"2025-08-30 00:00:00.0";"2025-08-30 23:59:00.0";"22:15";"De Benoît Chieux. Animación. Francia 2023. 74?.   Recomendada para todos los públicos y especialmente recomendada para la infancia.     Juliette y Carmen, de 4 y 8 años, son dos intrépidas hermanas que, durante un momento de aburrimiento, descubren un pasaje secreto hacia el mundo de su libro preferido, El Reino de los Vientos. Transformadas en gatas, las niñas son encarceladas y separadas una de la otra. Nuestras heroínas tendrán que hacer gala de coraje y audacia para reencontrarse y volver al mundo real. Con la ayuda de la cantante Selma, se enfrentarán a Sirocco, el terrible mago, Maestro de los vientos y las tormentas... ¿Será tan aterrador como sugieren los libros?";"http://www.madrid.es/sites/v/index.jsp?vgnextchannel=ca9671ee4a9eb410VgnVCM100000171f5a0aRCRD&vgnextoid=02ecaa003c787910VgnVCM2000001f4a900aRCRD";"Ciclo Los sábados de cine. Primavera 2025";"http://www.madrid.es/sites/v/index.jsp?vgnextchannel=ca9671ee4a9eb410VgnVCM100000171f5a0aRCRD&vgnextoid=c0de900069495910VgnVCM2000001f4a900aRCRD";"http://www.madrid.es/sites/v/index.jsp?vgnextchannel=bfa48ab43d6bb410VgnVCM100000171f5a0aRCRD&vgnextoid=a395946be351c010VgnVCM2000000c205a0aRCRD";"Centro Cultural Auditorio Parque El Paraíso (San Blas - Canillejas)";"1";"AVENIDA";"ARCENTALES";"4";"SAN BLAS-CANILLEJAS";"HELLIN";"28037";"447225";"4475667";"40.42997621103139";"-3.6221773579444596";"/contenido/actividades/CineActividadesAudiovisuales";"/usuario/Niños,/usuario/Familias"
12806145;"Sisale / Mundo Expurgo";"";"1";"0";"";"";"2025-07-05 00:00:00.0";"2025-07-05 23:59:00.0";"12:13";"De 12 a 13 horas.  Categoría: Espectáculo musical. Entrada GRATUITA.  Lugar: Centro de Educación Ambiental y Cultural Maris Stella.  Edad: Familias con peques a partir de 3 años (menores acompañados con un adulto). Imprescindible reserva previa.  Sinopsis: un espectáculo musical que quiere poner en valor la plasticidad de la realidad. Un espectáculo en el que partiendo de ?cosas de vertedero?, creamos diferentes ambientes musicales que nos trasladan a diferentes lugares de nuestro planeta. Un espectáculo con sabor a raíces y diversidad.";"http://www.madrid.es/sites/v/index.jsp?vgnextchannel=ca9671ee4a9eb410VgnVCM100000171f5a0aRCRD&vgnextoid=5bdf38a3b1787910VgnVCM1000001d4a900aRCRD";"Actividades en el Centro de Educación Ambiental y Cultural Maris Stella";"http://www.madrid.es/sites/v/index.jsp?vgnextchannel=ca9671ee4a9eb410VgnVCM100000171f5a0aRCRD&vgnextoid=4e25ce5179e61910VgnVCM1000001d4a900aRCRD";"http://www.madrid.es/sites/v/index.jsp?vgnextchannel=bfa48ab43d6bb410VgnVCM100000171f5a0aRCRD&vgnextoid=85205619bc23d710VgnVCM2000001f4a900aRCRD";"Centro de Educación Ambiental y Cultural Maris Stella (Usera)";"1";"CALLE";"DOCTOR TOLOSA LATOUR";"16";"USERA";"PRADOLONGO";"28026";"440301";"4469524";"40.374166248648216";"-3.7032220308808577";"/contenido/actividades/Musica";"/usuario/Niños,/usuario/Familias"
12783447;"Solo cuando tú eres mágica (Sesión 2)";"";"0";"0";"";"";"2025-06-25 00:00:00.0";"2025-06-25 23:59:00.0";"19:30";"Programa:   Actuació d'Ocaña i Camilo  (Video-Nou, España, 1977, 35') Camilo travestido y afeitándose compone una especie de anuncio televisivo, Ocaña interpreta en play-back una copla; después enseñan el culo y la fiesta va derivando hacia una orgía. Esta cinta se graba en el día de la convocatoria de la FGAC para la Manifestación de gays y lesbianas donde se exigió la derogación de la ley de Peligrosidad Social.   Cucarrecord y Cuquicidis  (Els 5QK's, España, 1977, 19') Estos dos cortometrajes de sketches se encuentran en actual proceso de incorporación al archivo Hamaca. Els 5QK?s es un colectivo cinematográfico underground gay de reciente recuperación que produjo material audiovisual de denuncia y visibilización homosexual con gran humor y creatividad visual, activo entre 1975 y 1986.    El fracaso es mi estilo  (House of Tupamaras, Colombia, 2022, 12') Intento de redescubrir la identidad en un espacio de contradicciones. Descubrir el cuerpo maricn y las disidencias no está exento de aspiraciones imposibles como es el 'éxito'. Si la disidencia es una postura para cambiar nuestra realidad hegemónica ¿por qué no cambiar también la idea de éxito, que es la cuestión esencial de la existencia contemporánea? Si la disidencia no se atreve a errar o fracasar, ¿es un fracaso para la disidencia llorar por amor?    Lesboterrorismo  (Koba Gómez, España, 2022, 9') Película experimental compuesta a partir del material filmado con teléfonos móviles por un grupo de amigxs durante una rave ilegal en el campo. La pieza comienza con fragmentos más nítidos en los que se observa a las participantes llegar a un punto de encuentro y preparándose, después va derivando en un montaje de imagen y sonido más abstracto y evocador.  &amp;gt; Sesión no recomendada para menores de 18 años";"http://www.madrid.es/sites/v/index.jsp?vgnextchannel=ca9671ee4a9eb410VgnVCM100000171f5a0aRCRD&vgnextoid=c97401d381107910VgnVCM1000001d4a900aRCRD";"";"";"http://www.madrid.es/sites/v/index.jsp?vgnextchannel=bfa48ab43d6bb410VgnVCM100000171f5a0aRCRD&vgnextoid=2dbd1fe44c5ee310VgnVCM2000000c205a0aRCRD";"Cineteca Madrid";"1";"PLAZA";"LEGAZPI";"8";"ARGANZUELA";"CHOPERA";"28045";"440946";"4471422";"40.39130985242181";"-3.6958028442054074";"/contenido/actividades/ProgramacionDestacadaAgendaCultura";""
12409747;"Sostenibilidad y arquitectura. Itinerario por el área de las 5 torres y parque Caleido";"";"1";"0";"";"";"2025-07-22 00:00:00.0";"2025-07-22 23:59:00.0";"10:00";"Itinerario alrededor de los cinco rascacielos del norte de Madrid para conocer la integración de la nueva arquitectura en el campo de la sostenibilidad ambiental, con especial atención en el parque Caleido y su modelo de eficiencia energética. Actividad dirigida a público adulto (mayores de 18 años).  Duración estimada: dos horas y media.";"http://www.madrid.es/sites/v/index.jsp?vgnextchannel=ca9671ee4a9eb410VgnVCM100000171f5a0aRCRD&vgnextoid=37ca09340f270910VgnVCM1000001d4a900aRCRD";"Entre historias y jardines";"http://www.madrid.es/sites/v/index.jsp?vgnextchannel=ca9671ee4a9eb410VgnVCM100000171f5a0aRCRD&vgnextoid=bf8b691bdf7ce810VgnVCM1000001d4a900aRCRD";"";"";"";"";"";"";"";"";"";"";"";"";"";"/contenido/actividades/ExcursionesItinerariosVisitas";""
12806437;"Soy Nevenka";"";"1";"0";"";"";"2025-07-18 00:00:00.0";"2025-07-18 23:59:00.0";"22:15";"De Icíar Bollaín. Con Mireia Oriol, Urko Olazabal, Ricardo Gómez. España 2024. 110?   No recomendada para menores de 12 años y especialmente recomendada para el fomento de la igualdad de género.  En el año 2000, Nevenka Fernández, de 24 años, concejala de Hacienda en el Ayuntamiento de Ponferrada, sufre una persecución implacable, tanto sentimental como profesional, por parte del alcalde, un hombre acostumbrado a hacer su voluntad en lo político y en lo personal. Una historia basada en hechos reales que convierte a su protagonista en una pionera al llevar por primera vez a un político influyente y popular ante los tribunales por acoso sexual y laboral.";"http://www.madrid.es/sites/v/index.jsp?vgnextchannel=ca9671ee4a9eb410VgnVCM100000171f5a0aRCRD&vgnextoid=9b3808a9f6787910VgnVCM1000001d4a900aRCRD";"Ciclo Los sábados de cine. Primavera 2025";"http://www.madrid.es/sites/v/index.jsp?vgnextchannel=ca9671ee4a9eb410VgnVCM100000171f5a0aRCRD&vgnextoid=c0de900069495910VgnVCM2000001f4a900aRCRD";"http://www.madrid.es/sites/v/index.jsp?vgnextchannel=bfa48ab43d6bb410VgnVCM100000171f5a0aRCRD&vgnextoid=a395946be351c010VgnVCM2000000c205a0aRCRD";"Centro Cultural Auditorio Parque El Paraíso (San Blas - Canillejas)";"1";"AVENIDA";"ARCENTALES";"4";"SAN BLAS-CANILLEJAS";"HELLIN";"28037";"447225";"4475667";"40.42997621103139";"-3.6221773579444596";"/contenido/actividades/CineActividadesAudiovisuales";""
12787145;"Spy Kids";"";"1";"0";"";"";"2025-06-26 00:00:00.0";"2025-06-26 23:59:00.0";"18:00";"Cine: 'Spy Kids' (2001). Robert Rodríguez. Eric, el hijo de un poderoso multimillonario, es un niño de nueve años que posee la colección de juguetes más completa del mundo, a pesar de lo cual se aburre soberanamente. El problema consiste en encontrar un divertido juguete real que le entretenga a todas horas. Remake del film francés 'Le jouet' de 1976. Duración: 88 minutos. Edad recomendada: a partir de 7 años.";"http://www.madrid.es/sites/v/index.jsp?vgnextchannel=ca9671ee4a9eb410VgnVCM100000171f5a0aRCRD&vgnextoid=976af6164ca17910VgnVCM1000001d4a900aRCRD";"Actividades Centro Sociocultural Tetuán";"http://www.madrid.es/sites/v/index.jsp?vgnextchannel=ca9671ee4a9eb410VgnVCM100000171f5a0aRCRD&vgnextoid=ac84dff0d2c6e710VgnVCM2000001f4a900aRCRD";"http://www.madrid.es/sites/v/index.jsp?vgnextchannel=bfa48ab43d6bb410VgnVCM100000171f5a0aRCRD&vgnextoid=0ecb1e79ee71c010VgnVCM1000000b205a0aRCRD";"Centro Sociocultural Tetuán";"1";"CALLE";"BRAVO MURILLO";"251";"TETUAN";"BERRUGUETE";"28020";"440628";"4478947";"40.45907909580629";"-3.7002532146213043";"";"/usuario/Niños"
12773757;"Sucedió en Abdera";"";"1";"0";"";"";"2025-07-01 00:00:00.0";"2025-07-01 23:59:00.0";"18:00";"";"http://www.madrid.es/sites/v/index.jsp?vgnextchannel=ca9671ee4a9eb410VgnVCM100000171f5a0aRCRD&vgnextoid=35f9f628fe3c6910VgnVCM1000001d4a900aRCRD";"Todos eran mis hijos";"http://www.madrid.es/sites/v/index.jsp?vgnextchannel=ca9671ee4a9eb410VgnVCM100000171f5a0aRCRD&vgnextoid=5caf897d26ecc810VgnVCM1000001d4a900aRCRD";"http://www.madrid.es/sites/v/index.jsp?vgnextchannel=bfa48ab43d6bb410VgnVCM100000171f5a0aRCRD&vgnextoid=35e53d0b5e71c010VgnVCM1000000b205a0aRCRD";"Centro Cultural Casa de Vacas (Retiro)";"1";"PASEO";"COLOMBIA";"1";"RETIRO";"LOS JERONIMOS";"28009";"441967";"4474495";"40.41906571939961";"-3.684053112760816";"/contenido/actividades/TeatroPerformance";""
12773758;"Sucedió en Abdera";"";"1";"0";"";"";"2025-07-01 00:00:00.0";"2025-07-01 23:59:00.0";"20:00";"";"http://www.madrid.es/sites/v/index.jsp?vgnextchannel=ca9671ee4a9eb410VgnVCM100000171f5a0aRCRD&vgnextoid=17f9f628fe3c6910VgnVCM1000001d4a900aRCRD";"Todos eran mis hijos";"http://www.madrid.es/sites/v/index.jsp?vgnextchannel=ca9671ee4a9eb410VgnVCM100000171f5a0aRCRD&vgnextoid=5caf897d26ecc810VgnVCM1000001d4a900aRCRD";"http://www.madrid.es/sites/v/index.jsp?vgnextchannel=bfa48ab43d6bb410VgnVCM100000171f5a0aRCRD&vgnextoid=35e53d0b5e71c010VgnVCM1000000b205a0aRCRD";"Centro Cultural Casa de Vacas (Retiro)";"1";"PASEO";"COLOMBIA";"1";"RETIRO";"LOS JERONIMOS";"28009";"441967";"4474495";"40.41906571939961";"-3.684053112760816";"/contenido/actividades/TeatroPerformance";""
12762035;"Taller con Manuela Pedrón Nicolau";"Actividad gratuita con inscripción previa en el formulario hasta un máximo de 15 personas";"0";"1";"L,M,X,J,V,S,D";"";"2025-05-05 00:00:00.0";"2025-12-29 23:59:00.0";"";"Petra es un personaje de Autobiografía del algodón de Cristina Rivera Garza. Es la primera en aprender a leer y escribir de la línea genealógica de la autora, que ella misma rastrea y ficciona en la novela. 'En un acto parecido a la prestidigitación, Petra se comunicaba con lo que no estaba ahí, frente a ella, que casi era lo mismo a decir que Petra mandaba y recibía mensajes de fantasmas y muertos'. En este primer taller de PETRA los participantes mirarán la escritura desde la extrañeza y la familiaridad con que la presenta Rivera Garza. Será concebido como un hacer con otras personas, vivas o muertas, al reconocer que siempre escribimos con palabras prestadas. Y a partir de esa consciencia, se buscará vislumbrar qué lógicas de comunicación y qué procesos culturales se ponen en juego El taller se divide en dos sesiones: el 5 y el 19 de mayo. La inscripción se realiza para ambas sesiones a través de este formulario.   BIO  Manuela Pedrón Nicolau se dedica al comisariado y la educación en arte contemporáneo. Trabaja especialmente cuestiones relacionadas con la investigación artística y las formas de narración que desde este ámbito exploran lo social y lo político. Actualmente lleva el club de lectura VENECIA en La Casa Encendida y dirige este programa de escritura en arte contemporáneo. Ha disfrutado de becas de investigación en DAAD (Berlín), la Real Academia de España en Roma, Hangar Barcelona, Centro Huarte (Pamplona) y el MNCARS (Madrid). Ha comisariado exposiciones e implementado programas educativos y de actividades en distintas instituciones. Crédito de la imagen: Catalina Romero / @fotografiadeobra";"http://www.madrid.es/sites/v/index.jsp?vgnextchannel=ca9671ee4a9eb410VgnVCM100000171f5a0aRCRD&vgnextoid=684eaface8c66910VgnVCM1000001d4a900aRCRD";"";"";"http://www.madrid.es/sites/v/index.jsp?vgnextchannel=bfa48ab43d6bb410VgnVCM100000171f5a0aRCRD&vgnextoid=ef686a9ee7336110VgnVCM1000000b205a0aRCRD";"Matadero Madrid";"1";"PLAZA";"LEGAZPI";"8";"ARGANZUELA";"CHOPERA";"28045";"440946";"4471422";"40.39130985242181";"-3.6958028442054074";"/contenido/actividades/RecitalesPresentacionesActosLiterarios";""
12756700;"Taller de consumo y etiquetado";"";"1";"0";"";"";"2025-09-11 00:00:00.0";"2025-09-11 23:59:00.0";"10:00";"Taller presencial donde aprenderemos sobre los derechos y responsabilidades de los consumidores, del consumo sostenible y las etiquetas principales que podemos encontrar en la actualidad. Es un taller dividido en una sesión teórica y otra práctica para interiorizar los conocimientos aprendidos en el ?Supermercado de Madrid Ambiental?. El Taller se realizará en la Cabaña de la Rosaleda en el Parque del Retiro. Taller dirigido a público adulto.  Duración estimada: dos horas.";"http://www.madrid.es/sites/v/index.jsp?vgnextchannel=ca9671ee4a9eb410VgnVCM100000171f5a0aRCRD&vgnextoid=b438d673f4756910VgnVCM2000001f4a900aRCRD";"Talleres presenciales: ciudades sostenibles.";"http://www.madrid.es/sites/v/index.jsp?vgnextchannel=ca9671ee4a9eb410VgnVCM100000171f5a0aRCRD&vgnextoid=d2a0924d36704910VgnVCM2000001f4a900aRCRD";"http://www.madrid.es/sites/v/index.jsp?vgnextchannel=bfa48ab43d6bb410VgnVCM100000171f5a0aRCRD&vgnextoid=499561945d9ec210VgnVCM2000000c205a0aRCRD";"Jardines de El Buen Retiro";"2";"PLAZA";"INDEPENDENCIA";"7";"RETIRO";"LOS JERONIMOS";"28001";"441640";"4474563";"40.41964087412762";"-3.68793370943788";"/contenido/actividades/CursosTalleres";""
12405594;"Taller de cosmética familiar";"";"1";"0";"";"";"2025-09-28 00:00:00.0";"2025-09-28 23:59:00.0";"11:00";"Todo el mundo quiere verse guapo/a, y es muy importante cuidarse, para sentirse bien, ¿por qué no hacerlo cuidando nuestra piel?  Si decidimos liberar a nuestra cara de sustancias químicas y tóxicos ¿cómo no hacerlo con el medio ambiente?    A través de este taller pretendemos potenciar la elección de una nueva línea de cosmética e higiene personal, sin tener que moverte de casa; a base de ingredientes sencillos, accesibles en el hogar y naturales.   Actividades para familias con menores de entre 8 y 17 años.  Duración estimada: aproximadamente dos horas.";"http://www.madrid.es/sites/v/index.jsp?vgnextchannel=ca9671ee4a9eb410VgnVCM100000171f5a0aRCRD&vgnextoid=27d0b7fd14450910VgnVCM1000001d4a900aRCRD";"Talleres familiares";"http://www.madrid.es/sites/v/index.jsp?vgnextchannel=ca9671ee4a9eb410VgnVCM100000171f5a0aRCRD&vgnextoid=21d31f7a68a33810VgnVCM1000001d4a900aRCRD";"http://www.madrid.es/sites/v/index.jsp?vgnextchannel=bfa48ab43d6bb410VgnVCM100000171f5a0aRCRD&vgnextoid=796b8193c73c4210VgnVCM1000000b205a0aRCRD";"Centro de Información y Educación Ambiental de El Huerto de El Retiro";"1";"PASEO";"FERNAN NUÑEZ";"2";"RETIRO";"LOS JERONIMOS";"28009";"441779";"4473428";"40.40943503279114";"-3.6861797800993257";"";""
12781604;"Taller de danza africana";"";"1";"0";"";"";"2025-09-20 00:00:00.0";"2025-09-20 23:59:00.0";"11:00";"Plazas limitadas. Inscripción previa en el Centro Cultural.  Actividad de danza con un nivel de preparación física básica. Lo importante es que sientas la energía de la música. Entre todos los participantes vamos a crear nuestro espacio que seguro será divertido y sanador. Comenzaremos con movimientos muy controlados y sencillos. ¡Vamos a bailar! Profesora: Laura Recio";"http://www.madrid.es/sites/v/index.jsp?vgnextchannel=ca9671ee4a9eb410VgnVCM100000171f5a0aRCRD&vgnextoid=9275bba2f97f6910VgnVCM1000001d4a900aRCRD";"Actividades en el Centro Cultural Ciudad Pegaso";"http://www.madrid.es/sites/v/index.jsp?vgnextchannel=ca9671ee4a9eb410VgnVCM100000171f5a0aRCRD&vgnextoid=f75970db6da41910VgnVCM2000001f4a900aRCRD";"http://www.madrid.es/sites/v/index.jsp?vgnextchannel=bfa48ab43d6bb410VgnVCM100000171f5a0aRCRD&vgnextoid=07f63190712b1110VgnVCM1000000b205a0aRCRD";"Centro Cultural Ciudad Pegaso (San Blas - Canillejas)";"1";"AVENIDA";"SEPTIMA";"11";"SAN BLAS-CANILLEJAS";"REJAS";"28022";"449281";"4477704";"40.44844757572015";"-3.598099871155595";"/contenido/actividades/DanzaBaile";""
12629203;"Taller de elaboración de papel reciclado";"";"1";"0";"";"";"2025-06-28 00:00:00.0";"2025-06-28 23:59:00.0";"11:00";"";"http://www.madrid.es/sites/v/index.jsp?vgnextchannel=ca9671ee4a9eb410VgnVCM100000171f5a0aRCRD&vgnextoid=3c3e29457e3e3910VgnVCM1000001d4a900aRCRD";"Taller de elaboración de papel reciclado";"http://www.madrid.es/sites/v/index.jsp?vgnextchannel=ca9671ee4a9eb410VgnVCM100000171f5a0aRCRD&vgnextoid=6be3c7f06dd28810VgnVCM1000001d4a900aRCRD";"http://www.madrid.es/sites/v/index.jsp?vgnextchannel=bfa48ab43d6bb410VgnVCM100000171f5a0aRCRD&vgnextoid=a956fc79622ef010VgnVCM2000000c205a0aRCRD";"Centro de Información y Educación Ambiental de Dehesa de la Villa";"1";"PARQUE";"DEHESA DE LA VILLA";"0";"MONCLOA-ARAVACA";"";"28039";"439102";"4478967";"40.45914104116349";"-3.718270563679269";"/contenido/actividades/CursosTalleres";""
12721748;"Taller de encuadernación para adultos.";"";"1";"0";"";"";"2025-06-26 00:00:00.0";"2025-06-26 23:59:00.0";"10:00";"";"http://www.madrid.es/sites/v/index.jsp?vgnextchannel=ca9671ee4a9eb410VgnVCM100000171f5a0aRCRD&vgnextoid=775c6822a2a85910VgnVCM2000001f4a900aRCRD";"Taller de encuadernación para adultos.";"http://www.madrid.es/sites/v/index.jsp?vgnextchannel=ca9671ee4a9eb410VgnVCM100000171f5a0aRCRD&vgnextoid=86f5d29da3fa8810VgnVCM2000001f4a900aRCRD";"http://www.madrid.es/sites/v/index.jsp?vgnextchannel=bfa48ab43d6bb410VgnVCM100000171f5a0aRCRD&vgnextoid=26a38ed67151c010VgnVCM2000000c205a0aRCRD";"Imprenta Municipal - Artes del libro";"1,6";"CALLE";"CONCEPCION JERONIMA";"15";"CENTRO";"EMBAJADORES";"28012";"440146";"4473936";"40.413896825498995";"-3.7054692169323364";"/contenido/actividades/CursosTalleres";""
12774914;"Taller de escritura creativa con Javier Arriero";"";"1";"1";"V";"";"2025-06-06 00:00:00.0";"2025-06-27 23:59:00.0";"11:00";"";"http://www.madrid.es/sites/v/index.jsp?vgnextchannel=ca9671ee4a9eb410VgnVCM100000171f5a0aRCRD&vgnextoid=625d773c43ac6910VgnVCM1000001d4a900aRCRD";"";"";"http://www.madrid.es/sites/v/index.jsp?vgnextchannel=bfa48ab43d6bb410VgnVCM100000171f5a0aRCRD&vgnextoid=17f879262ef5d010VgnVCM1000000b205a0aRCRD";"Biblioteca Pública Municipal Pío Baroja (Arganzuela)";"1,6";"CALLE";"ARGANDA";"12";"ARGANZUELA";"ACACIAS";"28005";"439967";"4472399";"40.40003652682007";"-3.7074488154950584";"/contenido/actividades/CursosTalleres";""
11771303;"Taller de huerto familiar";"";"1";"0";"";"";"2025-07-20 00:00:00.0";"2025-07-20 23:59:00.0";"10:00";"El huerto es una herramienta didáctica muy atractiva para trabajar la concienciación ambiental, los hábitos saludables y las relaciones sociales. Los más pequeños disfrutan en contacto con la tierra y aprenden valores como la responsabilidad y el trabajo colaborativo. Se realizarán las tareas necesarias para mantener el huerto en esta época. Actividad para familias con menores de 6 años a 12 años. La actividad tiene una duración aproximada de una hora y media.";"http://www.madrid.es/sites/v/index.jsp?vgnextchannel=ca9671ee4a9eb410VgnVCM100000171f5a0aRCRD&vgnextoid=80461f7a68a33810VgnVCM1000001d4a900aRCRD";"Talleres familiares";"http://www.madrid.es/sites/v/index.jsp?vgnextchannel=ca9671ee4a9eb410VgnVCM100000171f5a0aRCRD&vgnextoid=21d31f7a68a33810VgnVCM1000001d4a900aRCRD";"http://www.madrid.es/sites/v/index.jsp?vgnextchannel=bfa48ab43d6bb410VgnVCM100000171f5a0aRCRD&vgnextoid=796b8193c73c4210VgnVCM1000000b205a0aRCRD";"Centro de Información y Educación Ambiental de El Huerto de El Retiro";"1";"PASEO";"FERNAN NUÑEZ";"2";"RETIRO";"LOS JERONIMOS";"28009";"441779";"4473428";"40.40943503279114";"-3.6861797800993257";"";""
12784043;"Taller de improvisación teatral como camino al Mindfulness";"";"1";"0";"";"";"2025-06-26 00:00:00.0";"2025-06-26 23:59:00.0";"19:00";"3º SESIÓN   TALLER DE IMPROVISACIÓN TEATRAL COMO CAMINO AL MINDFULNESS.Impartido por Lara Blanes  A través de ejercicios lúdicos y dinámicos, se explorará como la improvisación puede ser una forma de meditación en acción , donde el foco está en el proceso , no en el resultado.";"http://www.madrid.es/sites/v/index.jsp?vgnextchannel=ca9671ee4a9eb410VgnVCM100000171f5a0aRCRD&vgnextoid=2aa1e2d36bb07910VgnVCM2000001f4a900aRCRD";"Actividades Centro Cultural Emilia Pardo Bazán";"http://www.madrid.es/sites/v/index.jsp?vgnextchannel=ca9671ee4a9eb410VgnVCM100000171f5a0aRCRD&vgnextoid=f44bedf006a51910VgnVCM1000001d4a900aRCRD";"http://www.madrid.es/sites/v/index.jsp?vgnextchannel=bfa48ab43d6bb410VgnVCM100000171f5a0aRCRD&vgnextoid=dc8d531521b74810VgnVCM1000001d4a900aRCRD";"Centro Cultural Emilia Pardo Bazán (Salamanca)";"1";"CALLE";"GOYA";"1";"SALAMANCA";"RECOLETOS";"28001";"441502";"4475253";"40.42585800515975";"-3.689601594290468";"/contenido/actividades/TeatroPerformance";""
12796963;"Taller de iniciación a la fotografía de naturaleza";"";"1";"0";"";"";"2025-09-26 00:00:00.0";"2025-09-26 23:59:00.0";"10:00";"Taller presencial en el descubrimos cómo fotografiar la naturaleza que nos rodea: seres vivos y elementos del paisaje. Consta de una parte práctica de fotografía con cámara y es recomendable traer la cámara de la que dispongamos. No obstante, con la cámara del teléfono móvil es suficiente. El taller se realizará en el Centro Cultural Mercado de Ibiza (Calle Ibiza, 8, planta 1ª, Retiro). Taller dirigido a público adulto.  Duración estimada: dos horas y media.";"http://www.madrid.es/sites/v/index.jsp?vgnextchannel=ca9671ee4a9eb410VgnVCM100000171f5a0aRCRD&vgnextoid=e7ab985e34f37910VgnVCM2000001f4a900aRCRD";"Talleres presenciales: ciudades sostenibles.";"http://www.madrid.es/sites/v/index.jsp?vgnextchannel=ca9671ee4a9eb410VgnVCM100000171f5a0aRCRD&vgnextoid=d2a0924d36704910VgnVCM2000001f4a900aRCRD";"http://www.madrid.es/sites/v/index.jsp?vgnextchannel=bfa48ab43d6bb410VgnVCM100000171f5a0aRCRD&vgnextoid=dbeab973f50e7310VgnVCM1000000b205a0aRCRD";"Centro Cultural Mercado de Ibiza (Retiro)";"1";"CALLE";"IBIZA";"8";"RETIRO";"IBIZA";"28009";"442533";"4474392";"40.41817872037522";"-3.677376337125393";"/contenido/actividades/CursosTalleres";""
12632831;"Taller de iniciación a la ornitología";"";"1";"0";"";"";"2025-07-12 00:00:00.0";"2025-07-12 23:59:00.0";"09:30";"Taller presencial que consta de una primera parte teórica en la que se abordan los conocimientos básicos para iniciarse en la observación de aves y una parte práctica con un recorrido por las instalaciones del parque para la identificación de especies. Recomendable llevar prismáticos. Actividad dirigida a público a partir de 7 años. Los menores estarán acompañados de un adulto responsable.  Duración estimada: tres horas.  Ubicación: Cabaña de la Rosaleda (Parque de El Retiro).";"http://www.madrid.es/sites/v/index.jsp?vgnextchannel=ca9671ee4a9eb410VgnVCM100000171f5a0aRCRD&vgnextoid=eec1924d36704910VgnVCM2000001f4a900aRCRD";"Talleres presenciales: ciudades sostenibles.";"http://www.madrid.es/sites/v/index.jsp?vgnextchannel=ca9671ee4a9eb410VgnVCM100000171f5a0aRCRD&vgnextoid=d2a0924d36704910VgnVCM2000001f4a900aRCRD";"http://www.madrid.es/sites/v/index.jsp?vgnextchannel=bfa48ab43d6bb410VgnVCM100000171f5a0aRCRD&vgnextoid=499561945d9ec210VgnVCM2000000c205a0aRCRD";"Jardines de El Buen Retiro";"2";"PLAZA";"INDEPENDENCIA";"7";"RETIRO";"LOS JERONIMOS";"28001";"441640";"4474563";"40.41964087412762";"-3.68793370943788";"/contenido/actividades/CursosTalleres";""
12798978;"Taller de iniciación a la ornitología";"";"1";"0";"";"";"2025-08-28 00:00:00.0";"2025-08-28 23:59:00.0";"09:30";"Taller presencial que consta de una primera parte teórica en la que se abordan los conocimientos básicos para iniciarse en la observación de aves y una parte práctica con un recorrido por las instalaciones del parque para la identificación de especies. Recomendable llevar prismáticos. Actividad dirigida a público a partir de 7 años. Los menores estarán acompañados de un adulto responsable.  Duración estimada: tres horas.  Ubicación: Cabaña de la Rosaleda (Parque de El Retiro).";"http://www.madrid.es/sites/v/index.jsp?vgnextchannel=ca9671ee4a9eb410VgnVCM100000171f5a0aRCRD&vgnextoid=9f262cade1457910VgnVCM2000001f4a900aRCRD";"Talleres presenciales: ciudades sostenibles.";"http://www.madrid.es/sites/v/index.jsp?vgnextchannel=ca9671ee4a9eb410VgnVCM100000171f5a0aRCRD&vgnextoid=d2a0924d36704910VgnVCM2000001f4a900aRCRD";"http://www.madrid.es/sites/v/index.jsp?vgnextchannel=bfa48ab43d6bb410VgnVCM100000171f5a0aRCRD&vgnextoid=499561945d9ec210VgnVCM2000000c205a0aRCRD";"Jardines de El Buen Retiro";"2";"PLAZA";"INDEPENDENCIA";"7";"RETIRO";"LOS JERONIMOS";"28001";"441640";"4474563";"40.41964087412762";"-3.68793370943788";"/contenido/actividades/CursosTalleres";""
12781412;"Taller de meditación Sahaja YOGA";"";"1";"1";"V";"";"2025-06-06 00:00:00.0";"2025-06-27 23:59:00.0";"";"Inscripción previa en el Centro Cultural Buero Vallejo a partir del 6 de mayo.   Duración: clases de 1?5 horas durante 6 semanas los viernes desde el 23 de mayo al 27 de junio.  Es un taller centrado en la experiencia transformadora de la meditación. En experimentar el silencio interior (o Consciencia sin pensamientos) que relaja el sistema nervioso, estimula las emociones positivas, reduce el estrés, e incrementa el disfrute de la vida. Cada sesión constará de:  Introducción y Equilibrio del Sistema Nervioso Explicación del tema del día Video de 10 minutos explicativo (opcional) Meditación   Profesor: Jorge Lugrís.";"http://www.madrid.es/sites/v/index.jsp?vgnextchannel=ca9671ee4a9eb410VgnVCM100000171f5a0aRCRD&vgnextoid=b32a92c2677f6910VgnVCM1000001d4a900aRCRD";"Actividades en el Centro Cultural Buero Vallejo";"http://www.madrid.es/sites/v/index.jsp?vgnextchannel=ca9671ee4a9eb410VgnVCM100000171f5a0aRCRD&vgnextoid=da1970db6da41910VgnVCM2000001f4a900aRCRD";"http://www.madrid.es/sites/v/index.jsp?vgnextchannel=bfa48ab43d6bb410VgnVCM100000171f5a0aRCRD&vgnextoid=98953d0b5e71c010VgnVCM1000000b205a0aRCRD";"Centro Cultural Buero Vallejo (San Blas - Canillejas)";"1";"CALLE";"BOLTAÑA";"27";"SAN BLAS-CANILLEJAS";"CANILLEJAS";"28022";"448023";"4477305";"40.44477474902185";"-3.6129105844633775";"/contenido/actividades/CursosTalleres";""
12758070;"Taller de meditación Sahaja YOGA";"";"1";"1";"V";"";"2025-05-23 00:00:00.0";"2025-06-27 23:59:00.0";"";"Viernes 23 y 30 de mayo, 6, 13, 20 y 27 de junio, a las 19 horas.   15/18 Plazas   Inscripción previa en el Centro Cultural Buero Vallejo a partir del 6 de mayo.   Duración: clases de 1:30 horas durante 6 semanas los viernes desde el 23 de mayo al 27 de junio.  Es un taller centrado en la experiencia transformadora de la meditación. En experimentar el silencio interior (o Consciencia sin pensamientos) que relaja el sistema nervioso, estimula las emociones positivas, reduce el estrés, e incrementa el disfrute de la vida. Cada sesión constará de:  Introducción y Equilibrio del Sistema Nervioso Explicación del tema del día Video de 10 minutos explicativo (opcional) Meditación   Profesor: Jorge Lugrís.";"http://www.madrid.es/sites/v/index.jsp?vgnextchannel=ca9671ee4a9eb410VgnVCM100000171f5a0aRCRD&vgnextoid=5e12fd68c0d56910VgnVCM2000001f4a900aRCRD";"Actividades en el Centro Cultural Buero Vallejo";"http://www.madrid.es/sites/v/index.jsp?vgnextchannel=ca9671ee4a9eb410VgnVCM100000171f5a0aRCRD&vgnextoid=da1970db6da41910VgnVCM2000001f4a900aRCRD";"http://www.madrid.es/sites/v/index.jsp?vgnextchannel=bfa48ab43d6bb410VgnVCM100000171f5a0aRCRD&vgnextoid=98953d0b5e71c010VgnVCM1000000b205a0aRCRD";"Centro Cultural Buero Vallejo (San Blas - Canillejas)";"1";"CALLE";"BOLTAÑA";"27";"SAN BLAS-CANILLEJAS";"CANILLEJAS";"28022";"448023";"4477305";"40.44477474902185";"-3.6129105844633775";"/contenido/actividades/CursosTalleres";""
12805808;"Taller de Riego huerto Barceló: miércoles 25 Junio 18:30h";"";"1";"0";"";"";"2025-06-25 00:00:00.0";"2025-06-25 23:59:00.0";"18:30";"";"http://www.madrid.es/sites/v/index.jsp?vgnextchannel=ca9671ee4a9eb410VgnVCM100000171f5a0aRCRD&vgnextoid=5c03e5173c287910VgnVCM2000001f4a900aRCRD";"Taller de Riego huerto Barceló: miércoles 25 Junio 18:30h";"http://www.madrid.es/sites/v/index.jsp?vgnextchannel=ca9671ee4a9eb410VgnVCM100000171f5a0aRCRD&vgnextoid=34e2e5173c287910VgnVCM2000001f4a900aRCRD";"";"";"";"";"";"";"";"";"";"";"";"";"";"/contenido/actividades/CursosTalleres";""
12796960;"Taller El ruido de mi calle";"";"1";"0";"";"";"2025-09-24 00:00:00.0";"2025-09-24 23:59:00.0";"16:30";"Taller presencial que consta de una primera parte práctica en la que se abordan los conceptos básicos sobre contaminación acústica, su medición y gestión, y una parte práctica con un recorrido para interiorizar los conceptos aprendidos. El Taller se realizará en la Cabaña de la Rosaleda en el Parque del Retiro. Taller dirigido a público adulto.  Duración estimada: dos horas y media.";"http://www.madrid.es/sites/v/index.jsp?vgnextchannel=ca9671ee4a9eb410VgnVCM100000171f5a0aRCRD&vgnextoid=040b985e34f37910VgnVCM2000001f4a900aRCRD";"Talleres presenciales: ciudades sostenibles.";"http://www.madrid.es/sites/v/index.jsp?vgnextchannel=ca9671ee4a9eb410VgnVCM100000171f5a0aRCRD&vgnextoid=d2a0924d36704910VgnVCM2000001f4a900aRCRD";"http://www.madrid.es/sites/v/index.jsp?vgnextchannel=bfa48ab43d6bb410VgnVCM100000171f5a0aRCRD&vgnextoid=499561945d9ec210VgnVCM2000000c205a0aRCRD";"Jardines de El Buen Retiro";"2";"PLAZA";"INDEPENDENCIA";"7";"RETIRO";"LOS JERONIMOS";"28001";"441640";"4474563";"40.41964087412762";"-3.68793370943788";"/contenido/actividades/CursosTalleres";""
12316320;"Taller reciclArte";"";"1";"0";"";"";"2025-07-13 00:00:00.0";"2025-07-13 23:59:00.0";"11:00";"Con pocos materiales y cosas que encontraremos por casa aprenderemos a diseñar y realizar diferentes objetos hechos a partir de briks. De esta forma, lo que inicialmente era un residuo que tiraríamos al contenedor amarillo, le damos una segunda oportunidad transformándolo en un nuevo objeto, con una nueva utilidad y diseño propio, reduciendo la compra de estos nuevos objetos. Actividad para familias con menores mayores de 6 a 12 años. Duración aproximada de una hora y media.";"http://www.madrid.es/sites/v/index.jsp?vgnextchannel=ca9671ee4a9eb410VgnVCM100000171f5a0aRCRD&vgnextoid=a61700d72623e810VgnVCM2000001f4a900aRCRD";"Talleres familiares";"http://www.madrid.es/sites/v/index.jsp?vgnextchannel=ca9671ee4a9eb410VgnVCM100000171f5a0aRCRD&vgnextoid=21d31f7a68a33810VgnVCM1000001d4a900aRCRD";"http://www.madrid.es/sites/v/index.jsp?vgnextchannel=bfa48ab43d6bb410VgnVCM100000171f5a0aRCRD&vgnextoid=796b8193c73c4210VgnVCM1000000b205a0aRCRD";"Centro de Información y Educación Ambiental de El Huerto de El Retiro";"1";"PASEO";"FERNAN NUÑEZ";"2";"RETIRO";"LOS JERONIMOS";"28009";"441779";"4473428";"40.40943503279114";"-3.6861797800993257";"";""
12806342;"Taller Teatralizando la pintura/ Lola Sevilla Carrasco";"";"1";"1";"L,M,X,J,V,S,D";"";"2025-07-26 00:00:00.0";"2025-07-27 23:59:00.0";"12:00";"De 12 a 13:30 horas.  Categoría: Taller. Entrada GRATUITA.  Lugar: Centro de Educación Ambiental y Cultural Maris Stella.  Edad: A partir de 18 años. Imprescindible reserva previa.  Sinopsis: A través de procesos artísticos y dinámicas de creación y diversión. Reducir el estrés y mejorar la autoestima. Se llevará acabo como un taller semi terapéutico trabajando las emociones y compartiendo momentos de cada participante. Utilizando la pintura y teatro como herramientas, donde el ultimo día se llevará a cabo una muestra teatralizada de los ejercicios que se haya hecho el primer día.";"http://www.madrid.es/sites/v/index.jsp?vgnextchannel=ca9671ee4a9eb410VgnVCM100000171f5a0aRCRD&vgnextoid=8b322cee74787910VgnVCM1000001d4a900aRCRD";"Actividades en el Centro de Educación Ambiental y Cultural Maris Stella";"http://www.madrid.es/sites/v/index.jsp?vgnextchannel=ca9671ee4a9eb410VgnVCM100000171f5a0aRCRD&vgnextoid=4e25ce5179e61910VgnVCM1000001d4a900aRCRD";"http://www.madrid.es/sites/v/index.jsp?vgnextchannel=bfa48ab43d6bb410VgnVCM100000171f5a0aRCRD&vgnextoid=85205619bc23d710VgnVCM2000001f4a900aRCRD";"Centro de Educación Ambiental y Cultural Maris Stella (Usera)";"1";"CALLE";"DOCTOR TOLOSA LATOUR";"16";"USERA";"PRADOLONGO";"28026";"440301";"4469524";"40.374166248648216";"-3.7032220308808577";"/contenido/actividades/CursosTalleres";""
12800044;"Taller: Animación de muñecos para  la cámara";"";"0";"1";"L,M,X,J,V,S,D";"";"2025-08-20 00:00:00.0";"2025-08-22 23:59:00.0";"";"";"http://www.madrid.es/sites/v/index.jsp?vgnextchannel=ca9671ee4a9eb410VgnVCM100000171f5a0aRCRD&vgnextoid=477bba98e7957910VgnVCM1000001d4a900aRCRD";"Taller: Animación de muñecos para  la cámara";"http://www.madrid.es/sites/v/index.jsp?vgnextchannel=ca9671ee4a9eb410VgnVCM100000171f5a0aRCRD&vgnextoid=fd7bba98e7957910VgnVCM1000001d4a900aRCRD";"http://www.madrid.es/sites/v/index.jsp?vgnextchannel=bfa48ab43d6bb410VgnVCM100000171f5a0aRCRD&vgnextoid=784d8c7c0f91f010VgnVCM1000000b205a0aRCRD";"Teatro Municipal de Títeres. Parque de El Retiro";"1";"AVENIDA";"MÉXICO";"4";"RETIRO";"LOS JERÓNIMOS";"28009";"441748";"4474466";"40.41878362561595";"-3.6866519471003647";"/contenido/actividades/CuentacuentosTiteresMarionetas";""
11965587;"Taller: detective botánico";"";"1";"0";"";"";"2025-08-17 00:00:00.0";"2025-08-17 23:59:00.0";"10:30";"¿Sabes cómo se llaman los árboles que vemos en los jardines de la ciudad? ¿Podrías identificarlos a través de sus hojas? ¿Y qué animales viven en ellos? Con esta actividad se darán a conocer algunas de las especies arbóreas más emblemáticas del entorno del Lago a través del uso de una guía botánica diseñada para tal fin. Se alternará la parte práctica, con juegos y dinámicas de grupo. Taller dirigido a familias con menores a partir de 9 años.  Duración estimada: una hora y media.";"http://www.madrid.es/sites/v/index.jsp?vgnextchannel=ca9671ee4a9eb410VgnVCM100000171f5a0aRCRD&vgnextoid=e7379d972b807810VgnVCM2000001f4a900aRCRD";"Especial familias";"http://www.madrid.es/sites/v/index.jsp?vgnextchannel=ca9671ee4a9eb410VgnVCM100000171f5a0aRCRD&vgnextoid=9bfd9a5c7db95810VgnVCM1000001d4a900aRCRD";"http://www.madrid.es/sites/v/index.jsp?vgnextchannel=bfa48ab43d6bb410VgnVCM100000171f5a0aRCRD&vgnextoid=8a22598d1351c010VgnVCM1000000b205a0aRCRD";"Centro de Información y Educación Ambiental de Casa de Campo";"1";"PARQUE";"CASA DE CAMPO (JUNTO AL EMBARCADERO DEL LAGO)";"";"MONCLOA-ARAVACA";"CASA DE CAMPO";"28011";"437990";"4474399";"40.41789950036311";"-3.7309390858931137";"";"/usuario/Familias"
12799126;"Taller: El mundo de los murciélagos";"";"1";"0";"";"";"2025-08-29 00:00:00.0";"2025-08-29 23:59:00.0";"20:00";"Con esta actividad se pretende promover la biodiversidad de la Casa de Campo a través del conocimiento de estos mamíferos voladores capaces de ingerir grandes cantidades de insectos, desempeñando con ello una importante labor sanitaria dentro de la ciudad. Taller dirigido a público general a partir de 12 años.  Duración estimada: de 20:00 a 22:00 horas.";"http://www.madrid.es/sites/v/index.jsp?vgnextchannel=ca9671ee4a9eb410VgnVCM100000171f5a0aRCRD&vgnextoid=7d6cee1ea9457910VgnVCM2000001f4a900aRCRD";"Actividades nocturnas";"http://www.madrid.es/sites/v/index.jsp?vgnextchannel=ca9671ee4a9eb410VgnVCM100000171f5a0aRCRD&vgnextoid=577bee1ea9457910VgnVCM2000001f4a900aRCRD";"http://www.madrid.es/sites/v/index.jsp?vgnextchannel=bfa48ab43d6bb410VgnVCM100000171f5a0aRCRD&vgnextoid=8a22598d1351c010VgnVCM1000000b205a0aRCRD";"Centro de Información y Educación Ambiental de Casa de Campo";"1";"PARQUE";"CASA DE CAMPO (JUNTO AL EMBARCADERO DEL LAGO)";"";"MONCLOA-ARAVACA";"CASA DE CAMPO";"28011";"437990";"4474399";"40.41789950036311";"-3.7309390858931137";"/contenido/actividades/CursosTalleres";""
12405599;"Taller: Extracción de semillas";"";"1";"0";"";"";"2025-09-24 00:00:00.0";"2025-09-24 23:59:00.0";"10:30";"";"http://www.madrid.es/sites/v/index.jsp?vgnextchannel=ca9671ee4a9eb410VgnVCM100000171f5a0aRCRD&vgnextoid=4832b7fd14450910VgnVCM1000001d4a900aRCRD";"Taller: Extracción de semillas";"http://www.madrid.es/sites/v/index.jsp?vgnextchannel=ca9671ee4a9eb410VgnVCM100000171f5a0aRCRD&vgnextoid=4a4faeb7aa029810VgnVCM2000001f4a900aRCRD";"http://www.madrid.es/sites/v/index.jsp?vgnextchannel=bfa48ab43d6bb410VgnVCM100000171f5a0aRCRD&vgnextoid=796b8193c73c4210VgnVCM1000000b205a0aRCRD";"Centro de Información y Educación Ambiental de El Huerto de El Retiro";"1";"PASEO";"FERNAN NUÑEZ";"2";"RETIRO";"LOS JERONIMOS";"28009";"441779";"4473428";"40.40943503279114";"-3.6861797800993257";"/contenido/actividades/CursosTalleres";""
12800073;"Taller: La mecánica del alma";"";"0";"0";"";"";"2025-08-27 00:00:00.0";"2025-08-29 23:59:00.0";"";"";"http://www.madrid.es/sites/v/index.jsp?vgnextchannel=ca9671ee4a9eb410VgnVCM100000171f5a0aRCRD&vgnextoid=3a1fba98e7957910VgnVCM1000001d4a900aRCRD";"";"";"http://www.madrid.es/sites/v/index.jsp?vgnextchannel=bfa48ab43d6bb410VgnVCM100000171f5a0aRCRD&vgnextoid=784d8c7c0f91f010VgnVCM1000000b205a0aRCRD";"Teatro Municipal de Títeres. Parque de El Retiro";"1";"AVENIDA";"MÉXICO";"4";"RETIRO";"LOS JERÓNIMOS";"28009";"441748";"4474466";"40.41878362561595";"-3.6866519471003647";"/contenido/actividades/CuentacuentosTiteresMarionetas";"/usuario/Familias"
12632845;"Taller: los sonidos de Madrid";"";"1";"0";"";"";"2025-09-10 00:00:00.0";"2025-09-10 23:59:00.0";"18:00";"Taller presencial que consta de una primera parte teórica en la que se abordan los conceptos básicos del sonido, la percepción y el paisaje sonoro y una parte práctica con un recorrido para interiorizar los conceptos aprendidos. El Taller se realizará en la Cabaña de la Rosaleda en el Parque del Retiro. Taller dirigido a público adulto.  Duración estimada: dos horas y media.";"http://www.madrid.es/sites/v/index.jsp?vgnextchannel=ca9671ee4a9eb410VgnVCM100000171f5a0aRCRD&vgnextoid=70e2924d36704910VgnVCM2000001f4a900aRCRD";"Talleres presenciales: ciudades sostenibles.";"http://www.madrid.es/sites/v/index.jsp?vgnextchannel=ca9671ee4a9eb410VgnVCM100000171f5a0aRCRD&vgnextoid=d2a0924d36704910VgnVCM2000001f4a900aRCRD";"http://www.madrid.es/sites/v/index.jsp?vgnextchannel=bfa48ab43d6bb410VgnVCM100000171f5a0aRCRD&vgnextoid=499561945d9ec210VgnVCM2000000c205a0aRCRD";"Jardines de El Buen Retiro";"2";"PLAZA";"INDEPENDENCIA";"7";"RETIRO";"LOS JERONIMOS";"28001";"441640";"4474563";"40.41964087412762";"-3.68793370943788";"/contenido/actividades/CursosTalleres";""
12800067;"Taller: Objeto Cuerpo Materia. Introducción  al teatro físico y de objetos";"";"0";"1";"L,M,X,J,V,S,D";"";"2025-08-25 00:00:00.0";"2025-08-26 23:59:00.0";"10:00";"";"http://www.madrid.es/sites/v/index.jsp?vgnextchannel=ca9671ee4a9eb410VgnVCM100000171f5a0aRCRD&vgnextoid=f05cba98e7957910VgnVCM1000001d4a900aRCRD";"Taller: Objeto Cuerpo Materia. Introducción  al teatro físico y de objetos";"http://www.madrid.es/sites/v/index.jsp?vgnextchannel=ca9671ee4a9eb410VgnVCM100000171f5a0aRCRD&vgnextoid=0f0dba98e7957910VgnVCM1000001d4a900aRCRD";"http://www.madrid.es/sites/v/index.jsp?vgnextchannel=bfa48ab43d6bb410VgnVCM100000171f5a0aRCRD&vgnextoid=784d8c7c0f91f010VgnVCM1000000b205a0aRCRD";"Teatro Municipal de Títeres. Parque de El Retiro";"1";"AVENIDA";"MÉXICO";"4";"RETIRO";"LOS JERÓNIMOS";"28009";"441748";"4474466";"40.41878362561595";"-3.6866519471003647";"/contenido/actividades/CuentacuentosTiteresMarionetas";""
12697848;"Tarjeta sanitaria virtual de la Comunidad de Madrid. Madrid Aula Digital";"";"1";"1";"L,M,X,J,V,S,D";"";"2025-06-25 00:00:00.0";"2025-06-26 23:59:00.0";"10:00";"Explora y usa de manera eficaz las aplicaciones de salud de la Comunidad de Madrid. Aprende a utilizar la aplicación Cita Sanitaria y la interfaz de Tarjeta Sanitaria Virtual y reflexiona sobre la protección de datos en salud digital.   ¿Sabes pedir cita online con tu médico? ¿Tienes instaladas en tu móvil aplicaciones de salud? ¿Te gustaría conocer y usar las aplicaciones de salud de la Comunidad de Madrid?   Los objetivos de este curso son:   Conocer el proceso de transformación digital de las administraciones públicas. Identificar las aplicaciones de salud de la Comunidad de Madrid. Reconocer las distintas funcionalidades de las aplicaciones de salud. Utilizar las aplicaciones de salud de la Comunidad de Madrid.   Curso de 6 horas de duración dividido en dos sesiones: 25 y 26 de junio, de 10 a 13 horas.   Inscríbete en este enlace.";"http://www.madrid.es/sites/v/index.jsp?vgnextchannel=ca9671ee4a9eb410VgnVCM100000171f5a0aRCRD&vgnextoid=58c60b66b8735910VgnVCM1000001d4a900aRCRD";"Tarjeta sanitaria virtual de la Comunidad de Madrid. Madrid Aula Digital";"http://www.madrid.es/sites/v/index.jsp?vgnextchannel=ca9671ee4a9eb410VgnVCM100000171f5a0aRCRD&vgnextoid=279f5a33ba4e3910VgnVCM1000001d4a900aRCRD";"http://www.madrid.es/sites/v/index.jsp?vgnextchannel=bfa48ab43d6bb410VgnVCM100000171f5a0aRCRD&vgnextoid=7f0e3d0b5e71c010VgnVCM1000000b205a0aRCRD";"Biblioteca Pública Municipal Aluche (Latina)";"1,5,6";"CALLE";"CAMARENA";"10";"LATINA";"ALUCHE";"28047";"435820";"4471982";"40.39597072367931";"-3.7562716852987847";"/contenido/actividades/CursosTalleres/CapacitacionDigital";""
12793543;"Teatro Infantil 'Pinocho'";"";"1";"0";"";"";"2025-07-06 00:00:00.0";"2025-07-06 23:59:00.0";"18:00";"De los cuentos clásicos Pinocho es el títere más travieso y entrañable de toda la literatura universal. En su historia los niños aprenden la importancia de la verdad, también a obedecer y hacerse responsables de sus actos, de no fiarse de los extraños, que si van a la escuela el saber los lleva a tomar buenas decisiones y no caer en el engaño. Además, descubren valores tan importantes como la amistad.    Recomendado de 2 a 6 años.";"http://www.madrid.es/sites/v/index.jsp?vgnextchannel=ca9671ee4a9eb410VgnVCM100000171f5a0aRCRD&vgnextoid=482e092e59437910VgnVCM1000001d4a900aRCRD";"Actividades de verano en el Distrito de Chamberí";"http://www.madrid.es/sites/v/index.jsp?vgnextchannel=ca9671ee4a9eb410VgnVCM100000171f5a0aRCRD&vgnextoid=a9d769ea76117910VgnVCM1000001d4a900aRCRD";"http://www.madrid.es/sites/v/index.jsp?vgnextchannel=bfa48ab43d6bb410VgnVCM100000171f5a0aRCRD&vgnextoid=30181e79ee71c010VgnVCM1000000b205a0aRCRD";"Centro Cultural Galileo (Chamberí)";"1";"CALLE";"GALILEO";"39";"CHAMBERI";"ARAPILES";"28015";"439741";"4476139";"40.433719454283505";"-3.7104468992841753";"/contenido/actividades/TeatroPerformance";"/usuario/Niños"
12790395;"Teatros adultos: 'La subasta de las Musas'";"";"1";"0";"";"";"2025-06-28 00:00:00.0";"2025-06-28 23:59:00.0";"19:00";"A cargo de la Asociación Cultural Teatro del Otro Día. Espectáculo final de curso del Taller de Teatro y Creatividad. Mientras se encuentran de viaje en un pueblo de la España profunda, unos amigos encuentran un antiguo teatro municipal y descubren algo que cambiará sus vidas.  Dirección: Delfín Estévez Rodríguez.";"http://www.madrid.es/sites/v/index.jsp?vgnextchannel=ca9671ee4a9eb410VgnVCM100000171f5a0aRCRD&vgnextoid=8d4918f462027910VgnVCM2000001f4a900aRCRD";"Actividades en el Centro Sociocultural Rafael de León";"http://www.madrid.es/sites/v/index.jsp?vgnextchannel=ca9671ee4a9eb410VgnVCM100000171f5a0aRCRD&vgnextoid=1ffc298e9ad97810VgnVCM2000001f4a900aRCRD";"http://www.madrid.es/sites/v/index.jsp?vgnextchannel=bfa48ab43d6bb410VgnVCM100000171f5a0aRCRD&vgnextoid=7e0b1e79ee71c010VgnVCM1000000b205a0aRCRD";"Centro Sociocultural Rafael de León (Fuencarral - El Pardo)";"1";"CALLE";"ISLA DE ONS";"14";"FUENCARRAL-EL PARDO";"PEÑA GRANDE";"28035";"438850";"4481314";"40.48025613358832";"-3.7214686777952974";"/contenido/actividades/TeatroPerformance";""
12788043;"TEATRO. La Romería Producciones, presenta 'Leona'";"";"1";"0";"";"";"2025-06-27 00:00:00.0";"2025-06-27 23:59:00.0";"19:00";"Transitando entre la comedia y el drama, entre el realismo y la ensoñación, María Miguel encarna en este cabaret cómico-musical varios personajes que son uno: la adolescente asturiana y soñadora de un tiempo pasado, la madrileña recién llegada que baila el chotis con salero, la leona devora hombres que se lo va a comer todo y a la que engaña un listo al que también interpreta? Y la mujer sola a la que se le ha pasado el arroz que se reafirma en su lucha.  Duración:  70 minutos.";"http://www.madrid.es/sites/v/index.jsp?vgnextchannel=ca9671ee4a9eb410VgnVCM100000171f5a0aRCRD&vgnextoid=490fd00b46b17910VgnVCM1000001d4a900aRCRD";"Actividades en el centro cultural Príncipe de Asturias";"http://www.madrid.es/sites/v/index.jsp?vgnextchannel=ca9671ee4a9eb410VgnVCM100000171f5a0aRCRD&vgnextoid=512a7bd17e517910VgnVCM2000001f4a900aRCRD";"http://www.madrid.es/sites/v/index.jsp?vgnextchannel=bfa48ab43d6bb410VgnVCM100000171f5a0aRCRD&vgnextoid=d1ca1e79ee71c010VgnVCM1000000b205a0aRCRD";"Centro Cultural Príncipe de Asturias (Ciudad Lineal)";"1,5,6";"CALLE";"HERMANOS GARCIA NOBLEJAS";"14";"CIUDAD LINEAL";"PUEBLO NUEVO";"28037";"445948";"4476395";"40.43644651057092";"-3.6372924261150033";"/contenido/actividades/TeatroPerformance";""
12787883;"Teatro: Ensayo de una familia";"";"1";"0";"";"";"2025-06-25 00:00:00.0";"2025-06-25 23:59:00.0";"19:00";"ALUMNOS DE LA ESCUELA BULULÚ 2120.  Sobre textos de Jasmina Reza.  Representar la vida parece un reto, una tarea titánica e incluso pretenciosa. En este juego meta teatral unos actores dan vida a un grupo de actores que, a su vez, dan vida a una familia. A las dificultades propias del oficio, se les suma su extrañeza ante lo que en un principio parecía sencillo: cómo hacer arte a partir de la vida misma.";"http://www.madrid.es/sites/v/index.jsp?vgnextchannel=ca9671ee4a9eb410VgnVCM100000171f5a0aRCRD&vgnextoid=d38d934b52b17910VgnVCM2000001f4a900aRCRD";"Actividades en el Centro Dotacional Integrado Arganzuela Ángel del Río";"http://www.madrid.es/sites/v/index.jsp?vgnextchannel=ca9671ee4a9eb410VgnVCM100000171f5a0aRCRD&vgnextoid=0758c4a248991910VgnVCM2000001f4a900aRCRD";"http://www.madrid.es/sites/v/index.jsp?vgnextchannel=bfa48ab43d6bb410VgnVCM100000171f5a0aRCRD&vgnextoid=f9ea79262ef5d010VgnVCM1000000b205a0aRCRD";"Centro Dotacional Integrado Arganzuela Ángel del Río";"1";"CALLE";"CANARIAS";"17";"ARGANZUELA";"PALOS DE LA FRONTERA";"28045";"440986";"4472656";"40.40242416544921";"-3.6954440062549017";"/contenido/actividades/TeatroPerformance";""
12806060;"Tertulia poesía";"";"1";"0";"";"";"2025-07-11 00:00:00.0";"2025-07-11 23:59:00.0";"17:30";"";"http://www.madrid.es/sites/v/index.jsp?vgnextchannel=ca9671ee4a9eb410VgnVCM100000171f5a0aRCRD&vgnextoid=732938a3b1787910VgnVCM1000001d4a900aRCRD";"";"";"http://www.madrid.es/sites/v/index.jsp?vgnextchannel=bfa48ab43d6bb410VgnVCM100000171f5a0aRCRD&vgnextoid=6c4dbc2658739410VgnVCM2000000c205a0aRCRD";"Biblioteca Pública Municipal Mario Vargas Llosa (Centro)";"1,6";"CALLE";"BARCELO";"4";"CENTRO";"JUSTICIA";"28004";"440645";"4475347";"40.426642215368176";"-3.699722994908341";"/contenido/actividades/ConferenciasColoquios";""
12755367;"Tertulias en latín";"";"1";"1";"V";"2/5/2025;";"2025-04-25 00:00:00.0";"2025-07-04 23:59:00.0";"19:00";"";"http://www.madrid.es/sites/v/index.jsp?vgnextchannel=ca9671ee4a9eb410VgnVCM100000171f5a0aRCRD&vgnextoid=1cce971827936910VgnVCM1000001d4a900aRCRD";"";"";"http://www.madrid.es/sites/v/index.jsp?vgnextchannel=bfa48ab43d6bb410VgnVCM100000171f5a0aRCRD&vgnextoid=0b60e92be3c5e210VgnVCM1000000b205a0aRCRD";"Biblioteca Pública Municipal Iván de Vargas (Centro)";"1,6";"CALLE";"SAN JUSTO";"5";"CENTRO";"PALACIO";"28005";"439775";"4473962";"40.41410290844665";"-3.7098591212735883";"";""
12792355;"Te, teína y lo que se cuece en la cocina";"";"1";"0";"";"";"2025-06-27 00:00:00.0";"2025-06-27 23:59:00.0";"19:00";"El Grupo Talentos Ocultos presenta 'Te, teína y lo que se cuece en la cocina'.  La burguesía inglesa ya no es lo que era. Veneno, desapariciones, y algún muerto para poder mantener su estatus.  Dirigida por Beatriz Aramendía.";"http://www.madrid.es/sites/v/index.jsp?vgnextchannel=ca9671ee4a9eb410VgnVCM100000171f5a0aRCRD&vgnextoid=d501ea2a31037910VgnVCM1000001d4a900aRCRD";"Actividades en el Centro Sociocultural Rosario de Acuña";"http://www.madrid.es/sites/v/index.jsp?vgnextchannel=ca9671ee4a9eb410VgnVCM100000171f5a0aRCRD&vgnextoid=97a7b1a5e9470610VgnVCM1000001d4a900aRCRD";"http://www.madrid.es/sites/v/index.jsp?vgnextchannel=bfa48ab43d6bb410VgnVCM100000171f5a0aRCRD&vgnextoid=2bae598d1351c010VgnVCM1000000b205a0aRCRD";"Centro Sociocultural Rosario de Acuña (Latina)";"1";"CALLE";"MARIA DEL CARMEN";"65";"LATINA";"PUERTA DEL ANGEL";"28011";"437830";"4473132";"40.40647389284976";"-3.7327010920242043";"/contenido/actividades/TeatroPerformance";""
12811511;"Thabo y el caso del rinoceronte";"";"1";"0";"";"";"2025-06-27 00:00:00.0";"2025-06-27 23:59:00.0";"22:00";"Todos los públicos. 2024.";"http://www.madrid.es/sites/v/index.jsp?vgnextchannel=ca9671ee4a9eb410VgnVCM100000171f5a0aRCRD&vgnextoid=7a6a0739f86a7910VgnVCM1000001d4a900aRCRD";"Cine de verano en Hortaleza";"http://www.madrid.es/sites/v/index.jsp?vgnextchannel=ca9671ee4a9eb410VgnVCM100000171f5a0aRCRD&vgnextoid=26306c93646a7910VgnVCM1000001d4a900aRCRD";"http://www.madrid.es/sites/v/index.jsp?vgnextchannel=bfa48ab43d6bb410VgnVCM100000171f5a0aRCRD&vgnextoid=66d84eb3b28de210VgnVCM1000000b205a0aRCRD";"Parque de Villa Rosa-Paco Caño";"2";"CALLE";"ACONCAGUA";"2";"HORTALEZA";"CANILLAS";"28043";"446458";"4479969";"40.468674190501815";"-3.631588640594873";"/contenido/actividades/ActividadesCalleArteUrbano";"/usuario/Niños,/usuario/Familias"
12811421;"The Barjansky Project";"";"1";"0";"";"";"2025-07-05 00:00:00.0";"2025-07-05 23:59:00.0";"19:00";"Este dúo de cuerda, formado por Amaya Plô (violín) y Miko?aj Konopelsky (violonchelo),invita al público a un viaje sonoro que transita por distintos siglos, estilos y emociones. A través de un repertorio cuidadosamente seleccionado, interpretarán obras de compositores tan diversos como Brahms, Satie, Piazzolla, Leonard Cohen y Scott Joplin, ofreciendo una experiencia única que combina la profundidad del repertorio clásico con el espíritu vibrante de lo contemporáneo.";"http://www.madrid.es/sites/v/index.jsp?vgnextchannel=ca9671ee4a9eb410VgnVCM100000171f5a0aRCRD&vgnextoid=01346c93646a7910VgnVCM1000001d4a900aRCRD";"Actividades Centro Cultural Emilia Pardo Bazán";"http://www.madrid.es/sites/v/index.jsp?vgnextchannel=ca9671ee4a9eb410VgnVCM100000171f5a0aRCRD&vgnextoid=f44bedf006a51910VgnVCM1000001d4a900aRCRD";"http://www.madrid.es/sites/v/index.jsp?vgnextchannel=bfa48ab43d6bb410VgnVCM100000171f5a0aRCRD&vgnextoid=dc8d531521b74810VgnVCM1000001d4a900aRCRD";"Centro Cultural Emilia Pardo Bazán (Salamanca)";"1";"CALLE";"GOYA";"1";"SALAMANCA";"RECOLETOS";"28001";"441502";"4475253";"40.42585800515975";"-3.689601594290468";"/contenido/actividades/Musica";""
12798266;"The Machine To Be Another en verano - Villa de Vallecas";"";"1";"0";"";"";"2025-07-02 00:00:00.0";"2025-07-02 23:59:00.0";"10:30";"";"http://www.madrid.es/sites/v/index.jsp?vgnextchannel=ca9671ee4a9eb410VgnVCM100000171f5a0aRCRD&vgnextoid=b4329e9b63547910VgnVCM1000001d4a900aRCRD";"";"";"";"";"";"";"";"";"";"";"";"";"";"";"";"/contenido/actividades/1ciudad21distritos";""
12737651;"The Singing Ladies";"";"1";"0";"";"";"2025-06-28 00:00:00.0";"2025-06-28 23:59:00.0";"12:00";"";"http://www.madrid.es/sites/v/index.jsp?vgnextchannel=ca9671ee4a9eb410VgnVCM100000171f5a0aRCRD&vgnextoid=4a5c765d9dbe5910VgnVCM1000001d4a900aRCRD";"The Singing Ladies";"http://www.madrid.es/sites/v/index.jsp?vgnextchannel=ca9671ee4a9eb410VgnVCM100000171f5a0aRCRD&vgnextoid=e57a765d9dbe5910VgnVCM1000001d4a900aRCRD";"http://www.madrid.es/sites/v/index.jsp?vgnextchannel=bfa48ab43d6bb410VgnVCM100000171f5a0aRCRD&vgnextoid=35e53d0b5e71c010VgnVCM1000000b205a0aRCRD";"Centro Cultural Casa de Vacas (Retiro)";"1";"PASEO";"COLOMBIA";"1";"RETIRO";"LOS JERONIMOS";"28009";"441967";"4474495";"40.41906571939961";"-3.684053112760816";"/contenido/actividades/Musica";""
12800030;"The Wedding Banquet";"";"0";"0";"";"";"2025-06-27 00:00:00.0";"2025-06-27 23:59:00.0";"18:00";"Nueva versión de la película homónima de Ang Lee (1993). Un hombre gay hace un trato con su amiga lesbiana: contraer matrimonio para que él obtenga permiso de residencia, a cambio de un costoso tratamiento de fecundación in vitro para ella. Los planes se complican cuando la abuela de ella les sorprende con un banquete de boda coreano.  Estreno en España";"http://www.madrid.es/sites/v/index.jsp?vgnextchannel=ca9671ee4a9eb410VgnVCM100000171f5a0aRCRD&vgnextoid=b70bba98e7957910VgnVCM1000001d4a900aRCRD";"";"";"http://www.madrid.es/sites/v/index.jsp?vgnextchannel=bfa48ab43d6bb410VgnVCM100000171f5a0aRCRD&vgnextoid=2dbd1fe44c5ee310VgnVCM2000000c205a0aRCRD";"Cineteca Madrid";"1";"PLAZA";"LEGAZPI";"8";"ARGANZUELA";"CHOPERA";"28045";"440946";"4471422";"40.39130985242181";"-3.6958028442054074";"/contenido/actividades/ProgramacionDestacadaAgendaCultura";""
12788631;"Títeres: Mi vecina desafina";"";"1";"0";"";"";"2025-06-28 00:00:00.0";"2025-06-28 23:59:00.0";"12:00";"COMPAÑÍA TÍTERES CON CABEZA.  Edad recomendada: familiar desde 3 años.  María y Marieta son vecinas. A Marieta le encanta la música de su tierra. María escucha todo el día rock and roll y no soporta la música que escucha Marieta. Por este motivo, las vecinas discuten constantemente? Un día ambas reciben la inquietante visita de una diablesa que, atraída por la melodía de la discordia, viene directa a echar leña al fuego? María y Marieta comprenderán que la única manera de recuperar la paz perdida será uniendo sus voces en una sola canción.";"http://www.madrid.es/sites/v/index.jsp?vgnextchannel=ca9671ee4a9eb410VgnVCM100000171f5a0aRCRD&vgnextoid=1d80dba57cb17910VgnVCM2000001f4a900aRCRD";"Actividades en el Centro Cultural Casa del Reloj";"http://www.madrid.es/sites/v/index.jsp?vgnextchannel=ca9671ee4a9eb410VgnVCM100000171f5a0aRCRD&vgnextoid=b8ce2420dc891910VgnVCM1000001d4a900aRCRD";"http://www.madrid.es/sites/v/index.jsp?vgnextchannel=bfa48ab43d6bb410VgnVCM100000171f5a0aRCRD&vgnextoid=6c5c625c0d168510VgnVCM1000001d4a900aRCRD";"Nave de Terneras del Centro Cultural Casa del Reloj";"1";"PASEO";"CHOPERA";"10";"ARGANZUELA";"CHOPERA";"28045";"440676";"4471620";"40.39307289237465";"-3.699005654074825";"/contenido/actividades/CuentacuentosTiteresMarionetas";"/usuario/Niños"
12795758;"Toc Toc";"";"1";"0";"";"";"2025-06-27 00:00:00.0";"2025-06-27 23:59:00.0";"19:00";"Grupo Valdeteatro, presenta 'Toc Toc'  Comedia obsesivamente divertida, adaptación de la obra teatral homónima del comediógrafo francés Lauret Baffie.";"http://www.madrid.es/sites/v/index.jsp?vgnextchannel=ca9671ee4a9eb410VgnVCM100000171f5a0aRCRD&vgnextoid=a352640a9e937910VgnVCM2000001f4a900aRCRD";"Actividades en el Centro Cultural Valdebernardo";"http://www.madrid.es/sites/v/index.jsp?vgnextchannel=ca9671ee4a9eb410VgnVCM100000171f5a0aRCRD&vgnextoid=c96851629d199810VgnVCM2000001f4a900aRCRD";"http://www.madrid.es/sites/v/index.jsp?vgnextchannel=bfa48ab43d6bb410VgnVCM100000171f5a0aRCRD&vgnextoid=69188899fc81c010VgnVCM1000000b205a0aRCRD";"Centro Cultural Valdebernardo (Vicálvaro)";"1";"BULEVAR";"INDALECIO PRIETO";"21";"VICALVARO";"VALDEBERNARDO";"28032";"447278";"4472321";"40.399832138328044";"-3.6212720265227873";"/contenido/actividades/TeatroPerformance/ComediaMonologo";""
12811472;"Tributo a Amy Winehouse";"";"1";"1";"L,M,X,J,V,S,D";"";"2025-07-04 00:00:00.0";"2025-07-31 23:59:00.0";"";"Artista: Rafael Mallen   Inauguración: 04 de Julio a las 18:00 horas El artista hace un tributo a Amy Winehouse, la cantante. Conocida por su poderosa y profunda voz y su ecléctica mezcla de géneros musicales, que incluyen soul, jazz, R&amp;amp;B y ritmos caribeños. Proveniente de una familia con una fuerte tradición musical ligada al jazz, comenzó su carrera artística cuando aún era una adolescente, actuando en pequeños clubes del género en Londres. Uno de sus álbumes fue el más vendido en el mundo en 2007. Exposición de Pintura.";"http://www.madrid.es/sites/v/index.jsp?vgnextchannel=ca9671ee4a9eb410VgnVCM100000171f5a0aRCRD&vgnextoid=f0b80739f86a7910VgnVCM1000001d4a900aRCRD";"Actividades en el Espacio Cultural Núñez de Balboa";"http://www.madrid.es/sites/v/index.jsp?vgnextchannel=ca9671ee4a9eb410VgnVCM100000171f5a0aRCRD&vgnextoid=27bbf1a88e873810VgnVCM2000001f4a900aRCRD";"http://www.madrid.es/sites/v/index.jsp?vgnextchannel=bfa48ab43d6bb410VgnVCM100000171f5a0aRCRD&vgnextoid=aab225880cd6e710VgnVCM2000001f4a900aRCRD";"Espacio Cultural Núñez de Balboa, 40 (Salamanca)";"1";"CALLE";"NUÑEZ DE BALBOA";"40";"SALAMANCA";"RECOLETOS";"28001";"442103";"4475356";"40.426826159507435";"-3.6825349481985135";"/contenido/actividades/Exposiciones";""
12776235;"Tributo a The Beatles";"";"1";"0";"";"";"2025-06-26 00:00:00.0";"2025-06-26 23:59:00.0";"18:00";"";"http://www.madrid.es/sites/v/index.jsp?vgnextchannel=ca9671ee4a9eb410VgnVCM100000171f5a0aRCRD&vgnextoid=8a1aea7854fc6910VgnVCM1000001d4a900aRCRD";"";"";"http://www.madrid.es/sites/v/index.jsp?vgnextchannel=bfa48ab43d6bb410VgnVCM100000171f5a0aRCRD&vgnextoid=70d879262ef5d010VgnVCM1000000b205a0aRCRD";"Biblioteca Pública Municipal José Saramago (Fuencarral-El Pardo)";"1,5,6";"AVENIDA";"MONFORTE DE LEMOS";"38";"FUENCARRAL-EL PARDO";"EL PILAR";"28029";"439867";"4481122";"40.47860087334554";"-3.7094408342979954";"/contenido/actividades/Musica";""
12811656;"Trolls 3: todos juntos";"";"1";"0";"";"";"2025-07-05 00:00:00.0";"2025-07-05 23:59:00.0";"22:00";"Lugar: Parque de la Huerta de la Salud. Todos los públicos. 2023.";"http://www.madrid.es/sites/v/index.jsp?vgnextchannel=ca9671ee4a9eb410VgnVCM100000171f5a0aRCRD&vgnextoid=2ff60739f86a7910VgnVCM1000001d4a900aRCRD";"Cine de verano en Hortaleza";"http://www.madrid.es/sites/v/index.jsp?vgnextchannel=ca9671ee4a9eb410VgnVCM100000171f5a0aRCRD&vgnextoid=26306c93646a7910VgnVCM1000001d4a900aRCRD";"";"";"";"";"";"";"";"";"";"";"";"";"";"/contenido/actividades/ActividadesCalleArteUrbano";"/usuario/Niños,/usuario/Familias"
12804421;"Trozos de pared - Arganzuela";"";"1";"0";"";"";"2025-06-28 00:00:00.0";"2025-06-28 23:59:00.0";"20:30";"";"http://www.madrid.es/sites/v/index.jsp?vgnextchannel=ca9671ee4a9eb410VgnVCM100000171f5a0aRCRD&vgnextoid=7bc0240b69c77910VgnVCM1000001d4a900aRCRD";"";"";"";"";"";"";"";"";"";"";"";"";"";"";"";"/contenido/actividades/1ciudad21distritos";""
12803031;"Tus recuerdos a salvo: Copias de seguridad y La nube.";"";"1";"0";"";"";"2025-07-18 00:00:00.0";"2025-07-18 23:59:00.0";"10:00";"";"http://www.madrid.es/sites/v/index.jsp?vgnextchannel=ca9671ee4a9eb410VgnVCM100000171f5a0aRCRD&vgnextoid=686a0061f2967910VgnVCM1000001d4a900aRCRD";"";"";"http://www.madrid.es/sites/v/index.jsp?vgnextchannel=bfa48ab43d6bb410VgnVCM100000171f5a0aRCRD&vgnextoid=83e748aaf535e710VgnVCM1000001d4a900aRCRD";"Biblioteca Pública Municipal San Fermín (Usera)";"1,5,6";"AVENIDA";"SAN FERMIN";"10";"USERA";"SAN FERMIN";"28041";"441188";"4469184";"40.3711623444796";"-3.692742821990015";"/contenido/actividades/CursosTalleres/CapacitacionDigital";""
12796010;"Twisters";"";"1";"0";"";"";"2025-07-06 00:00:00.0";"2025-07-06 23:59:00.0";"22:00";"Año: 2024  Duración: 128 min  País: Estados Unidos  Dirección: Lee Isaac Chung  Género: Acción. Aventuras. Thriller. Drama | Tornados / Huracanes. Catástrofes.  Sinopsis: Esta nueva versión de Twister trae de vuelta la adrenalina de la caza de tormentas con un toque moderno. Kate Cooper, quien dejó atrás su vida de riesgo tras un traumático encuentro con un tornado, se ve arrastrada nuevamente al corazón de las tormentas cuando su amigo Javi la convence de probar un sistema de seguimiento revolucionario. En su regreso, conoce a Tyler Owens, un temerario influencer que convierte el peligro en contenido viral junto con su equipo. La rivalidad entre los grupos de cazadores se intensifica justo cuando la naturaleza desata su furia con tormentas más impredecibles y aterradoras que nunca. Al final, todos se verán obligados a enfrentar fuerzas más grandes de lo que jamás imaginaron.  Calificación: No recomendada para menores de doce años.";"http://www.madrid.es/sites/v/index.jsp?vgnextchannel=ca9671ee4a9eb410VgnVCM100000171f5a0aRCRD&vgnextoid=a936b13186a37910VgnVCM1000001d4a900aRCRD";"Cine de Verano 2025 en Barajas";"http://www.madrid.es/sites/v/index.jsp?vgnextchannel=ca9671ee4a9eb410VgnVCM100000171f5a0aRCRD&vgnextoid=c1c73cd450bd5910VgnVCM1000001d4a900aRCRD";"";"";"";"";"";"";"";"";"";"";"";"";"";"/contenido/actividades/CineActividadesAudiovisuales";""
12785437;"Un cuento diferente";"";"1";"0";"";"";"2025-06-27 00:00:00.0";"2025-06-27 23:59:00.0";"20:00";"";"http://www.madrid.es/sites/v/index.jsp?vgnextchannel=ca9671ee4a9eb410VgnVCM100000171f5a0aRCRD&vgnextoid=7b8269ea76117910VgnVCM1000001d4a900aRCRD";"";"";"http://www.madrid.es/sites/v/index.jsp?vgnextchannel=bfa48ab43d6bb410VgnVCM100000171f5a0aRCRD&vgnextoid=590857e2713ae810VgnVCM2000001f4a900aRCRD";"Espacio de lectura Parque del Oeste  (Moncloa-Aravaca)";"1";"CALLE";"PROFESOR MARTIN ALMAGRO BASCH";"0";"MONCLOA-ARAVACA";"CASA DE CAMPO";"28008";"";"";"40.42559";"-3.71955";"";""
12787581;"Un día en el Valde";"";"1";"1";"L,M,X,J,V";"";"2025-06-02 00:00:00.0";"2025-06-27 23:59:00.0";"";"";"http://www.madrid.es/sites/v/index.jsp?vgnextchannel=ca9671ee4a9eb410VgnVCM100000171f5a0aRCRD&vgnextoid=cb8f2a3a40b17910VgnVCM1000001d4a900aRCRD";"";"";"http://www.madrid.es/sites/v/index.jsp?vgnextchannel=bfa48ab43d6bb410VgnVCM100000171f5a0aRCRD&vgnextoid=f05279262ef5d010VgnVCM1000000b205a0aRCRD";"Biblioteca Pública Municipal Francisco Ayala (Vicálvaro)";"1,6";"BULEVAR";"INDALECIO PRIETO";"21";"VICALVARO";"VALDEBERNARDO";"28032";"447278";"4472321";"40.39982891410407";"-3.621281890570377";"/contenido/actividades/Exposiciones";""
12804849;"Un día, un gato";"";"0";"0";"";"";"2025-09-05 00:00:00.0";"2025-09-05 23:59:00.0";"18:00";"Esta es la historia de una gata mágica que vestía gafas de sol. Al quitárselas, era capaz de revelar la personalidad de las personas, al verse estas reflejadas en distintos colores. Los niños la adoran, pero algunos adultos preferirían que desapareciera.   Vojt?ch Jasný (1925 ? 2019) nació en el seno de una familia de maestros. Su padre murió en el campo de concentración de Auschwitz. Después de la guerra, Jasný comenzó a estudiar filosofía y lengua rusa en la Universidad Carolina. En 1946, fue admitido en la Escuela de Cine y Televisión de la Academia de Artes Escénicas de Praga (FAMU), Departamento de Fotografía Cinematográfica, donde recibió clases de Karel Plicka, impulsor de los estudios de cine en Checoslovaquia y cofundador de la FAMU. Terminó la escuela en 1951 con su película de graduación Není stále zamraceno (No siempre está nublado, 1950). Durante sus estudios, empezó a colaborar con Karel Kachy?a, que más tarde se convertiría en su compañero de trabajo en la unidad de cine del ejército checoslovaco. Juntos rodaron documentales sobre la construcción del socialismo. El debut de Jasný en el largometraje fue una adaptación de la obra teatral de Pavel Kohout, Zá?ijové noci (Noches de septiembre, 1956). Las películas más populares y exitosas de Jasný son la antológica Deseo (1958), el cuento de hadas alegórico Un día, un gato (1963) (Premio Especial del Jurado, Mejor Película para Niños, Premio CST en el Festival de Cannes de 1963) y el poético fresco histórico A todos mis buenos paisanos (1968) (Premio Ex Aquo al Mejor Director, Premio CST en el Festival de Cannes de 1969, Premio de la Crítica Cinematográfica Checoslovaca). En 1970, Jasný se exilió por motivos políticos. Vivió brevemente en Yugoslavia, más tarde se trasladó a Austria y en 1984 se instaló en Estados Unidos. En todos ellos, así como en Croacia, Alemania, Finlandia, Francia, Noruega, Israel y Canadá, Jasný trabajó como guionista, director de cine, televisión y teatro y pedagogo. En Estados Unidos dio clases en la Universidad de Columbia (en la Escuela de Artes Visuales). Realizó numerosas películas de acción real y documentales, principalmente para televisión, a menudo adaptaciones de libros y obras de teatro. En 1976, Jasný se convirtió en cofundador de la sociedad anónima Filmstudio Salzburg, que cesó su actividad dos años más tarde debido a pérdidas financieras. Tras la Revolución de Terciopelo de 1989, Jasný regresó frecuentemente a su tierra natal y, en 2011, se reasentó definitivamente en la República Checa.   Premios y festivales Cannes 1963 - Premio Especial del Jurado.   Idioma: V.O.S.E.    Formato: DCP";"http://www.madrid.es/sites/v/index.jsp?vgnextchannel=ca9671ee4a9eb410VgnVCM100000171f5a0aRCRD&vgnextoid=df3d082228d77910VgnVCM1000001d4a900aRCRD";"";"";"http://www.madrid.es/sites/v/index.jsp?vgnextchannel=bfa48ab43d6bb410VgnVCM100000171f5a0aRCRD&vgnextoid=2dbd1fe44c5ee310VgnVCM2000000c205a0aRCRD";"Cineteca Madrid";"1";"PLAZA";"LEGAZPI";"8";"ARGANZUELA";"CHOPERA";"28045";"440946";"4471422";"40.39130985242181";"-3.6958028442054074";"/contenido/actividades/ProgramacionDestacadaAgendaCultura";""
12804863;"Un domingo desperdiciado";"";"0";"0";"";"";"2025-09-27 00:00:00.0";"2025-09-27 23:59:00.0";"19:00";"Después de asistir al funeral de su madre, en el que coincide con un antiguo amor, el oficial Arno?t regresa a sus responsabilidades de seguridad en una instalación militar en Josefov. Pasa los días y ejerce sus tareas de manera rutinaria. Por las noches se emborracha en el pub local, donde trabaja Marie, que está enamorada de él. Para Arno?t ella solo es un pasatiempo, un sustituto del amor que dejó en su pueblo natal. Igual que el resto de su actual vida lo es de la que pudo haber tenido tiempo atrás.   Drahomíra Vihanová estudió en la FAMU como muchos otros cineastas responsables de la regeneración del cine checoslovaco de los sesenta. Su primer largometraje, Un domingo desperdiciado (1969) es un oscuro drama psicológico que captura la desesperanza y la futilidad de la vida. No sería proyectado en cines por motivos políticos hasta 1990. Vihanová se dedicó después a la realización de documentales y a la televisión, convirtiéndose en una representante destacada de la corriente existencialista del cine documental checoslovaco. Solo pudo volver a dirigir ficción a partir de 1989. En 2014 recibió el León Checo por su contribución al cine de su país.   Premios y festivales 69 Festival de Valladolid - Seminci 2024. Memoria y Utopia   Idioma: V.O.S.E.    Formato: DCP";"http://www.madrid.es/sites/v/index.jsp?vgnextchannel=ca9671ee4a9eb410VgnVCM100000171f5a0aRCRD&vgnextoid=d58d082228d77910VgnVCM1000001d4a900aRCRD";"";"";"http://www.madrid.es/sites/v/index.jsp?vgnextchannel=bfa48ab43d6bb410VgnVCM100000171f5a0aRCRD&vgnextoid=2dbd1fe44c5ee310VgnVCM2000000c205a0aRCRD";"Cineteca Madrid";"1";"PLAZA";"LEGAZPI";"8";"ARGANZUELA";"CHOPERA";"28045";"440946";"4471422";"40.39130985242181";"-3.6958028442054074";"/contenido/actividades/ProgramacionDestacadaAgendaCultura";""
12805665;"Un lugar tranquilo. Día uno";"";"1";"0";"";"";"2025-07-25 00:00:00.0";"2025-07-25 23:59:00.0";"22:15";"De Michael Sarnoski. Con Lupita Nyong?o, Joseph Quinn, Alex Wolff. EEUU 2024. 100?   No recomendada para menores de 12 años.  Una mujer llamada Sam trata de sobrevivir a una invasión, en la ciudad de Nueva York, por criaturas alienígenas sedientas de sangre y con oídos ultrasónicos.";"http://www.madrid.es/sites/v/index.jsp?vgnextchannel=ca9671ee4a9eb410VgnVCM100000171f5a0aRCRD&vgnextoid=957e5f5bd8287910VgnVCM1000001d4a900aRCRD";"Ciclo Los sábados de cine. Primavera 2025";"http://www.madrid.es/sites/v/index.jsp?vgnextchannel=ca9671ee4a9eb410VgnVCM100000171f5a0aRCRD&vgnextoid=c0de900069495910VgnVCM2000001f4a900aRCRD";"http://www.madrid.es/sites/v/index.jsp?vgnextchannel=bfa48ab43d6bb410VgnVCM100000171f5a0aRCRD&vgnextoid=07f63190712b1110VgnVCM1000000b205a0aRCRD";"Centro Cultural Ciudad Pegaso (San Blas - Canillejas)";"1";"AVENIDA";"SEPTIMA";"11";"SAN BLAS-CANILLEJAS";"REJAS";"28022";"449281";"4477704";"40.44844757572015";"-3.598099871155595";"/contenido/actividades/CineActividadesAudiovisuales";""
12811813;"Un lugar tranquilo: Día 1";"";"1";"0";"";"";"2025-07-13 00:00:00.0";"2025-07-13 23:59:00.0";"22:15";"Una mujer llamada Sam trata de sobrevivir a una invasión, en la ciudad de Nueva York, por criaturas alienígenas sedientas de sangre y con oídos ultrasónicos. Recomendado para mayores de 12 años.  Lugar: plaza de la Constitución.";"http://www.madrid.es/sites/v/index.jsp?vgnextchannel=ca9671ee4a9eb410VgnVCM100000171f5a0aRCRD&vgnextoid=415c1cc4df6a7910VgnVCM2000001f4a900aRCRD";"";"";"";"";"";"";"";"";"";"";"";"";"";"";"";"/contenido/actividades/ActividadesCalleArteUrbano";""
12459549;"Un sueño de todos";"";"1";"1";"L,M,X,J,V,S,D";"";"2024-08-20 00:00:00.0";"2025-12-31 23:59:00.0";"";"Visita la exposición permanente del CEAC Maris Stella, 'Maris Stella, un sueño de todos'. Podrás conocer los acontecimientos históricos más importantes del distrito, conocer el origen y evolución del emblemático edificio de la antigua iglesia Maris Stella, y apreciar la biodiversidad de Pradolongo. Ven a sumergirte en la historia de Usera.";"http://www.madrid.es/sites/v/index.jsp?vgnextchannel=ca9671ee4a9eb410VgnVCM100000171f5a0aRCRD&vgnextoid=f745ce5179e61910VgnVCM1000001d4a900aRCRD";"Actividades en el Centro de Educación Ambiental y Cultural Maris Stella";"http://www.madrid.es/sites/v/index.jsp?vgnextchannel=ca9671ee4a9eb410VgnVCM100000171f5a0aRCRD&vgnextoid=4e25ce5179e61910VgnVCM1000001d4a900aRCRD";"http://www.madrid.es/sites/v/index.jsp?vgnextchannel=bfa48ab43d6bb410VgnVCM100000171f5a0aRCRD&vgnextoid=85205619bc23d710VgnVCM2000001f4a900aRCRD";"Centro de Educación Ambiental y Cultural Maris Stella (Usera)";"1";"CALLE";"DOCTOR TOLOSA LATOUR";"16";"USERA";"PRADOLONGO";"28026";"440301";"4469524";"40.374166248648216";"-3.7032220308808577";"/contenido/actividades/Exposiciones";""
12491176;"Un tranvía llamado Deseo";"";"0";"1";"M,X,J,V,S,D";"";"2025-06-12 00:00:00.0";"2025-07-27 23:59:00.0";"";"";"http://www.madrid.es/sites/v/index.jsp?vgnextchannel=ca9671ee4a9eb410VgnVCM100000171f5a0aRCRD&vgnextoid=78ffe2fc6e6c1910VgnVCM1000001d4a900aRCRD";"Un tranvía llamado Deseo";"http://www.madrid.es/sites/v/index.jsp?vgnextchannel=ca9671ee4a9eb410VgnVCM100000171f5a0aRCRD&vgnextoid=bcffe2fc6e6c1910VgnVCM1000001d4a900aRCRD";"http://www.madrid.es/sites/v/index.jsp?vgnextchannel=bfa48ab43d6bb410VgnVCM100000171f5a0aRCRD&vgnextoid=6d3ce3914381c010VgnVCM1000000b205a0aRCRD";"Teatro Español";"1,6";"CALLE";"PRINCIPE";"25";"CENTRO";"CORTES";"28012";"440597";"4474036";"40.414828532240946";"-3.700164949543688";"/contenido/actividades/TeatroPerformance";""
12804740;"Una aventura gigante (2023) dirigido por Eduardo Schuldt";"";"0";"0";"";"";"2025-08-02 00:00:00.0";"2025-08-02 23:59:00.0";"22:00";"Cuenta la historia de Sebastián, Sophia y el pequeño Wawa, quienes emprenderán un inesperado y extraordinario viaje que los llevará a un mundo desconocido inspirado en la cultura Nazca.  Género: Animación  Edad recomendada: apta para todos los públicos y distintivo especialmente recomendada para la infancia   Duración: 80 minutos";"http://www.madrid.es/sites/v/index.jsp?vgnextchannel=ca9671ee4a9eb410VgnVCM100000171f5a0aRCRD&vgnextoid=b23bbeab36d77910VgnVCM2000001f4a900aRCRD";"Cine de verano 2025 en Carabanchel";"http://www.madrid.es/sites/v/index.jsp?vgnextchannel=ca9671ee4a9eb410VgnVCM100000171f5a0aRCRD&vgnextoid=e8a2cd0e24b76910VgnVCM1000001d4a900aRCRD";"http://www.madrid.es/sites/v/index.jsp?vgnextchannel=bfa48ab43d6bb410VgnVCM100000171f5a0aRCRD&vgnextoid=7cfaa531dcf9e210VgnVCM2000000c205a0aRCRD";"Parque de Salvador Allende";"2";"CALLE";"SALVADOR ALLENDE";"3";"CARABANCHEL";"BUENAVISTA";"28054";"435693";"4468472";"40.364341448699825";"-3.757402071835875";"/contenido/actividades/CineActividadesAudiovisuales";"/usuario/Niños"
12794174;"Una de piratas y semáforos";"";"1";"0";"";"";"2025-06-26 00:00:00.0";"2025-06-26 23:59:00.0";"12:00";"A Raquel le encantan los libros de piratas. Un día encuentra uno que habla de un mapa muy extraño para encontrar un tesoro y deben seguir las pistas que aparecen en él con señales de tráfico. Raquel conoce esas señales y otras muchas, pero su amigo Andrés, que le acompaña en la aventura nunca les ha prestado atención.  Las entradas se repartirán desde dos días antes de la actuación hasta 15 minutos antes del comienzo de la misma.";"http://www.madrid.es/sites/v/index.jsp?vgnextchannel=ca9671ee4a9eb410VgnVCM100000171f5a0aRCRD&vgnextoid=bfdcd2ee2b437910VgnVCM1000001d4a900aRCRD";"Actividades infantiles Moratalaz";"http://www.madrid.es/sites/v/index.jsp?vgnextchannel=ca9671ee4a9eb410VgnVCM100000171f5a0aRCRD&vgnextoid=401c6c33ba017910VgnVCM2000001f4a900aRCRD";"http://www.madrid.es/sites/v/index.jsp?vgnextchannel=bfa48ab43d6bb410VgnVCM100000171f5a0aRCRD&vgnextoid=f3073d0b5e71c010VgnVCM1000000b205a0aRCRD";"Centro Cultural el Torito (Moratalaz)";"1";"AVENIDA";"MORATALAZ";"130";"MORATALAZ";"VINATEROS";"28030";"445141";"4473033";"40.40610655994401";"-3.646521482592748";"";"/usuario/Niños,/usuario/Familias"
12763568;"Una grúfa qué?";"";"1";"0";"";"";"2025-06-28 00:00:00.0";"2025-06-28 23:59:00.0";"12:00";"";"http://www.madrid.es/sites/v/index.jsp?vgnextchannel=ca9671ee4a9eb410VgnVCM100000171f5a0aRCRD&vgnextoid=ced460d232086910VgnVCM1000001d4a900aRCRD";"Actividades en el Centro Sociocultural Rosario de Acuña";"http://www.madrid.es/sites/v/index.jsp?vgnextchannel=ca9671ee4a9eb410VgnVCM100000171f5a0aRCRD&vgnextoid=97a7b1a5e9470610VgnVCM1000001d4a900aRCRD";"http://www.madrid.es/sites/v/index.jsp?vgnextchannel=bfa48ab43d6bb410VgnVCM100000171f5a0aRCRD&vgnextoid=2bae598d1351c010VgnVCM1000000b205a0aRCRD";"Centro Sociocultural Rosario de Acuña (Latina)";"1";"CALLE";"MARIA DEL CARMEN";"65";"LATINA";"PUERTA DEL ANGEL";"28011";"437830";"4473132";"40.40647389284976";"-3.7327010920242043";"/contenido/actividades/Musica";"/usuario/Niños"
12810088;"Una tarde de dramaturgia con el maestro José Sanchís Sinisterra";"";"1";"0";"";"";"2025-06-30 00:00:00.0";"2025-06-30 23:59:00.0";"19:00";"";"http://www.madrid.es/sites/v/index.jsp?vgnextchannel=ca9671ee4a9eb410VgnVCM100000171f5a0aRCRD&vgnextoid=c83c33eb290a7910VgnVCM2000001f4a900aRCRD";"";"";"http://www.madrid.es/sites/v/index.jsp?vgnextchannel=bfa48ab43d6bb410VgnVCM100000171f5a0aRCRD&vgnextoid=068e598d1351c010VgnVCM1000000b205a0aRCRD";"Centro Cultural Buenavista (Salamanca)";"1,5,6";"AVENIDA";"TOREROS";"5";"SALAMANCA";"GUINDALERA";"28028";"443094";"4475922";"40.43200001609297";"-3.670904677285496";"/contenido/actividades/ConferenciasColoquios";""
12788536;"Union clown";"";"1";"0";"";"";"2025-06-27 00:00:00.0";"2025-06-27 23:59:00.0";"19:30";"¡Bienvenidos a la muestra anual de clown! Aquí, en este espacio, tenemos la oportunidad de experimentar la alegría y la unión que el clown nos ofrece. Los payasos nos invitan a dejar nuestros problemas de lado y a disfrutar del momento presente con risas y juegos. Haremos un espectáculo con todas las escenas trabajadas en el año.";"http://www.madrid.es/sites/v/index.jsp?vgnextchannel=ca9671ee4a9eb410VgnVCM100000171f5a0aRCRD&vgnextoid=7fce4cd79bb17910VgnVCM1000001d4a900aRCRD";"Actividades en el Centro Sociocultural Alberto Sánchez";"http://www.madrid.es/sites/v/index.jsp?vgnextchannel=ca9671ee4a9eb410VgnVCM100000171f5a0aRCRD&vgnextoid=1bae970dbb1fc610VgnVCM2000001f4a900aRCRD";"http://www.madrid.es/sites/v/index.jsp?vgnextchannel=bfa48ab43d6bb410VgnVCM100000171f5a0aRCRD&vgnextoid=20a43d0b5e71c010VgnVCM1000000b205a0aRCRD";"Centro Sociocultural Alberto Sánchez (Puente de Vallecas)";"1";"CALLE";"RISCO DE PELOCHE";"14";"PUENTE DE VALLECAS";"NUMANCIA";"28038";"444360";"4471652";"40.393619022093546";"-3.6556016835101834";"/contenido/actividades/CircoMagia";"/usuario/Niños"
12804865;"Valerie y su semana de las maravillas";"";"0";"0";"";"";"2025-09-28 00:00:00.0";"2025-09-28 23:59:00.0";"19:00";"El amor, el miedo, el sexo y la religión se funden en esta historia surrealista y fantástica, que mezcla cuentos populares como Alicia en el país de las maravillas o Caperucita roja.  &amp;gt; No recomendada para menores de 18 años    Jaromil Jire? (1935 ? 2001) se graduó en fotografía y dirección de cine en la Escuela de Cine y Televisión de la Academia de Artes Escénicas de Praga (FAMU). Inició su carrera a finales de la década de los cincuenta con varios cortometrajes, de entre los que destaca Sál ztracených kroku (El salón de los pasos perdidos, 1960). Debutó en el largometraje con la película El grito (1963), que entró en sección oficial del Festival de Cannes de 1964, y a menudo se la considera como la primera película de la Nueva Ola checa y, por extensión a su director, como uno de sus pioneros. Es la primera cumbre artística de la obra de Jire?. Después llegaría La broma (1969), adaptación de la primera novela de Milan Kundera. La película se produjo durante la liberalización política de la Primavera de Praga de 1968 y contiene muchas escenas que satirizan y critican a los dirigentes comunistas del país. Fue estrenada tras la invasión de Checoslovaquia por el Pacto de Varsovia e inicialmente tuvo éxito en los cines, pero después fue prohibida por las autoridades durante los veinte años siguientes. Otro hito de la filmografía de Jire? es Valerie y su semana de las maravillas (1970), cuya acción se sitúa a principios del siglo XIX y está basada en una novela de Vít?zslav Nezval. Se trata de una película de estilo gótico sobre el despertar sexual de una niña de trece años. Tras la toma de Checoslovaquia por los soviéticos, Jire? siguió trabajando en el país, pero rebajando su tono discursivo para eludir la polémica. En 1971, dirigió ...a pozdravuji vla?tovky (Y saluden a las golondrinas), una película ambientada en la Segunda Guerra Mundial sobre la combatiente de la resistencia checa Maruska Kuderíková. Más adelante, su película Neúplné zatmení (Eclipse incompleto, 1982) participó en el 33º Festival Internacional de Cine de Berlín. Jire? se mantuvo fiel al género documental a lo largo de su trayectoria con una gran diversidad temática. En la década de los sesenta se orientó hacia el folclore del sur de Moravia, donde se ambientan varios de sus cortometrajes. Jire? volvió a esta región y a este tema de manera distinta en 1981 con el drama musical Opera ve vinici (Ópera en el viñedo). A partir de los años setenta, sus documentales se centran cada vez más en el mundo del arte, la música, la pintura y la arquitectura. Continuó haciendo películas durante los años 80 y 90 hasta el final de su vida, incluyendo documentales de ballet y ópera para televisión.   Idioma: V.O.S.E.    Formato:DCP.";"http://www.madrid.es/sites/v/index.jsp?vgnextchannel=ca9671ee4a9eb410VgnVCM100000171f5a0aRCRD&vgnextoid=609d082228d77910VgnVCM1000001d4a900aRCRD";"";"";"http://www.madrid.es/sites/v/index.jsp?vgnextchannel=bfa48ab43d6bb410VgnVCM100000171f5a0aRCRD&vgnextoid=2dbd1fe44c5ee310VgnVCM2000000c205a0aRCRD";"Cineteca Madrid";"1";"PLAZA";"LEGAZPI";"8";"ARGANZUELA";"CHOPERA";"28045";"440946";"4471422";"40.39130985242181";"-3.6958028442054074";"/contenido/actividades/ProgramacionDestacadaAgendaCultura";""
12789781;"Vallekana Sound System";"";"1";"0";"";"";"2025-06-28 00:00:00.0";"2025-06-28 23:59:00.0";"22:00";"Fiestas Populares Entrevías   Lugar: parque Forestal junto Auditorio de Entrevías (Ronda del Sur, S/N). La Vallekana Sound System es una banda de Rock-Flamenco fusión que engloba muchos estilos en sí misma, siendo esta una de las características más relevantes de la agrupación. El sello de identidad del grupo recae en gran medida en los estilos e intenciones musicales que se abordan, desde Rap, Rock, Flamenco o incluso Hard Rock, así como unas letras reivindicativas y llenas de fuerza. La banda ha formado parte de gran cantidad de festivales y conciertos de sala por toda España, consiguiendo visibilidad en los entornos musicales de distintas ciudades. 'Entra' es el primer disco de estudio de la banda, producido por Rodrigo Ulises Díaz Pesquera 'El Niño', en los Estudios Matilda. Tras el lanzamiento del álbum en 2018, la banda realizó intensas giras recorriendo un gran número de festivales y salas por toda España, esparciendo su música y su mensaje al público. Además, el grupo participó en innumerables actos y actividades sociales, sin dejar atrás la esencia callejera. Actualmente, la banda se encuentra en el proceso de lanzamiento de su segundo disco de estudio 'Achela', habiendo cambiado el enfoque artístico-musical, pero sin dejar atrás la esencia que caracteriza al grupo. Este disco ha sido producido, grabado y mezclado por Eduardo Molina, en los estudios Garlic Records; y masterizado por Pedro Viñuela.  Edad recomendada: para todos los públicos.";"http://www.madrid.es/sites/v/index.jsp?vgnextchannel=ca9671ee4a9eb410VgnVCM100000171f5a0aRCRD&vgnextoid=4512e84e5fb17910VgnVCM2000001f4a900aRCRD";"Fiestas en Puente de Vallecas";"http://www.madrid.es/sites/v/index.jsp?vgnextchannel=ca9671ee4a9eb410VgnVCM100000171f5a0aRCRD&vgnextoid=38309b6ef9c56910VgnVCM2000001f4a900aRCRD";"";"";"";"";"";"";"";"";"";"";"";"";"";"/contenido/actividades/Fiestas";"/usuario/Familias"
12803477;"Vamos a la Charca";"";"1";"0";"";"";"2025-08-10 00:00:00.0";"2025-08-10 23:59:00.0";"10:00";"Descubre la importancia que tiene una zona húmeda aparentemente sencilla como la charca y su gran contribución a la biodiversidad. Actividad destinada a familias con menores de 8 a 12 años.  Duración estimada: aproximadamente dos horas.";"http://www.madrid.es/sites/v/index.jsp?vgnextchannel=ca9671ee4a9eb410VgnVCM100000171f5a0aRCRD&vgnextoid=a4a92407bb777910VgnVCM2000001f4a900aRCRD";"Talleres familiares";"http://www.madrid.es/sites/v/index.jsp?vgnextchannel=ca9671ee4a9eb410VgnVCM100000171f5a0aRCRD&vgnextoid=21d31f7a68a33810VgnVCM1000001d4a900aRCRD";"http://www.madrid.es/sites/v/index.jsp?vgnextchannel=bfa48ab43d6bb410VgnVCM100000171f5a0aRCRD&vgnextoid=796b8193c73c4210VgnVCM1000000b205a0aRCRD";"Centro de Información y Educación Ambiental de El Huerto de El Retiro";"1";"PASEO";"FERNAN NUÑEZ";"2";"RETIRO";"LOS JERONIMOS";"28009";"441779";"4473428";"40.40943503279114";"-3.6861797800993257";"";""
12801883;"Vaya vacaciones";"";"1";"0";"";"";"2025-07-26 00:00:00.0";"2025-07-26 23:59:00.0";"22:00";"Manuela y José quieren mucho a sus hijos y, sobre todo, idolatran a sus nietos. Pero los primeros han tomado por costumbre dejar a sus retoños al cuidado de sus abuelos, y éstos ya no recuerdan la última vez que tuvieron un rato para ellos mismos. Para colmo, este verano han tenido que cancelar el viaje de sus sueños porque a sus hijos les ha salido un importantísimo viaje de trabajo... aunque pronto van a descubrir la verdad: en realidad están de vacaciones en Bali. Es la gota que colma el vaso. ¡Se acabó! Manuela y José dejarán de ser los entrañables abuelitos y harán que sus nietos pasen el peor verano de sus vidas, harán que llamen a sus padres y les supliquen que vayan a recogerles. Pero Carla, Guille y Ali tienen también sus propias ideas sobre cómo pasar el verano, plantando batalla a sus abuelos en una guerra sin cuartel.   Duración 90 minutos.   Edad recomendada: a partir de 7 años.";"http://www.madrid.es/sites/v/index.jsp?vgnextchannel=ca9671ee4a9eb410VgnVCM100000171f5a0aRCRD&vgnextoid=982b7c18cc367910VgnVCM2000001f4a900aRCRD";"Cine de verano en Tetuán";"http://www.madrid.es/sites/v/index.jsp?vgnextchannel=ca9671ee4a9eb410VgnVCM100000171f5a0aRCRD&vgnextoid=b6ba7c18cc367910VgnVCM2000001f4a900aRCRD";"";"";"";"";"";"";"";"";"";"";"";"";"";"/contenido/actividades/CineActividadesAudiovisuales";""
12761295;"Ventanas al sur con Gaspar Paya y Clara Serrano";"";"1";"0";"";"";"2025-06-28 00:00:00.0";"2025-06-28 23:59:00.0";"19:00";"La voz de Clara Serrano y la guitarra Gaspar Payá, se unieron allá en el año 1992, conformando distintos espectáculos que recorrieron la geografía nacional y europea. Ventanas al Sur es un asombro ante la riqueza tímbrica, armónica y rítmica de la música latinoamericana. Fruto de su colaboración los cd; 'Arrebol' y más recientemente 'Ventanas Al Sur'.  Edad recomendada: A partir de 12 años.  Duración: 60 minutos.";"http://www.madrid.es/sites/v/index.jsp?vgnextchannel=ca9671ee4a9eb410VgnVCM100000171f5a0aRCRD&vgnextoid=d0a486fcda866910VgnVCM1000001d4a900aRCRD";"Actividades en el Centro Sociocultural Oporto";"http://www.madrid.es/sites/v/index.jsp?vgnextchannel=ca9671ee4a9eb410VgnVCM100000171f5a0aRCRD&vgnextoid=e990f36edd371910VgnVCM2000001f4a900aRCRD";"http://www.madrid.es/sites/v/index.jsp?vgnextchannel=bfa48ab43d6bb410VgnVCM100000171f5a0aRCRD&vgnextoid=357a1e79ee71c010VgnVCM1000000b205a0aRCRD";"Centro Sociocultural Oporto (Carabanchel)";"2";"AVENIDA";"OPORTO";"78";"CARABANCHEL";"OPAÑEL";"28019";"438231";"4470946";"40.38682740756541";"-3.7277493066262406";"/contenido/actividades/Musica";""
12804227;"Veranitis";"";"1";"0";"";"";"2025-07-05 00:00:00.0";"2025-07-05 23:59:00.0";"12:00";"";"http://www.madrid.es/sites/v/index.jsp?vgnextchannel=ca9671ee4a9eb410VgnVCM100000171f5a0aRCRD&vgnextoid=de0da9afce877910VgnVCM2000001f4a900aRCRD";"";"";"http://www.madrid.es/sites/v/index.jsp?vgnextchannel=bfa48ab43d6bb410VgnVCM100000171f5a0aRCRD&vgnextoid=a6c875993dc63110VgnVCM1000000b205a0aRCRD";"Centro Cultural Las Californias (Retiro)";"1";"CALLE";"LUIS PEIDRO";"2";"RETIRO";"ADELFAS";"28007";"442812";"4472042";"40.397021560779024";"-3.6738766514153163";"/contenido/actividades/Musica";"/usuario/Niños,/usuario/Familias"
12731365;"Verde que te quiero verde - Zaguán Teatro (Castilla La Mancha)";"";"1";"1";"S,D";"";"2025-06-28 00:00:00.0";"2025-06-29 23:59:00.0";"18:30";"";"http://www.madrid.es/sites/v/index.jsp?vgnextchannel=ca9671ee4a9eb410VgnVCM100000171f5a0aRCRD&vgnextoid=c173e7bd62dc5910VgnVCM2000001f4a900aRCRD";"";"";"http://www.madrid.es/sites/v/index.jsp?vgnextchannel=bfa48ab43d6bb410VgnVCM100000171f5a0aRCRD&vgnextoid=784d8c7c0f91f010VgnVCM1000000b205a0aRCRD";"Teatro Municipal de Títeres. Parque de El Retiro";"1";"AVENIDA";"MÉXICO";"4";"RETIRO";"LOS JERÓNIMOS";"28009";"441748";"4474466";"40.41878362561595";"-3.6866519471003647";"/contenido/actividades/CuentacuentosTiteresMarionetas";"/usuario/Niños"
12809474;"Vermiglio";"";"1";"0";"";"";"2025-08-24 00:00:00.0";"2025-08-24 23:59:00.0";"22:00";"Dirección: Maura Delpero.  Con Tommaso Ragno, Giuseppe de Dominico, Roberta Rovelli.  Italia 2024.119?.       Drama de época ambientado en un remoto pueblo de montaña de los Alpes italianos a finales de la Segunda Guerra Mundial. La historia nos adentra en la familia del maestro local y nos muestra cómo la llegada de un soldado desertor alterará su vida y conducirá a todos sus miembros a un destino inesperado.     No recomendada para menores de 12 años.";"http://www.madrid.es/sites/v/index.jsp?vgnextchannel=ca9671ee4a9eb410VgnVCM100000171f5a0aRCRD&vgnextoid=5aece7bc50c97910VgnVCM2000001f4a900aRCRD";"";"";"http://www.madrid.es/sites/v/index.jsp?vgnextchannel=bfa48ab43d6bb410VgnVCM100000171f5a0aRCRD&vgnextoid=598745dbd6891110VgnVCM1000000b205a0aRCRD";"Instalación Deportiva Municipal Básica Parque El Calero";"0";"CALLE";"VIRGEN DE NURIA";"S/N";"CIUDAD LINEAL";"CONCEPCION";"28027";"444643";"4476387";"40.436286671972276";"-3.6526968257803736";"/contenido/actividades/CineActividadesAudiovisuales";""
12811824;"Vermiglio";"";"1";"0";"";"";"2025-07-11 00:00:00.0";"2025-07-11 23:59:00.0";"22:15";"Drama de época ambientado en un remoto pueblo de montaña de los Alpes italianos a finales de la Segunda Guerra Mundial. La historia nos adentra en la familia del maestro local y nos muestra cómo la llegada de un soldado desertor alterará su vida y conducirá a todos sus miembros a un destino inesperado. Recomendado para mayores de 12 años.  Lugar: patrio del Centros Sociocultural Alberto Sánchez.";"http://www.madrid.es/sites/v/index.jsp?vgnextchannel=ca9671ee4a9eb410VgnVCM100000171f5a0aRCRD&vgnextoid=11dc1cc4df6a7910VgnVCM2000001f4a900aRCRD";"";"";"http://www.madrid.es/sites/v/index.jsp?vgnextchannel=bfa48ab43d6bb410VgnVCM100000171f5a0aRCRD&vgnextoid=20a43d0b5e71c010VgnVCM1000000b205a0aRCRD";"Centro Sociocultural Alberto Sánchez (Puente de Vallecas)";"1";"CALLE";"RISCO DE PELOCHE";"14";"PUENTE DE VALLECAS";"NUMANCIA";"28038";"444360";"4471652";"40.393619022093546";"-3.6556016835101834";"/contenido/actividades/ActividadesCalleArteUrbano";""
12784065;"Vestri-Austri";"";"1";"1";"L,M,X,J,V,S,D";"";"2025-06-24 00:00:00.0";"2025-07-23 23:59:00.0";"";"Vientos del Oeste y el Este en la mitología nórdicaArtista: Ricardo Sánchez González Exposición de naturaleza paisajes de los Estados Unidos de América. Con sus fotos realizadas por sus viajes a EEUU, Ricardo ha puesto belleza fuera del lugar en el que estaba encerrada, ha retirado accesorios y eliminado envoltorios.";"http://www.madrid.es/sites/v/index.jsp?vgnextchannel=ca9671ee4a9eb410VgnVCM100000171f5a0aRCRD&vgnextoid=0e53e2d36bb07910VgnVCM2000001f4a900aRCRD";"Actividades Centro Cultural Emilia Pardo Bazán";"http://www.madrid.es/sites/v/index.jsp?vgnextchannel=ca9671ee4a9eb410VgnVCM100000171f5a0aRCRD&vgnextoid=f44bedf006a51910VgnVCM1000001d4a900aRCRD";"http://www.madrid.es/sites/v/index.jsp?vgnextchannel=bfa48ab43d6bb410VgnVCM100000171f5a0aRCRD&vgnextoid=dc8d531521b74810VgnVCM1000001d4a900aRCRD";"Centro Cultural Emilia Pardo Bazán (Salamanca)";"1";"CALLE";"GOYA";"1";"SALAMANCA";"RECOLETOS";"28001";"441502";"4475253";"40.42585800515975";"-3.689601594290468";"/contenido/actividades/Exposiciones";""
12728389;"VI Festival de Música Antigua de Madrid";"";"0";"1";"L,M,X,J,V,S,D";"";"2025-06-24 00:00:00.0";"2025-06-29 23:59:00.0";"";"";"http://www.madrid.es/sites/v/index.jsp?vgnextchannel=ca9671ee4a9eb410VgnVCM100000171f5a0aRCRD&vgnextoid=d287b4a8288b5910VgnVCM2000001f4a900aRCRD";"";"";"http://www.madrid.es/sites/v/index.jsp?vgnextchannel=bfa48ab43d6bb410VgnVCM100000171f5a0aRCRD&vgnextoid=ba663d0b5e71c010VgnVCM1000000b205a0aRCRD";"Fernán Gómez Centro Cultural de la Villa";"1,6";"PLAZA";"COLON";"4";"SALAMANCA";"RECOLETOS";"28001";"441472";"4475155";"40.4249721516942";"-3.689948085098791";"/contenido/actividades/ProgramacionDestacadaAgendaCultura";"/usuario/Familias,/usuario/Mayores"
12808441;"Viaje al paraíso";"";"1";"0";"";"";"2025-08-16 00:00:00.0";"2025-08-16 23:59:00.0";"22:00";"Sábado 16 de agosto, 22:00 Viaje al paraíso Dirección: Ol Parker. Género: Romance. Comedía. Sinopsis:  Una pareja divorciada se une y viaja a Bali para intentar evitar que su hija, perdidamente enamorada, cometa el mismo error que creen que cometieron ellos 25 años atrás. Apta para todos los públicos.";"http://www.madrid.es/sites/v/index.jsp?vgnextchannel=ca9671ee4a9eb410VgnVCM100000171f5a0aRCRD&vgnextoid=e3365be49cc87910VgnVCM2000001f4a900aRCRD";"Cine de verano en Moratalaz";"http://www.madrid.es/sites/v/index.jsp?vgnextchannel=ca9671ee4a9eb410VgnVCM100000171f5a0aRCRD&vgnextoid=6ba253804e037910VgnVCM2000001f4a900aRCRD";"http://www.madrid.es/sites/v/index.jsp?vgnextchannel=bfa48ab43d6bb410VgnVCM100000171f5a0aRCRD&vgnextoid=8c86e2704a07e210VgnVCM1000000b205a0aRCRD";"Parque de la Cuña Verde de O´Donnell";"2";"CALLE";"FUENTE CARRANTONA";"61";"MORATALAZ";"MARROQUINA";"28030";"446635";"4473699";"40.41220177650095";"-3.628985975935673";"";""
12553548;"Vida del Palacio de Cibeles";"";"1";"1";"M,X,J,V,S,D";"";"2024-10-11 00:00:00.0";"2025-10-13 23:59:00.0";"";"";"http://www.madrid.es/sites/v/index.jsp?vgnextchannel=ca9671ee4a9eb410VgnVCM100000171f5a0aRCRD&vgnextoid=df2b06e5faa72910VgnVCM1000001d4a900aRCRD";"Vida del Palacio de Cibeles";"http://www.madrid.es/sites/v/index.jsp?vgnextchannel=ca9671ee4a9eb410VgnVCM100000171f5a0aRCRD&vgnextoid=45aa06e5faa72910VgnVCM1000001d4a900aRCRD";"http://www.madrid.es/sites/v/index.jsp?vgnextchannel=bfa48ab43d6bb410VgnVCM100000171f5a0aRCRD&vgnextoid=5ff519cd7bcee210VgnVCM1000000b205a0aRCRD";"CentroCentro";"1";"PLAZA";"CIBELES";"1";"RETIRO";"LOS JERONIMOS";"28014";"441277";"4474496";"40.41902261618159";"-3.692188193693138";"/contenido/actividades/Exposiciones";""
12796440;"Vida. Magia, color y alegría. Exposición de pintura";"";"1";"1";"L,M,X,J,V,S,D";"";"2025-06-12 00:00:00.0";"2025-08-22 23:59:00.0";"08:30";"";"http://www.madrid.es/sites/v/index.jsp?vgnextchannel=ca9671ee4a9eb410VgnVCM100000171f5a0aRCRD&vgnextoid=63279daa62b37910VgnVCM1000001d4a900aRCRD";"Vida. Magia, color y alegría. Exposición de pintura";"http://www.madrid.es/sites/v/index.jsp?vgnextchannel=ca9671ee4a9eb410VgnVCM100000171f5a0aRCRD&vgnextoid=cfa6cf7a9ba37910VgnVCM2000001f4a900aRCRD";"http://www.madrid.es/sites/v/index.jsp?vgnextchannel=bfa48ab43d6bb410VgnVCM100000171f5a0aRCRD&vgnextoid=b5ca89e2c9e5d010VgnVCM1000000b205a0aRCRD";"Biblioteca Pública Municipal Manuel Vázquez Montalbán (Tetuán)";"1,6";"CALLE";"FRANCOS RODRIGUEZ";"67";"TETUAN";"BELLAS VISTAS";"28039";"439755";"4478779";"40.45749513485957";"-3.710539712535917";"/contenido/actividades/Exposiciones";""
12778170;"Violeta";"";"0";"0";"";"";"2025-07-15 00:00:00.0";"2025-07-15 23:59:00.0";"21:00";"";"http://www.madrid.es/sites/v/index.jsp?vgnextchannel=ca9671ee4a9eb410VgnVCM100000171f5a0aRCRD&vgnextoid=0f70fcd9118e6910VgnVCM1000001d4a900aRCRD";"";"";"http://www.madrid.es/sites/v/index.jsp?vgnextchannel=bfa48ab43d6bb410VgnVCM100000171f5a0aRCRD&vgnextoid=432257258ae5d010VgnVCM1000000b205a0aRCRD";"Teatro Circo Price";"1";"RONDA";"ATOCHA";"35";"ARGANZUELA";"PALOS DE LA FRONTERA";"28012";"440722";"4473051";"40.40596936645757";"-3.698589986849812";"/contenido/actividades/ProgramacionDestacadaAgendaCultura";""
12794354;"Visita a la exposición 'Carmen Martín Gaite y el collage: un diario en libertad'. Casa del Lector";"";"1";"0";"";"";"2025-06-27 00:00:00.0";"2025-06-27 23:59:00.0";"17:20";"";"http://www.madrid.es/sites/v/index.jsp?vgnextchannel=ca9671ee4a9eb410VgnVCM100000171f5a0aRCRD&vgnextoid=882f619ced437910VgnVCM1000001d4a900aRCRD";"Visita a la exposición 'Carmen Martín Gaite y el collage: un diario en libertad'. Casa del Lector";"http://www.madrid.es/sites/v/index.jsp?vgnextchannel=ca9671ee4a9eb410VgnVCM100000171f5a0aRCRD&vgnextoid=819976889b8b1910VgnVCM2000001f4a900aRCRD";"http://www.madrid.es/sites/v/index.jsp?vgnextchannel=bfa48ab43d6bb410VgnVCM100000171f5a0aRCRD&vgnextoid=306b89e2c9e5d010VgnVCM1000000b205a0aRCRD";"Espacio de Igualdad María Zambrano. Chamberí";"1";"CALLE";"ANDRES MELLADO";"44";"CHAMBERI";"GAZTAMBIDE";"28015";"439412";"4476170";"40.433958260960964";"-3.7143358486689415";"/contenido/actividades/ExcursionesItinerariosVisitas";""
12794347;"Visita a la exposición 'Carmen Martín Gaite y el collage: un diario en libertad'. Casa del Lector";"";"1";"0";"";"";"2025-06-25 00:00:00.0";"2025-06-25 23:59:00.0";"17:30";"";"http://www.madrid.es/sites/v/index.jsp?vgnextchannel=ca9671ee4a9eb410VgnVCM100000171f5a0aRCRD&vgnextoid=69fe619ced437910VgnVCM1000001d4a900aRCRD";"Visita a la exposición 'Carmen Martín Gaite y el collage: un diario en libertad'. Casa del Lector";"http://www.madrid.es/sites/v/index.jsp?vgnextchannel=ca9671ee4a9eb410VgnVCM100000171f5a0aRCRD&vgnextoid=819976889b8b1910VgnVCM2000001f4a900aRCRD";"http://www.madrid.es/sites/v/index.jsp?vgnextchannel=bfa48ab43d6bb410VgnVCM100000171f5a0aRCRD&vgnextoid=d51e3f875c2f8510VgnVCM2000001f4a900aRCRD";"Espacio de Igualdad Juana Doña. Arganzuela";"2";"PASEO";"CHOPERA";"10";"ARGANZUELA";"CHOPERA";"28045";"440676";"4471620";"40.39307289237465";"-3.699005654074825";"/contenido/actividades/ExcursionesItinerariosVisitas";""
12792349;"Visita a las galerías de agua de Amaniel";"";"1";"0";"";"";"2025-09-13 00:00:00.0";"2025-09-13 23:59:00.0";"10:00";"";"http://www.madrid.es/sites/v/index.jsp?vgnextchannel=ca9671ee4a9eb410VgnVCM100000171f5a0aRCRD&vgnextoid=aea001ef51037910VgnVCM2000001f4a900aRCRD";"Visita a las galerías de agua de Amaniel";"http://www.madrid.es/sites/v/index.jsp?vgnextchannel=ca9671ee4a9eb410VgnVCM100000171f5a0aRCRD&vgnextoid=f1d3ac56e66f5910VgnVCM1000001d4a900aRCRD";"http://www.madrid.es/sites/v/index.jsp?vgnextchannel=bfa48ab43d6bb410VgnVCM100000171f5a0aRCRD&vgnextoid=a956fc79622ef010VgnVCM2000000c205a0aRCRD";"Centro de Información y Educación Ambiental de Dehesa de la Villa";"1";"PARQUE";"DEHESA DE LA VILLA";"0";"MONCLOA-ARAVACA";"";"28039";"439102";"4478967";"40.45914104116349";"-3.718270563679269";"";""
12781826;"Visita guiada a la Casa de Campo";"";"1";"0";"";"";"2025-06-25 00:00:00.0";"2025-06-25 23:59:00.0";"10:30";"";"http://www.madrid.es/sites/v/index.jsp?vgnextchannel=ca9671ee4a9eb410VgnVCM100000171f5a0aRCRD&vgnextoid=08f63b3c0c7f6910VgnVCM2000001f4a900aRCRD";"";"";"http://www.madrid.es/sites/v/index.jsp?vgnextchannel=bfa48ab43d6bb410VgnVCM100000171f5a0aRCRD&vgnextoid=97521076c081c010VgnVCM1000000b205a0aRCRD";"Aula ambiental La Cabaña del Retiro";"1";"PASEO";"FERNAN NUÑEZ";"10";"RETIRO";"LOS JERONIMOS";"28009";"442360";"4473388";"40.40912277790706";"-3.6793179644920584";"/contenido/actividades/ItinerariosOtrasActividadesAmbientales";""
11900374;"Visitas a Matadero";"3 euros";"0";"1";"M,J,S,D";"";"2024-09-09 00:00:00.0";"2025-07-07 23:59:00.0";"";"En 2007, el recinto del antiguo matadero y mercado de ganados de Madrid abrió sus puertas al público transformado en uno de los equipamientos culturales más importantes de la ciudad.  ¿Cómo era la vida antes entre los muros del recinto? ¿En qué consistió la recuperación de las edificaciones para la reconversión de sus usos? ¿Qué actividades se desarrollan actualmente en los diferentes espacios?  El Centro de Creación Contemporánea Matadero Madrid cuenta su historia en unas visitas dialogadas donde poder conocer, desde distintos puntos de vista, uno de los proyectos más emblemáticos de la ciudad de Madrid, en un viaje desde la construcción del edificio como Matadero Municipal hasta su uso actual.  Las visitas se orientan para diferentes públicos: desde el público general, interesado en cuestiones como el pasado reciente de Madrid o la actividad del centro, hasta las visitas dirigidas a grupos procedentes de centros educativos, centros de mayores, entidades sociales y otras entidades o procedencias.  Las visitas dialogadas tienen un precio general de 3 euros por persona y las entradas se pueden adquirir en este enlace. Los centros educativos y las organizaciones que trabajan con colectivos vulnerables podrán solicitar el acceso gratuito a las visitas dirigidas a grupos que se realizan los martes y jueves escribiendo a info@mataderomadrid.org    También podrán hacer uso de este email los colectivos interesados en ampliar información o solicitar atención para personas con necesidades específicas que quieran visitar el Centro.  Recursos de accesibilidad:    Préstamo de sillas de ruedas, amplificadores de frecuencia y bucles magnéticos.  Material impreso de difusión en lectura fácil.  Visitas con intérprete de Lengua de Signos Española (LSE) mediante solicitud anticipada.";"http://www.madrid.es/sites/v/index.jsp?vgnextchannel=ca9671ee4a9eb410VgnVCM100000171f5a0aRCRD&vgnextoid=0d3cc39a88fb5810VgnVCM1000001d4a900aRCRD";"Visitas guiadas a Matadero Madrid";"http://www.madrid.es/sites/v/index.jsp?vgnextchannel=ca9671ee4a9eb410VgnVCM100000171f5a0aRCRD&vgnextoid=761fd3e600c42910VgnVCM1000001d4a900aRCRD";"http://www.madrid.es/sites/v/index.jsp?vgnextchannel=bfa48ab43d6bb410VgnVCM100000171f5a0aRCRD&vgnextoid=ef686a9ee7336110VgnVCM1000000b205a0aRCRD";"Matadero Madrid";"1";"PLAZA";"LEGAZPI";"8";"ARGANZUELA";"CHOPERA";"28045";"440946";"4471422";"40.39130985242181";"-3.6958028442054074";"/contenido/actividades/ActividadesCalleArteUrbano";""
11916926;"Visitas a Matadero para grupos";"Actividad gratuita previa descarga de entradas";"0";"1";"M,J";"";"2023-02-02 00:00:00.0";"2027-02-04 23:59:00.0";"";"";"http://www.madrid.es/sites/v/index.jsp?vgnextchannel=ca9671ee4a9eb410VgnVCM100000171f5a0aRCRD&vgnextoid=7aee08f9be116810VgnVCM1000001d4a900aRCRD";"Visitas a Matadero para grupos";"http://www.madrid.es/sites/v/index.jsp?vgnextchannel=ca9671ee4a9eb410VgnVCM100000171f5a0aRCRD&vgnextoid=03fe08f9be116810VgnVCM1000001d4a900aRCRD";"http://www.madrid.es/sites/v/index.jsp?vgnextchannel=bfa48ab43d6bb410VgnVCM100000171f5a0aRCRD&vgnextoid=ef686a9ee7336110VgnVCM1000000b205a0aRCRD";"Matadero Madrid";"1";"PLAZA";"LEGAZPI";"8";"ARGANZUELA";"CHOPERA";"28045";"440946";"4471422";"40.39130985242181";"-3.6958028442054074";"";""
12786595;"VISITAS DIALOGADAS. Jonathas de Andrade «Tiempo, sueño, olor»";"Descargar entradas gratuitas";"0";"1";"L,M,X,J,V,S,D";"";"2025-05-30 00:00:00.0";"2025-07-20 23:59:00.0";"";"";"http://www.madrid.es/sites/v/index.jsp?vgnextchannel=ca9671ee4a9eb410VgnVCM100000171f5a0aRCRD&vgnextoid=456205c5f7617910VgnVCM1000001d4a900aRCRD";"";"";"http://www.madrid.es/sites/v/index.jsp?vgnextchannel=bfa48ab43d6bb410VgnVCM100000171f5a0aRCRD&vgnextoid=64463d0b5e71c010VgnVCM1000000b205a0aRCRD";"Centro de Cultura Contemporánea Conde Duque";"1";"CALLE";"CONDE DUQUE";"9";"CENTRO";"UNIVERSIDAD";"28015";"439723";"4475438";"40.42739911262292";"-3.710589286287491";"/contenido/actividades/ProgramacionDestacadaAgendaCultura";"/usuario/Mayores"
11899470;"Visitas guiadas a CentroCentro";"";"1";"1";"L,M,X,J,V,S,D";"";"2024-04-01 00:00:00.0";"2030-01-01 23:59:00.0";"";"";"http://www.madrid.es/sites/v/index.jsp?vgnextchannel=ca9671ee4a9eb410VgnVCM100000171f5a0aRCRD&vgnextoid=a9dbd981f4ab5810VgnVCM1000001d4a900aRCRD";"Visitas guiadas a CentroCentro";"http://www.madrid.es/sites/v/index.jsp?vgnextchannel=ca9671ee4a9eb410VgnVCM100000171f5a0aRCRD&vgnextoid=c60d945892954710VgnVCM1000001d4a900aRCRD";"http://www.madrid.es/sites/v/index.jsp?vgnextchannel=bfa48ab43d6bb410VgnVCM100000171f5a0aRCRD&vgnextoid=5ff519cd7bcee210VgnVCM1000000b205a0aRCRD";"CentroCentro";"1";"PLAZA";"CIBELES";"1";"RETIRO";"LOS JERONIMOS";"28014";"441277";"4474496";"40.41902261618159";"-3.692188193693138";"/contenido/actividades/ExcursionesItinerariosVisitas";"/usuario/Familias"
12804840;"Visitas guiadas a las exposiciones";"Actividades gratuitas";"0";"1";"L,M,X,J,V,S,D";"";"2025-06-01 00:00:00.0";"2025-12-31 23:59:00.0";"";"";"http://www.madrid.es/sites/v/index.jsp?vgnextchannel=ca9671ee4a9eb410VgnVCM100000171f5a0aRCRD&vgnextoid=81fc082228d77910VgnVCM1000001d4a900aRCRD";"";"";"http://www.madrid.es/sites/v/index.jsp?vgnextchannel=bfa48ab43d6bb410VgnVCM100000171f5a0aRCRD&vgnextoid=5ff519cd7bcee210VgnVCM1000000b205a0aRCRD";"CentroCentro";"1";"PLAZA";"CIBELES";"1";"RETIRO";"LOS JERONIMOS";"28014";"441277";"4474496";"40.41902261618159";"-3.692188193693138";"/contenido/actividades/ConferenciasColoquios";""
12764663;"Vitrina Cero - Capitel corintio de la colección Bernardo Sáez Martín";"";"1";"1";"M,X,J,V,S,D";"1/5/2025;";"2025-04-28 00:00:00.0";"2025-07-31 23:59:00.0";"";"";"http://www.madrid.es/sites/v/index.jsp?vgnextchannel=ca9671ee4a9eb410VgnVCM100000171f5a0aRCRD&vgnextoid=04efce25e2186910VgnVCM2000001f4a900aRCRD";"Vitrina Cero - Capitel corintio de la colección Bernardo Sáez Martín";"http://www.madrid.es/sites/v/index.jsp?vgnextchannel=ca9671ee4a9eb410VgnVCM100000171f5a0aRCRD&vgnextoid=ca904bcad6b76910VgnVCM1000001d4a900aRCRD";"http://www.madrid.es/sites/v/index.jsp?vgnextchannel=bfa48ab43d6bb410VgnVCM100000171f5a0aRCRD&vgnextoid=7b7aef4d7f71c010VgnVCM1000000b205a0aRCRD";"Museo de San Isidro. Los Orígenes de Madrid";"2,6";"PLAZA";"SAN ANDRES";"2";"CENTRO";"PALACIO";"28005";"439691";"4473738";"40.41207900253883";"-3.7108161027466378";"/contenido/actividades/Exposiciones";""
12761932;"Vocal vidas";"";"1";"0";"";"";"2025-06-28 00:00:00.0";"2025-06-28 23:59:00.0";"19:00";"Cuarteto formado por Ana Josefina Hernández Rosillo, directora y soprano, Annia del Toro Leyva, contralto, Liette Carmenates Mariol, Mezzo-soprano, y Darina Ortiz Miranda, contralto, que interpretan distintos géneros de la música popular cubana y universal.  Edad recomendada: A partir de 12 años  Duración: 60 minutos";"http://www.madrid.es/sites/v/index.jsp?vgnextchannel=ca9671ee4a9eb410VgnVCM100000171f5a0aRCRD&vgnextoid=6e1ad865b7c66910VgnVCM2000001f4a900aRCRD";"Actividades en el Centro Cultural Fernando Lázaro Carreter";"http://www.madrid.es/sites/v/index.jsp?vgnextchannel=ca9671ee4a9eb410VgnVCM100000171f5a0aRCRD&vgnextoid=25bff36edd371910VgnVCM2000001f4a900aRCRD";"http://www.madrid.es/sites/v/index.jsp?vgnextchannel=bfa48ab43d6bb410VgnVCM100000171f5a0aRCRD&vgnextoid=340ed2d6fe9a6110VgnVCM1000000b205a0aRCRD";"Centro Cultural Fernando Lázaro Carreter (Carabanchel)";"1";"CALLE";"VERDAD";"29";"CARABANCHEL";"OPAÑEL";"28019";"439136";"4471474";"40.39164455403764";"-3.717137582860074";"/contenido/actividades/Musica";""
12693247;"Voces del Mundo";"";"1";"0";"";"";"2025-06-27 00:00:00.0";"2025-06-27 23:59:00.0";"19:00";"Proponemos un espectáculo dinámico y variado que incluye diferentes géneros musicales tales como Music Hall, canción italiana, francesa, rancheras, boleros, tango y baladas. De la mano de Rosy Sanchis.";"http://www.madrid.es/sites/v/index.jsp?vgnextchannel=ca9671ee4a9eb410VgnVCM100000171f5a0aRCRD&vgnextoid=2d06542e85d15910VgnVCM1000001d4a900aRCRD";"Actividades Centro Sociocultural Almirante Churruca";"http://www.madrid.es/sites/v/index.jsp?vgnextchannel=ca9671ee4a9eb410VgnVCM100000171f5a0aRCRD&vgnextoid=f22064b68b893510VgnVCM2000001f4a900aRCRD";"http://www.madrid.es/sites/v/index.jsp?vgnextchannel=bfa48ab43d6bb410VgnVCM100000171f5a0aRCRD&vgnextoid=76c43d0b5e71c010VgnVCM1000000b205a0aRCRD";"Centro Sociocultural Almirante Churruca (Latina)";"1";"CALLE";"FUENTE DEL TIRO";"72";"LATINA";"LAS AGUILAS";"28024";"433786";"4470559";"40.3829835905706";"-3.7800890564106613";"/contenido/actividades/Musica";""
12806657;"Volveréis";"";"1";"0";"";"";"2025-08-01 00:00:00.0";"2025-08-01 23:59:00.0";"22:15";"De Jonás Trueba. Con Itsaso Arana, Vito Sanz, Fernando Trueba, Jon Viar. España-Francia 2024. 114?   No recomendada para menores de 7 años.  Después de 15 años juntos, Ale y Alex tienen una idea que podría parecer absurda: organizar una fiesta para celebrar su ruptura. Este anuncio deja perplejos a sus seres queridos, pero ellos se mantienen firmes en la decisión de separarse ¿O quizás no?";"http://www.madrid.es/sites/v/index.jsp?vgnextchannel=ca9671ee4a9eb410VgnVCM100000171f5a0aRCRD&vgnextoid=fea0c8aa09787910VgnVCM2000001f4a900aRCRD";"Ciclo Los sábados de cine. Primavera 2025";"http://www.madrid.es/sites/v/index.jsp?vgnextchannel=ca9671ee4a9eb410VgnVCM100000171f5a0aRCRD&vgnextoid=c0de900069495910VgnVCM2000001f4a900aRCRD";"http://www.madrid.es/sites/v/index.jsp?vgnextchannel=bfa48ab43d6bb410VgnVCM100000171f5a0aRCRD&vgnextoid=a395946be351c010VgnVCM2000000c205a0aRCRD";"Centro Cultural Auditorio Parque El Paraíso (San Blas - Canillejas)";"1";"AVENIDA";"ARCENTALES";"4";"SAN BLAS-CANILLEJAS";"HELLIN";"28037";"447225";"4475667";"40.42997621103139";"-3.6221773579444596";"/contenido/actividades/CineActividadesAudiovisuales";"/usuario/Familias"
12800119;"Volveréis";"";"1";"0";"";"";"2025-07-25 00:00:00.0";"2025-07-25 23:59:00.0";"22:00";"Dir. Jonás Trueba    Duración: 105 minutos  Edad recomendada:  A partir de 7 años  Sinopsis: Después de 15 años juntos, Ale y Alex tienen una idea que podría parecer absurda: organizar una fiesta para celebrar su ruptura. Este anuncio deja perplejos a sus seres queridos, pero ellos se mantienen firmes en la decisión de separarse ¿O quizás no?";"http://www.madrid.es/sites/v/index.jsp?vgnextchannel=ca9671ee4a9eb410VgnVCM100000171f5a0aRCRD&vgnextoid=65487d7eb8957910VgnVCM1000001d4a900aRCRD";"Cine de verano 2025 en Villa de Vallecas";"http://www.madrid.es/sites/v/index.jsp?vgnextchannel=ca9671ee4a9eb410VgnVCM100000171f5a0aRCRD&vgnextoid=57775720325a6910VgnVCM1000001d4a900aRCRD";"http://www.madrid.es/sites/v/index.jsp?vgnextchannel=bfa48ab43d6bb410VgnVCM100000171f5a0aRCRD&vgnextoid=db73abd0991ce210VgnVCM1000000b205a0aRCRD";"Parque Santa Eugenia";"2";"CALLE";"Cerro Almodóvar";"1";"VILLA DE VALLECAS";"SANTA EUGENIA";"28031";"448352";"4470258";"40.38131130575197";"-3.608459149580722";"/contenido/actividades/ActividadesCalleArteUrbano";""
12800215;"Webinario: la recuperación de las rapaces nocturnas";"";"1";"0";"";"";"2025-07-03 00:00:00.0";"2025-07-03 23:59:00.0";"12:00";"Seminario digital en colaboración con la asociación BRINZAL, donde conoceremos de primera mano cuáles han sido (y continúan siendo) las principales amenazas para las rapaces nocturnas, así como los avances en su recuperación. Brinzal es un centro especializado en la recuperación de aves rapaces nocturnas, ubicado en la Casa de Campo de Madrid. Con más de 30 años de experiencia, atiende anualmente a unos 2.500 ejemplares de fauna autóctona herida, con el objetivo de devolverlos a su entorno natural una vez recuperados. Webinario dirigido a público adulto, en colaboración con la Asociación Brinzal .  No es necesaria inscripción previa: para participar sólo hay que acceder a   este enlace   del Canal de Youtube del CIEA Casa de Campo en el día y hora señalados.  Duración estimada: una hora.";"http://www.madrid.es/sites/v/index.jsp?vgnextchannel=ca9671ee4a9eb410VgnVCM100000171f5a0aRCRD&vgnextoid=a3b9c1ce1b957910VgnVCM2000001f4a900aRCRD";"Webinarios ambientales CIEA Casa de Campo";"http://www.madrid.es/sites/v/index.jsp?vgnextchannel=ca9671ee4a9eb410VgnVCM100000171f5a0aRCRD&vgnextoid=74c5082ea7be4810VgnVCM1000001d4a900aRCRD";"http://www.madrid.es/sites/v/index.jsp?vgnextchannel=bfa48ab43d6bb410VgnVCM100000171f5a0aRCRD&vgnextoid=8a22598d1351c010VgnVCM1000000b205a0aRCRD";"Centro de Información y Educación Ambiental de Casa de Campo";"1";"PARQUE";"CASA DE CAMPO (JUNTO AL EMBARCADERO DEL LAGO)";"";"MONCLOA-ARAVACA";"CASA DE CAMPO";"28011";"437990";"4474399";"40.41789950036311";"-3.7309390858931137";"";""
12800225;"Webinario: Polillas de Madrid";"";"1";"0";"";"";"2025-09-12 00:00:00.0";"2025-09-12 23:59:00.0";"12:00";"En este Seminario digital conocerás cuáles son las especies de mariposas nocturnas más importantes dentro de nuestra ciudad. Impartido en colaboración con el   Grupo de seguimiento de biodiversidad   y el  Museo de entomología  de la Universidad Complutense de Madrid.  Webinario dirigido a público adulto.   No es necesaria inscripción previa: para participar sólo hay que acceder a   este enlace   del Canal de Youtube del CIEA Casa de Campo en el día y hora señalados.  Duración estimada: una hora.";"http://www.madrid.es/sites/v/index.jsp?vgnextchannel=ca9671ee4a9eb410VgnVCM100000171f5a0aRCRD&vgnextoid=f06bc1ce1b957910VgnVCM2000001f4a900aRCRD";"Webinarios ambientales CIEA Casa de Campo";"http://www.madrid.es/sites/v/index.jsp?vgnextchannel=ca9671ee4a9eb410VgnVCM100000171f5a0aRCRD&vgnextoid=74c5082ea7be4810VgnVCM1000001d4a900aRCRD";"http://www.madrid.es/sites/v/index.jsp?vgnextchannel=bfa48ab43d6bb410VgnVCM100000171f5a0aRCRD&vgnextoid=8a22598d1351c010VgnVCM1000000b205a0aRCRD";"Centro de Información y Educación Ambiental de Casa de Campo";"1";"PARQUE";"CASA DE CAMPO (JUNTO AL EMBARCADERO DEL LAGO)";"";"MONCLOA-ARAVACA";"CASA DE CAMPO";"28011";"437990";"4474399";"40.41789950036311";"-3.7309390858931137";"";""
12804873;"Week-end";"";"0";"0";"";"";"2025-09-26 00:00:00.0";"2025-09-26 23:59:00.0";"20:30";"Una pareja de clase media francesa, Corinne y Roland, conducen hacia su casa de campo para pasar el fin de semana. En el camino se desata un infierno, un caos de atascos increíbles, accidentes espantosos y sirenas de ambulancias. Pero en medio de esta pesadilla se establecen algunos encuentros sorprendentes. El legendario Jean-Luc Godard adaptó el relato corto La autopista del Sur de Julio Cortázar, para realizar una de sus películas más personales y polémicas. Incluye uno de los travellings más largos de la historia del cine, realizado en pleno atasco automovilístico. Una emblemática película de la etapa más fructífera en la obra del genial e incomparable cineasta.  No recomendada para menores de 18 años";"http://www.madrid.es/sites/v/index.jsp?vgnextchannel=ca9671ee4a9eb410VgnVCM100000171f5a0aRCRD&vgnextoid=ee0e082228d77910VgnVCM1000001d4a900aRCRD";"";"";"http://www.madrid.es/sites/v/index.jsp?vgnextchannel=bfa48ab43d6bb410VgnVCM100000171f5a0aRCRD&vgnextoid=2dbd1fe44c5ee310VgnVCM2000000c205a0aRCRD";"Cineteca Madrid";"1";"PLAZA";"LEGAZPI";"8";"ARGANZUELA";"CHOPERA";"28045";"440946";"4471422";"40.39130985242181";"-3.6958028442054074";"/contenido/actividades/ProgramacionDestacadaAgendaCultura";""
12795973;"Wish";"";"1";"0";"";"";"2025-06-28 00:00:00.0";"2025-06-28 23:59:00.0";"22:00";"Año: 2023  Duración: 88 min  País: Estados Unidos  Dirección: Chris Buck, Fawn Veerasunthorn  Género: Animación.  Sinopsis: Asha y una pequeña bola de energía ilimitada llamada Star demuestran que cuando la voluntad de un ser humano valiente se conecta con la magia de las estrellas, pueden suceder cosas maravillosas.   Calificación: Apta para todos los públicos (especialmente recomendada para la infancia).";"http://www.madrid.es/sites/v/index.jsp?vgnextchannel=ca9671ee4a9eb410VgnVCM100000171f5a0aRCRD&vgnextoid=26fbb13186a37910VgnVCM1000001d4a900aRCRD";"Cine de Verano 2025 en Barajas";"http://www.madrid.es/sites/v/index.jsp?vgnextchannel=ca9671ee4a9eb410VgnVCM100000171f5a0aRCRD&vgnextoid=c1c73cd450bd5910VgnVCM1000001d4a900aRCRD";"";"";"";"";"";"";"";"";"";"";"";"";"";"/contenido/actividades/CineActividadesAudiovisuales";"/usuario/Niños"
12809324;"Wonka";"";"1";"0";"";"";"2025-07-26 00:00:00.0";"2025-07-26 23:59:00.0";"22:00";"Dirección: Paul King.  Con Timothée Chalamet, Calah Lane, Olivia Colman, Hugh Grant, Keegan-Michael Key. Fantasía.  Reino Unido 2023. 115?.       Basada en el personaje que protagoniza ?Charlie y la fábrica de chocolate?. Cuenta la historia de cómo el mayor inventor, mago y chocolatero del mundo se convirtió en el querido Willy Wonka que conocemos hoy en día, centrándose en su juventud y en cómo conoció a un Oompa-Loompa en una de sus primeras aventuras.     Apta para todos los públicos y especialmente recomendada para la infancia.";"http://www.madrid.es/sites/v/index.jsp?vgnextchannel=ca9671ee4a9eb410VgnVCM100000171f5a0aRCRD&vgnextoid=8601e7bbebb97910VgnVCM2000001f4a900aRCRD";"";"";"http://www.madrid.es/sites/v/index.jsp?vgnextchannel=bfa48ab43d6bb410VgnVCM100000171f5a0aRCRD&vgnextoid=598745dbd6891110VgnVCM1000000b205a0aRCRD";"Instalación Deportiva Municipal Básica Parque El Calero";"0";"CALLE";"VIRGEN DE NURIA";"S/N";"CIUDAD LINEAL";"CONCEPCION";"28027";"444643";"4476387";"40.436286671972276";"-3.6526968257803736";"/contenido/actividades/CineActividadesAudiovisuales";"/usuario/Niños,/usuario/Familias"
12806259;"Wonka";"";"1";"0";"";"";"2025-08-30 00:00:00.0";"2025-08-30 23:59:00.0";"22:00";"Dir. Paul King  Duración: 115 minutos  Edad recomendada: Todos los Públicos.  Sinopsis: Basada en el personaje que protagoniza 'Charlie y la fábrica de chocolate', el libro infantil más emblemático de Roald Dahl y uno de los más vendidos de todos los tiempos. 'Wonka' cuenta la historia de cómo el mayor inventor, mago y chocolatero del mundo se convirtió en el querido Willy Wonka que conocemos hoy en día, centrándose en su juventud y en cómo conoció a un Oompa-Loompa en una de sus primeras aventuras.";"http://www.madrid.es/sites/v/index.jsp?vgnextchannel=ca9671ee4a9eb410VgnVCM100000171f5a0aRCRD&vgnextoid=45e43cba01787910VgnVCM2000001f4a900aRCRD";"Cine de verano 2025 en Villa de Vallecas";"http://www.madrid.es/sites/v/index.jsp?vgnextchannel=ca9671ee4a9eb410VgnVCM100000171f5a0aRCRD&vgnextoid=57775720325a6910VgnVCM1000001d4a900aRCRD";"http://www.madrid.es/sites/v/index.jsp?vgnextchannel=bfa48ab43d6bb410VgnVCM100000171f5a0aRCRD&vgnextoid=d8c31bbad23cf310VgnVCM1000000b205a0aRCRD";"Auditorio Municipal Las Trece Rosas";"1";"CALLE";"MONTE DE MONTJUICH";"7";"VILLA DE VALLECAS";"CASCO H.VALLECAS";"28031";"447581";"4470145";"40.38024953878224";"-3.6175290483217055";"/contenido/actividades/ActividadesCalleArteUrbano";""
12795988;"Wonka";"";"1";"0";"";"";"2025-07-04 00:00:00.0";"2025-07-04 23:59:00.0";"22:00";"Año: 2023  Duración: 82 min País: Reino Unido Dirección: Paul King  Género: Musical. Aventuras. Fantástico. Comedia | Cine familiar. Precuela.  Sinopsis: Basada en el personaje que protagoniza 'Charlie y la fábrica de chocolate', el libro infantil más emblemático de Roald Dahl y uno de los más vendidos de todos los tiempos, 'Wonka' cuenta la historia de cómo el mayor inventor, mago y chocolatero del mundo se convirtió en el querido Willy Wonka que conocemos hoy en día, centrándose en su juventud y en cómo conoció a un Oompa-Loompa en una de sus primeras aventuras.  Calificación: Apta para todos los públicos (especialmente recomendada para la infancia).";"http://www.madrid.es/sites/v/index.jsp?vgnextchannel=ca9671ee4a9eb410VgnVCM100000171f5a0aRCRD&vgnextoid=e362b13186a37910VgnVCM1000001d4a900aRCRD";"Cine de Verano 2025 en Barajas";"http://www.madrid.es/sites/v/index.jsp?vgnextchannel=ca9671ee4a9eb410VgnVCM100000171f5a0aRCRD&vgnextoid=c1c73cd450bd5910VgnVCM1000001d4a900aRCRD";"";"";"";"";"";"";"";"";"";"";"";"";"";"/contenido/actividades/CineActividadesAudiovisuales";"/usuario/Niños"
12804669;"Wonka (2023) dirigido por Paul King";"";"0";"0";"";"";"2025-07-05 00:00:00.0";"2025-07-05 23:59:00.0";"22:00";"Basada en el personaje que protagoniza 'Charlie y la fábrica de chocolate', el libro infantil más emblemático de Roald Dahl y uno de los más vendidos de todos los tiempos, 'Wonka' cuenta la historia de cómo el mayor inventor, mago y chocolatero del mundo se convirtió en el querido Willy Wonka que conocemos hoy en día, centrándose en su juventud y en cómo conoció a un Oompa-Loompa en una de sus primeras aventuras.  Género: Comedia  Edad recomendada: apta para todos los públicos y distintivo especialmente recomendada para la infancia   Duración: 115 minutos";"http://www.madrid.es/sites/v/index.jsp?vgnextchannel=ca9671ee4a9eb410VgnVCM100000171f5a0aRCRD&vgnextoid=a8a558fa23d77910VgnVCM2000001f4a900aRCRD";"Cine de verano 2025 en Carabanchel";"http://www.madrid.es/sites/v/index.jsp?vgnextchannel=ca9671ee4a9eb410VgnVCM100000171f5a0aRCRD&vgnextoid=e8a2cd0e24b76910VgnVCM1000001d4a900aRCRD";"http://www.madrid.es/sites/v/index.jsp?vgnextchannel=bfa48ab43d6bb410VgnVCM100000171f5a0aRCRD&vgnextoid=7cfaa531dcf9e210VgnVCM2000000c205a0aRCRD";"Parque de Salvador Allende";"2";"CALLE";"SALVADOR ALLENDE";"3";"CARABANCHEL";"BUENAVISTA";"28054";"435693";"4468472";"40.364341448699825";"-3.757402071835875";"/contenido/actividades/CineActividadesAudiovisuales";"/usuario/Niños"
12806519;"XVIII Carrera ciclista trofeo del Carmen";"";"1";"0";"";"";"2025-07-13 00:00:00.0";"2025-07-13 23:59:00.0";"09:30";"Club ciclista vallecano. Lugar: avenida Pablo Neruda, junto al Centro Comercial Madrid Sur.";"http://www.madrid.es/sites/v/index.jsp?vgnextchannel=ca9671ee4a9eb410VgnVCM100000171f5a0aRCRD&vgnextoid=91a008a9f6787910VgnVCM1000001d4a900aRCRD";"";"";"";"";"";"";"";"";"";"";"";"";"";"";"";"/contenido/actividades/Fiestas";""
12781828;"Yincana de viverismo y elaboración de semilleros";"";"1";"1";"S";"";"2025-06-21 00:00:00.0";"2025-06-28 23:59:00.0";"00:00";"";"http://www.madrid.es/sites/v/index.jsp?vgnextchannel=ca9671ee4a9eb410VgnVCM100000171f5a0aRCRD&vgnextoid=95431082d08f6910VgnVCM1000001d4a900aRCRD";"Yincana de viverismo y elaboración de semilleros";"http://www.madrid.es/sites/v/index.jsp?vgnextchannel=ca9671ee4a9eb410VgnVCM100000171f5a0aRCRD&vgnextoid=be09b85bdef0c810VgnVCM2000001f4a900aRCRD";"http://www.madrid.es/sites/v/index.jsp?vgnextchannel=bfa48ab43d6bb410VgnVCM100000171f5a0aRCRD&vgnextoid=97521076c081c010VgnVCM1000000b205a0aRCRD";"Aula ambiental La Cabaña del Retiro";"1";"PASEO";"FERNAN NUÑEZ";"10";"RETIRO";"LOS JERONIMOS";"28009";"442360";"4473388";"40.40912277790706";"-3.6793179644920584";"/contenido/actividades/ItinerariosOtrasActividadesAmbientales";"/usuario/Niños,/usuario/Familias"
12399872;"Yincana extrema: desafío climático";"";"1";"0";"";"";"2025-09-13 00:00:00.0";"2025-09-13 23:59:00.0";"10:00";"A través de divertidas pruebas y juegos al aire libre conoceremos la importancia del cambio climático y qué podemos hacer al respecto. ¡Atrévete y supera retos extremos! Yincana dirigida a familias con menores a partir de 9 años.  Duración estimada: una hora y media.";"http://www.madrid.es/sites/v/index.jsp?vgnextchannel=ca9671ee4a9eb410VgnVCM100000171f5a0aRCRD&vgnextoid=c249256bd8f20910VgnVCM2000001f4a900aRCRD";"Especial familias";"http://www.madrid.es/sites/v/index.jsp?vgnextchannel=ca9671ee4a9eb410VgnVCM100000171f5a0aRCRD&vgnextoid=9bfd9a5c7db95810VgnVCM1000001d4a900aRCRD";"http://www.madrid.es/sites/v/index.jsp?vgnextchannel=bfa48ab43d6bb410VgnVCM100000171f5a0aRCRD&vgnextoid=8a22598d1351c010VgnVCM1000000b205a0aRCRD";"Centro de Información y Educación Ambiental de Casa de Campo";"1";"PARQUE";"CASA DE CAMPO (JUNTO AL EMBARCADERO DEL LAGO)";"";"MONCLOA-ARAVACA";"CASA DE CAMPO";"28011";"437990";"4474399";"40.41789950036311";"-3.7309390858931137";"";"/usuario/Familias"
12799097;"Yincana extrema: desafío climático";"";"1";"0";"";"";"2025-09-13 00:00:00.0";"2025-09-13 23:59:00.0";"12:00";"A través de divertidas pruebas y juegos al aire libre conoceremos la importancia del cambio climático y qué podemos hacer al respecto. ¡Atrévete y supera retos extremos! Yincana dirigida a familias con menores a partir de 9 años.  Duración estimada: una hora y media.";"http://www.madrid.es/sites/v/index.jsp?vgnextchannel=ca9671ee4a9eb410VgnVCM100000171f5a0aRCRD&vgnextoid=b725c02e46457910VgnVCM2000001f4a900aRCRD";"Especial familias";"http://www.madrid.es/sites/v/index.jsp?vgnextchannel=ca9671ee4a9eb410VgnVCM100000171f5a0aRCRD&vgnextoid=9bfd9a5c7db95810VgnVCM1000001d4a900aRCRD";"http://www.madrid.es/sites/v/index.jsp?vgnextchannel=bfa48ab43d6bb410VgnVCM100000171f5a0aRCRD&vgnextoid=8a22598d1351c010VgnVCM1000000b205a0aRCRD";"Centro de Información y Educación Ambiental de Casa de Campo";"1";"PARQUE";"CASA DE CAMPO (JUNTO AL EMBARCADERO DEL LAGO)";"";"MONCLOA-ARAVACA";"CASA DE CAMPO";"28011";"437990";"4474399";"40.41789950036311";"-3.7309390858931137";"";"/usuario/Familias"
12806143;"Yincana fotográfica la naturaleza de San Fermín. Fiestas del Barrio de San Fermín.";"";"1";"0";"";"";"2025-07-05 00:00:00.0";"2025-07-05 23:59:00.0";"11:30";"De 11:30 a 13:30 horas.  Categoría: Senda autoguiada. Entrada GRATUITA.  Lugar: Stand en la Avenida de San Fermín, Distrito de Usera.  Edad: Todos los públicos (menores acompañados con un adulto). Imprescindible reserva previa.  Sinopsis: San Fermín es un barrio rodeado de mucha naturaleza, ¿te gustaría conocerla? ¡¡Participa en esta divertida yincana para descubrirla!! tan solo necesitas un teléfono móvil o una cámara digital de fotos para captar los retos que te propondrán los educadores del CEAC Maris Stella y, si superas todas las pruebas, recibirás un regalo sorpresa, ¿te animas a descubrir la biodiversidad del barrio?";"http://www.madrid.es/sites/v/index.jsp?vgnextchannel=ca9671ee4a9eb410VgnVCM100000171f5a0aRCRD&vgnextoid=154f38a3b1787910VgnVCM1000001d4a900aRCRD";"Actividades en el Centro de Educación Ambiental y Cultural Maris Stella";"http://www.madrid.es/sites/v/index.jsp?vgnextchannel=ca9671ee4a9eb410VgnVCM100000171f5a0aRCRD&vgnextoid=4e25ce5179e61910VgnVCM1000001d4a900aRCRD";"http://www.madrid.es/sites/v/index.jsp?vgnextchannel=bfa48ab43d6bb410VgnVCM100000171f5a0aRCRD&vgnextoid=85205619bc23d710VgnVCM2000001f4a900aRCRD";"Centro de Educación Ambiental y Cultural Maris Stella (Usera)";"1";"CALLE";"DOCTOR TOLOSA LATOUR";"16";"USERA";"PRADOLONGO";"28026";"440301";"4469524";"40.374166248648216";"-3.7032220308808577";"/contenido/actividades/ExcursionesItinerariosVisitas";""
12780151;"Yincana por el Parque de Pradolongo";"";"1";"0";"";"";"2025-06-28 00:00:00.0";"2025-06-28 23:59:00.0";"11:30";"Horario: De 11:30 a 13:30 horas.  Categoría: Senda autoguiada.  Lugar: Comienza en el Centro de Educación Ambiental y Cultural Maris Stella.  Edad: Todos los públicos (menores acompañados con un adulto). Imprescindible reserva previa.  Sinopsis: Participa en esta divertida yincana botánica y descubre la palabra secreta del crucigrama que debes de completar. Para conseguirlo te ayudarán los árboles que habitan el parque?";"http://www.madrid.es/sites/v/index.jsp?vgnextchannel=ca9671ee4a9eb410VgnVCM100000171f5a0aRCRD&vgnextoid=6135c81d8c1f6910VgnVCM2000001f4a900aRCRD";"Actividades en el Centro de Educación Ambiental y Cultural Maris Stella";"http://www.madrid.es/sites/v/index.jsp?vgnextchannel=ca9671ee4a9eb410VgnVCM100000171f5a0aRCRD&vgnextoid=4e25ce5179e61910VgnVCM1000001d4a900aRCRD";"http://www.madrid.es/sites/v/index.jsp?vgnextchannel=bfa48ab43d6bb410VgnVCM100000171f5a0aRCRD&vgnextoid=85205619bc23d710VgnVCM2000001f4a900aRCRD";"Centro de Educación Ambiental y Cultural Maris Stella (Usera)";"1";"CALLE";"DOCTOR TOLOSA LATOUR";"16";"USERA";"PRADOLONGO";"28026";"440301";"4469524";"40.374166248648216";"-3.7032220308808577";"/contenido/actividades/ItinerariosOtrasActividadesAmbientales";"/usuario/Niños,/usuario/Familias"
12781835;"Yincana 'El tesoro de La Cabaña'";"";"1";"0";"";"";"2025-06-29 00:00:00.0";"2025-06-29 23:59:00.0";"11:00";"";"http://www.madrid.es/sites/v/index.jsp?vgnextchannel=ca9671ee4a9eb410VgnVCM100000171f5a0aRCRD&vgnextoid=d0451082d08f6910VgnVCM1000001d4a900aRCRD";"Yincana 'La búsqueda del tesoro'";"http://www.madrid.es/sites/v/index.jsp?vgnextchannel=ca9671ee4a9eb410VgnVCM100000171f5a0aRCRD&vgnextoid=3166aba5f0a86710VgnVCM1000001d4a900aRCRD";"http://www.madrid.es/sites/v/index.jsp?vgnextchannel=bfa48ab43d6bb410VgnVCM100000171f5a0aRCRD&vgnextoid=97521076c081c010VgnVCM1000000b205a0aRCRD";"Aula ambiental La Cabaña del Retiro";"1";"PASEO";"FERNAN NUÑEZ";"10";"RETIRO";"LOS JERONIMOS";"28009";"442360";"4473388";"40.40912277790706";"-3.6793179644920584";"";"/usuario/Niños"
12793313;"Yoga";"";"1";"1";"D";"";"2025-06-01 00:00:00.0";"2025-09-30 23:59:00.0";"10:00";"Domingos de 10:00 a 12:00 h. Actividades gratuitas. Durante los meses de julio y agosto no se programarán estas actividades.  Inscripciones hasta completar plazas en el enlace   + información: 691077760/ 915913901.";"http://www.madrid.es/sites/v/index.jsp?vgnextchannel=ca9671ee4a9eb410VgnVCM100000171f5a0aRCRD&vgnextoid=2c6b092e59437910VgnVCM1000001d4a900aRCRD";"Actividades de verano en el Distrito de Chamberí";"http://www.madrid.es/sites/v/index.jsp?vgnextchannel=ca9671ee4a9eb410VgnVCM100000171f5a0aRCRD&vgnextoid=a9d769ea76117910VgnVCM1000001d4a900aRCRD";"http://www.madrid.es/sites/v/index.jsp?vgnextchannel=bfa48ab43d6bb410VgnVCM100000171f5a0aRCRD&vgnextoid=7570d9f83f8e6610VgnVCM2000001f4a900aRCRD";"Parque de Santander";"0";"PASEO";"SAN FRANCISCO DE SALES";"39";"CHAMBERI";"VALLEHERMOSO";"28003";"439801";"4477343";"40.44456982954479";"-3.7098572768896214";"/contenido/actividades/TeatroPerformance";""
12805658;"Zorro y liebre salvan el bosque";"";"1";"0";"";"";"2025-07-19 00:00:00.0";"2025-07-19 23:59:00.0";"22:15";"De Mascha Halberstad. Animación. Países bajos 2024. 71?.   Recomendada para todos los públicos y especialmente recomendada para la infancia.  En un claro del bosque, el Castor, que es un animalito muy vanidoso, inaugura su gran obra maestra, una presa. Con la ayuda de dos ratas bloquea el curso de un arroyo y esto hace que el nivel del agua suba, se inunde el bosque y se forme un lago enorme rápidamente. Búho vuelve hacia su árbol para hacer su turno de vigilancia nocturna como cada noche y se da cuenta de que el árbol está rodeado de hilos de agua. Se asusta y se adentra hacia el bosque, muy adentro. Hasta que ve un lago enorme que antes no estaba. Durante la búsqueda de Búho, el nivel del agua no para de subir y pone en peligro el bosque y sus casas. El Castor debe derribar la presa para salvar el bosque, pero ¿está dispuesto a hacerlo? ¿A cambio de qué?";"http://www.madrid.es/sites/v/index.jsp?vgnextchannel=ca9671ee4a9eb410VgnVCM100000171f5a0aRCRD&vgnextoid=a21e5f5bd8287910VgnVCM1000001d4a900aRCRD";"Ciclo Los sábados de cine. Primavera 2025";"http://www.madrid.es/sites/v/index.jsp?vgnextchannel=ca9671ee4a9eb410VgnVCM100000171f5a0aRCRD&vgnextoid=c0de900069495910VgnVCM2000001f4a900aRCRD";"http://www.madrid.es/sites/v/index.jsp?vgnextchannel=bfa48ab43d6bb410VgnVCM100000171f5a0aRCRD&vgnextoid=07f63190712b1110VgnVCM1000000b205a0aRCRD";"Centro Cultural Ciudad Pegaso (San Blas - Canillejas)";"1";"AVENIDA";"SEPTIMA";"11";"SAN BLAS-CANILLEJAS";"REJAS";"28022";"449281";"4477704";"40.44844757572015";"-3.598099871155595";"/contenido/actividades/CineActividadesAudiovisuales";"/usuario/Niños,/usuario/Familias"
12746539;"'20 autoras y autores locales'";"";"1";"1";"L,M,X,J,V";"";"2025-04-23 00:00:00.0";"2025-06-30 23:59:00.0";"";"";"http://www.madrid.es/sites/v/index.jsp?vgnextchannel=ca9671ee4a9eb410VgnVCM100000171f5a0aRCRD&vgnextoid=282f477e1ebf5910VgnVCM2000001f4a900aRCRD";"'20 autoras y autores locales'";"http://www.madrid.es/sites/v/index.jsp?vgnextchannel=ca9671ee4a9eb410VgnVCM100000171f5a0aRCRD&vgnextoid=161f477e1ebf5910VgnVCM2000001f4a900aRCRD";"http://www.madrid.es/sites/v/index.jsp?vgnextchannel=bfa48ab43d6bb410VgnVCM100000171f5a0aRCRD&vgnextoid=f05279262ef5d010VgnVCM1000000b205a0aRCRD";"Biblioteca Pública Municipal Francisco Ayala (Vicálvaro)";"1,6";"BULEVAR";"INDALECIO PRIETO";"21";"VICALVARO";"VALDEBERNARDO";"28032";"447278";"4472321";"40.39982891410407";"-3.621281890570377";"/contenido/actividades/Exposiciones";""
12797399;"'A taste of the moon'";"";"1";"0";"";"";"2025-06-26 00:00:00.0";"2025-06-26 23:59:00.0";"17:30";"Vamos a leer en inglés y a divertirnos en la biblioteca. Duendes, tesoros, aventuras, misterios... Las bibliotecas están llenas de historias que cuenteros y cuenteras nos acercan a través de su creatividad y su magia.    Este cuento está pensado para niñas y niños a partir de 2 años.  Entrada libre hasta completar aforo. Recuerda que los niños y niñas deberán ir acompañados por una persona adulta.   Te esperamos en la biblioteca para pasar un buen rato lleno de fantasía, de la mano de Mamen Storyteller";"http://www.madrid.es/sites/v/index.jsp?vgnextchannel=ca9671ee4a9eb410VgnVCM100000171f5a0aRCRD&vgnextoid=c708fd68d6047910VgnVCM2000001f4a900aRCRD";"Cuentacuentos en inglés";"http://www.madrid.es/sites/v/index.jsp?vgnextchannel=ca9671ee4a9eb410VgnVCM100000171f5a0aRCRD&vgnextoid=dd4e284aeea67810VgnVCM2000001f4a900aRCRD";"http://www.madrid.es/sites/v/index.jsp?vgnextchannel=bfa48ab43d6bb410VgnVCM100000171f5a0aRCRD&vgnextoid=b5ca89e2c9e5d010VgnVCM1000000b205a0aRCRD";"Biblioteca Pública Municipal Manuel Vázquez Montalbán (Tetuán)";"1,6";"CALLE";"FRANCOS RODRIGUEZ";"67";"TETUAN";"BELLAS VISTAS";"28039";"439755";"4478779";"40.45749513485957";"-3.710539712535917";"/contenido/actividades/CuentacuentosTiteresMarionetas";"/usuario/Niños"
12810014;"'Bosque metropolitano'";"";"1";"0";"";"";"2025-07-08 00:00:00.0";"2025-07-08 23:59:00.0";"10:30";"";"http://www.madrid.es/sites/v/index.jsp?vgnextchannel=ca9671ee4a9eb410VgnVCM100000171f5a0aRCRD&vgnextoid=1cf79ac8d9d97910VgnVCM1000001d4a900aRCRD";"";"";"http://www.madrid.es/sites/v/index.jsp?vgnextchannel=bfa48ab43d6bb410VgnVCM100000171f5a0aRCRD&vgnextoid=74703d0b5e71c010VgnVCM1000000b205a0aRCRD";"Biblioteca Pública Municipal María Zambrano (Tetuán)";"1,6";"PLAZA";"DONOSO";"5";"TETUAN";"ALMENARA";"28029";"440857";"4480052";"40.46903299144094";"-3.6976620067964996";"/contenido/actividades/CursosTalleres";"/usuario/Niños"
12804723;"'Carabanchel: La Estrella de la Muerte del franquismo' de Luis Antonio Ruiz Casero";"";"1";"0";"";"";"2025-06-26 00:00:00.0";"2025-06-26 23:59:00.0";"18:30";"";"http://www.madrid.es/sites/v/index.jsp?vgnextchannel=ca9671ee4a9eb410VgnVCM100000171f5a0aRCRD&vgnextoid=2f01c319a1d77910VgnVCM1000001d4a900aRCRD";"";"";"http://www.madrid.es/sites/v/index.jsp?vgnextchannel=bfa48ab43d6bb410VgnVCM100000171f5a0aRCRD&vgnextoid=ec750a2153ef9210VgnVCM2000000c205a0aRCRD";"Biblioteca Pública Municipal Ángel González (Latina)";"1,6";"CALLE";"GRANJA DE TORREHERMOSA";"1";"LATINA";"ALUCHE";"28024";"434954";"4472113";"40.397074625115906";"-3.7664885474841556";"/contenido/actividades/RecitalesPresentacionesActosLiterarios";""
12797401;"'Cuentos de ida y vuelta'";"";"1";"0";"";"";"2025-06-25 00:00:00.0";"2025-06-25 23:59:00.0";"18:00";"Duendes, tesoros, aventuras, misterios... Las bibliotecas están llenas de historias que cuenteros y cuenteras nos acercan a través de su creatividad y su magia.  Este cuento está pensado para niñas y niños a partir de 3 años.  Recuerda que las niñas y niños deberán ir acompañados por una persona adulta. Para asistir es necesario recoger una invitación en el mostrador de la biblioteca.  Te esperamos en la biblioteca para pasar un buen rato lleno de fantasía, de la mano de Pingüi";"http://www.madrid.es/sites/v/index.jsp?vgnextchannel=ca9671ee4a9eb410VgnVCM100000171f5a0aRCRD&vgnextoid=ec9afd68d6047910VgnVCM2000001f4a900aRCRD";"Cuentacuentos del 5 al 11 de mayo";"http://www.madrid.es/sites/v/index.jsp?vgnextchannel=ca9671ee4a9eb410VgnVCM100000171f5a0aRCRD&vgnextoid=6caba32d985f5910VgnVCM1000001d4a900aRCRD";"http://www.madrid.es/sites/v/index.jsp?vgnextchannel=bfa48ab43d6bb410VgnVCM100000171f5a0aRCRD&vgnextoid=70d879262ef5d010VgnVCM1000000b205a0aRCRD";"Biblioteca Pública Municipal José Saramago (Fuencarral-El Pardo)";"1,5,6";"AVENIDA";"MONFORTE DE LEMOS";"38";"FUENCARRAL-EL PARDO";"EL PILAR";"28029";"439867";"4481122";"40.47860087334554";"-3.7094408342979954";"/contenido/actividades/CuentacuentosTiteresMarionetas";"/usuario/Niños"
12792608;"'Cuentos elefantásticos'";"";"1";"0";"";"";"2025-06-25 00:00:00.0";"2025-06-25 23:59:00.0";"12:00";"Cuentacuentos inspirado en algunos de los libros que componen la exposición 40 Muestra del Libro Infantil y Juvenil. En las páginas de los cuentos se esconden personajes, paisajes, colores y olores. Animales y plantas, nubes y soles, cielos y mares que caben en una maleta y viajan de un universo a otro, hasta aterrizar en un gran escenario donde la imaginación, los sueños, las historias y las ilustraciones forman un gran espectáculo. Ven a este maravilloso circo de los cuentos y siente la magia de cada palabra y cada historia cantada? y contada. Ven que te lo cuento... y te lo muestro. Dirigido a niñas y niños hasta los 14 años.        Acceso libre hasta completar aforo.        Organizado por:  Área del Libro y la Lectura. Subdirección General del Libro. Biblioteca Regional de Madrid Comunidad de Madrid";"http://www.madrid.es/sites/v/index.jsp?vgnextchannel=ca9671ee4a9eb410VgnVCM100000171f5a0aRCRD&vgnextoid=4b0419f894037910VgnVCM2000001f4a900aRCRD";"Cuentacuentos del 5 al 11 de mayo";"http://www.madrid.es/sites/v/index.jsp?vgnextchannel=ca9671ee4a9eb410VgnVCM100000171f5a0aRCRD&vgnextoid=6caba32d985f5910VgnVCM1000001d4a900aRCRD";"http://www.madrid.es/sites/v/index.jsp?vgnextchannel=bfa48ab43d6bb410VgnVCM100000171f5a0aRCRD&vgnextoid=f05279262ef5d010VgnVCM1000000b205a0aRCRD";"Biblioteca Pública Municipal Francisco Ayala (Vicálvaro)";"1,6";"BULEVAR";"INDALECIO PRIETO";"21";"VICALVARO";"VALDEBERNARDO";"28032";"447278";"4472321";"40.39982891410407";"-3.621281890570377";"/contenido/actividades/CuentacuentosTiteresMarionetas";"/usuario/Niños"
12770601;"'Curso Introducción a la filosofía' con el profesor José María Risco Rojas";"";"1";"1";"L";"";"2025-06-02 00:00:00.0";"2025-06-30 23:59:00.0";"18:30";"";"http://www.madrid.es/sites/v/index.jsp?vgnextchannel=ca9671ee4a9eb410VgnVCM100000171f5a0aRCRD&vgnextoid=79dcbfd2ebaa6910VgnVCM1000001d4a900aRCRD";"";"";"http://www.madrid.es/sites/v/index.jsp?vgnextchannel=bfa48ab43d6bb410VgnVCM100000171f5a0aRCRD&vgnextoid=d5c548d20675e010VgnVCM1000000b205a0aRCRD";"Biblioteca Pública Municipal Pablo Neruda (Ciudad Lineal)";"1,6";"CALLE";"ASCAO";"4";"CIUDAD LINEAL";"PUEBLO NUEVO";"28017";"445570";"4475617";"40.42941133441142";"-3.6416899839787695";"/contenido/actividades/CursosTalleres";""
12805421;"'El día que entendí mi propia vida...y la del resto' de Elena Aguado Alba";"";"1";"0";"";"";"2025-06-30 00:00:00.0";"2025-06-30 23:59:00.0";"18:30";"";"http://www.madrid.es/sites/v/index.jsp?vgnextchannel=ca9671ee4a9eb410VgnVCM100000171f5a0aRCRD&vgnextoid=dd7a3ee8d1287910VgnVCM1000001d4a900aRCRD";"";"";"http://www.madrid.es/sites/v/index.jsp?vgnextchannel=bfa48ab43d6bb410VgnVCM100000171f5a0aRCRD&vgnextoid=e791bed05ceed310VgnVCM1000000b205a0aRCRD";"Biblioteca Pública Municipal Eugenio Trías. Casa de Fieras de El Retiro (Retiro)";"1,6";"PASEO";"FERNÁN NÚÑEZ";"24";"RETIRO";"LOS JERONIMOS";"28009";"442345";"4474221";"40.4166091081099";"-3.6795930368034804";"/contenido/actividades/RecitalesPresentacionesActosLiterarios";""
12791482;"'En el vuelo de un albatros errante' de María Jesús Montalvo";"";"1";"0";"";"";"2025-06-29 00:00:00.0";"2025-06-29 23:59:00.0";"11:30";"";"http://www.madrid.es/sites/v/index.jsp?vgnextchannel=ca9671ee4a9eb410VgnVCM100000171f5a0aRCRD&vgnextoid=07b18b5aa6127910VgnVCM2000001f4a900aRCRD";"";"";"http://www.madrid.es/sites/v/index.jsp?vgnextchannel=bfa48ab43d6bb410VgnVCM100000171f5a0aRCRD&vgnextoid=0b60e92be3c5e210VgnVCM1000000b205a0aRCRD";"Biblioteca Pública Municipal Iván de Vargas (Centro)";"1,6";"CALLE";"SAN JUSTO";"5";"CENTRO";"PALACIO";"28005";"439775";"4473962";"40.41410290844665";"-3.7098591212735883";"/contenido/actividades/RecitalesPresentacionesActosLiterarios";""
12810885;"'Entre ola y ola, tu pasión', de Eva Galindo";"";"1";"0";"";"";"2025-07-03 00:00:00.0";"2025-07-03 23:59:00.0";"18:00";"";"http://www.madrid.es/sites/v/index.jsp?vgnextchannel=ca9671ee4a9eb410VgnVCM100000171f5a0aRCRD&vgnextoid=253b12239d1a7910VgnVCM2000001f4a900aRCRD";"";"";"http://www.madrid.es/sites/v/index.jsp?vgnextchannel=bfa48ab43d6bb410VgnVCM100000171f5a0aRCRD&vgnextoid=0b60e92be3c5e210VgnVCM1000000b205a0aRCRD";"Biblioteca Pública Municipal Iván de Vargas (Centro)";"1,6";"CALLE";"SAN JUSTO";"5";"CENTRO";"PALACIO";"28005";"439775";"4473962";"40.41410290844665";"-3.7098591212735883";"/contenido/actividades/RecitalesPresentacionesActosLiterarios";""
12693512;"'Girl Underground' de Lauren McManamon y Jesse Ross";"";"1";"0";"";"";"2025-09-13 00:00:00.0";"2025-09-13 23:59:00.0";"11:00";"Sesión 4 del club de lectura moderado por la Asociación Arcorrol, asociación de rol LGTB+ de Madrid. Comentaremos el libro Girl Underground de Lauren McManamon y Jesse Ross. Cada persona usuaria deberá procurarse el libro. Inscríbete en este enlace.";"http://www.madrid.es/sites/v/index.jsp?vgnextchannel=ca9671ee4a9eb410VgnVCM100000171f5a0aRCRD&vgnextoid=2fe5045e3fd15910VgnVCM1000001d4a900aRCRD";"Arcorrol: juegos de rol LGTBI+";"http://www.madrid.es/sites/v/index.jsp?vgnextchannel=ca9671ee4a9eb410VgnVCM100000171f5a0aRCRD&vgnextoid=7f11045e3fd15910VgnVCM1000001d4a900aRCRD";"http://www.madrid.es/sites/v/index.jsp?vgnextchannel=bfa48ab43d6bb410VgnVCM100000171f5a0aRCRD&vgnextoid=0b60e92be3c5e210VgnVCM1000000b205a0aRCRD";"Biblioteca Pública Municipal Iván de Vargas (Centro)";"1,6";"CALLE";"SAN JUSTO";"5";"CENTRO";"PALACIO";"28005";"439775";"4473962";"40.41410290844665";"-3.7098591212735883";"/contenido/actividades/ClubesLectura";""
12796238;"'Piel de escamas' y 'Mujeres en pasión'";"";"1";"0";"";"";"2025-06-27 00:00:00.0";"2025-06-27 23:59:00.0";"18:00";"";"http://www.madrid.es/sites/v/index.jsp?vgnextchannel=ca9671ee4a9eb410VgnVCM100000171f5a0aRCRD&vgnextoid=ede8cf7a9ba37910VgnVCM2000001f4a900aRCRD";"'Diario desde el confinamiento' de Angela Morales García";"http://www.madrid.es/sites/v/index.jsp?vgnextchannel=ca9671ee4a9eb410VgnVCM100000171f5a0aRCRD&vgnextoid=a8d741a557266910VgnVCM2000001f4a900aRCRD";"http://www.madrid.es/sites/v/index.jsp?vgnextchannel=bfa48ab43d6bb410VgnVCM100000171f5a0aRCRD&vgnextoid=13ec3d0b5e71c010VgnVCM1000000b205a0aRCRD";"Biblioteca Pública Municipal Benito Pérez Galdós (Centro)";"1,6";"CALLE";"CONDE DUQUE";"9";"CENTRO";"UNIVERSIDAD";"28015";"439723";"4475438";"40.42738668300474";"-3.7105999955473625";"/contenido/actividades/RecitalesPresentacionesActosLiterarios";""
12783541;"'Presentación de la obra de Carmen Urbieta'";"";"0";"0";"";"";"2025-06-25 00:00:00.0";"2025-06-25 23:59:00.0";"18:00";"";"http://www.madrid.es/sites/v/index.jsp?vgnextchannel=ca9671ee4a9eb410VgnVCM100000171f5a0aRCRD&vgnextoid=adb040080eef6910VgnVCM2000001f4a900aRCRD";"'Presentación de la obra de la autora Carmen Urbieta'";"http://www.madrid.es/sites/v/index.jsp?vgnextchannel=ca9671ee4a9eb410VgnVCM100000171f5a0aRCRD&vgnextoid=a89040080eef6910VgnVCM2000001f4a900aRCRD";"http://www.madrid.es/sites/v/index.jsp?vgnextchannel=bfa48ab43d6bb410VgnVCM100000171f5a0aRCRD&vgnextoid=f05279262ef5d010VgnVCM1000000b205a0aRCRD";"Biblioteca Pública Municipal Francisco Ayala (Vicálvaro)";"1,6";"BULEVAR";"INDALECIO PRIETO";"21";"VICALVARO";"VALDEBERNARDO";"28032";"447278";"4472321";"40.39982891410407";"-3.621281890570377";"/contenido/actividades/RecitalesPresentacionesActosLiterarios";""
12721292;"'Raruna tutub. ¡Qué extraño es el mundo!' de Mónica Oncala";"";"1";"0";"";"";"2025-09-12 00:00:00.0";"2025-09-12 23:59:00.0";"19:00";"";"http://www.madrid.es/sites/v/index.jsp?vgnextchannel=ca9671ee4a9eb410VgnVCM100000171f5a0aRCRD&vgnextoid=fe966bd82b585910VgnVCM1000001d4a900aRCRD";"'Raruna tutub. ¡Qué extraño es el mundo!' de Mónica Oncala";"http://www.madrid.es/sites/v/index.jsp?vgnextchannel=ca9671ee4a9eb410VgnVCM100000171f5a0aRCRD&vgnextoid=2d836bd82b585910VgnVCM1000001d4a900aRCRD";"http://www.madrid.es/sites/v/index.jsp?vgnextchannel=bfa48ab43d6bb410VgnVCM100000171f5a0aRCRD&vgnextoid=6c4dbc2658739410VgnVCM2000000c205a0aRCRD";"Biblioteca Pública Municipal Mario Vargas Llosa (Centro)";"1,6";"CALLE";"BARCELO";"4";"CENTRO";"JUSTICIA";"28004";"440645";"4475347";"40.426642215368176";"-3.699722994908341";"/contenido/actividades/RecitalesPresentacionesActosLiterarios";""
12780327;"'Risoterapia'";"";"1";"0";"";"";"2025-07-04 00:00:00.0";"2025-07-04 23:59:00.0";"11:00";"";"http://www.madrid.es/sites/v/index.jsp?vgnextchannel=ca9671ee4a9eb410VgnVCM100000171f5a0aRCRD&vgnextoid=f847216ea32f6910VgnVCM2000001f4a900aRCRD";"";"";"http://www.madrid.es/sites/v/index.jsp?vgnextchannel=bfa48ab43d6bb410VgnVCM100000171f5a0aRCRD&vgnextoid=6c4dbc2658739410VgnVCM2000000c205a0aRCRD";"Biblioteca Pública Municipal Mario Vargas Llosa (Centro)";"1,6";"CALLE";"BARCELO";"4";"CENTRO";"JUSTICIA";"28004";"440645";"4475347";"40.426642215368176";"-3.699722994908341";"/contenido/actividades/ConferenciasColoquios";""
12802575;"'Un mojito doble' del colectivo Tinta Violeta";"";"1";"0";"";"";"2025-06-25 00:00:00.0";"2025-06-25 23:59:00.0";"18:00";"";"http://www.madrid.es/sites/v/index.jsp?vgnextchannel=ca9671ee4a9eb410VgnVCM100000171f5a0aRCRD&vgnextoid=b1cabdc017867910VgnVCM2000001f4a900aRCRD";"";"";"http://www.madrid.es/sites/v/index.jsp?vgnextchannel=bfa48ab43d6bb410VgnVCM100000171f5a0aRCRD&vgnextoid=628e3d0b5e71c010VgnVCM1000000b205a0aRCRD";"Biblioteca Pública Municipal Ana María Matute (Carabanchel)";"1,6";"CALLE";"ISAAC ALBENIZ";"1";"CARABANCHEL";"SAN ISIDRO";"28019";"438891";"4472167";"40.39786734087938";"-3.720088245008897";"/contenido/actividades/RecitalesPresentacionesActosLiterarios";""
12693508;"'¿Hablamos de rol?' de Mirella Machancoses López";"";"1";"0";"";"";"2025-07-12 00:00:00.0";"2025-07-12 23:59:00.0";"11:00";"Sesión 3 del club de lectura moderado por la Asociación Arcorrol, asociación de rol LGTB+ de Madrid. Comentaremos el libro ¿Hablamos de rol? de Mirella Machancoses López. Cada persona usuaria deberá procurarse el libro. Inscríbete en este enlace.";"http://www.madrid.es/sites/v/index.jsp?vgnextchannel=ca9671ee4a9eb410VgnVCM100000171f5a0aRCRD&vgnextoid=03b5045e3fd15910VgnVCM1000001d4a900aRCRD";"Arcorrol: juegos de rol LGTBI+";"http://www.madrid.es/sites/v/index.jsp?vgnextchannel=ca9671ee4a9eb410VgnVCM100000171f5a0aRCRD&vgnextoid=7f11045e3fd15910VgnVCM1000001d4a900aRCRD";"http://www.madrid.es/sites/v/index.jsp?vgnextchannel=bfa48ab43d6bb410VgnVCM100000171f5a0aRCRD&vgnextoid=0b60e92be3c5e210VgnVCM1000000b205a0aRCRD";"Biblioteca Pública Municipal Iván de Vargas (Centro)";"1,6";"CALLE";"SAN JUSTO";"5";"CENTRO";"PALACIO";"28005";"439775";"4473962";"40.41410290844665";"-3.7098591212735883";"/contenido/actividades/ClubesLectura";""
12804817;"'¿La abuela Lola ya no se acuerda de mí?'";"";"1";"0";"";"";"2025-06-27 00:00:00.0";"2025-06-27 23:59:00.0";"18:00";"¿La abuela Lola ya no se acuerda de mí? es un cuento infantil que ayuda a los pequeños a entender una de las enfermedades más difíciles de afrontar en la familia: el Alzheimer. Este libro narra cómo, a través de visitas regulares a la residencia donde vive su abuela, Tomás aprende a manejar sus emociones y a utilizar el amor como una herramienta terapéutica. Para transmitir esta historia y sus valores a los más pequeños, la autora del libro (Rosa Rodríguez) hace una actividad dividida en tres partes:     1. Juego memory personalizado: a través del juego conseguimos que los niños y niñas puedan descubrir qué sentimientos les provoca la pérdida de memoria de las cartas que van viendo, pero no consiguen retener de forma momentánea.   2. Lectura del cuento: tras haber comentado dichos sentimientos, se lee el cuento para que conozcan la historia de Tomás y su abuela Lola.  3. Explicación del Alzheimer: por último, a través de dos cubos de rubik, uno totalmente ordenado con los colores perfectamente visibles y otro desordenado, se explica de manera gráfica la diferencia de un cerebro sin Alzheimer y uno con la enfermedad. Una vez explicada la enfermedad se pasa a la ronda de preguntas y compartimos cualquier interés que tengan los niños y niñas.";"http://www.madrid.es/sites/v/index.jsp?vgnextchannel=ca9671ee4a9eb410VgnVCM100000171f5a0aRCRD&vgnextoid=4b6b082228d77910VgnVCM1000001d4a900aRCRD";"Cuentacuentos del 23 al 30 de junio";"http://www.madrid.es/sites/v/index.jsp?vgnextchannel=ca9671ee4a9eb410VgnVCM100000171f5a0aRCRD&vgnextoid=6caba32d985f5910VgnVCM1000001d4a900aRCRD";"http://www.madrid.es/sites/v/index.jsp?vgnextchannel=bfa48ab43d6bb410VgnVCM100000171f5a0aRCRD&vgnextoid=83e748aaf535e710VgnVCM1000001d4a900aRCRD";"Biblioteca Pública Municipal San Fermín (Usera)";"1,5,6";"AVENIDA";"SAN FERMIN";"10";"USERA";"SAN FERMIN";"28041";"441188";"4469184";"40.3711623444796";"-3.692742821990015";"/contenido/actividades/CuentacuentosTiteresMarionetas";"/usuario/Niños"
12781337;"(Im)pulse";"";"1";"0";"";"";"2025-06-27 00:00:00.0";"2025-06-27 23:59:00.0";"19:30";"Elephant in the black box company    Recomendada para todos los públicos   Sobre la legendaria partitura de Igor Stravinski y en una vibrante relectura del icónico Bolero de Maurice Ravel, el coreógrafo Jean-Philippe Dury se adentra en el trance del cuerpo en un programa doble -SACRE y BOLERO- que trasciende el gesto para convertirse en combate, ofrenda y renacimiento. La danza se convierte en territorio de confrontación, un espacio sagrado donde el cuerpo se entrega se resiste y se transforma. El movimiento deja de ser ornamento para volverse necesidad, invocación, pura urgencia vital.";"http://www.madrid.es/sites/v/index.jsp?vgnextchannel=ca9671ee4a9eb410VgnVCM100000171f5a0aRCRD&vgnextoid=11d59b6bc27f6910VgnVCM1000001d4a900aRCRD";"Actividades en el Centro Cultural Antonio Machado";"http://www.madrid.es/sites/v/index.jsp?vgnextchannel=ca9671ee4a9eb410VgnVCM100000171f5a0aRCRD&vgnextoid=74f47a01d8641910VgnVCM2000001f4a900aRCRD";"http://www.madrid.es/sites/v/index.jsp?vgnextchannel=bfa48ab43d6bb410VgnVCM100000171f5a0aRCRD&vgnextoid=cce43d0b5e71c010VgnVCM1000000b205a0aRCRD";"Centro Cultural Antonio Machado (San Blas - Canillejas)";"1";"CALLE";"SAN ROMAN DEL VALLE";"8";"SAN BLAS-CANILLEJAS";"ARCOS";"28037";"447255";"4474591";"40.420280457570335";"-3.621730741880216";"/contenido/actividades/DanzaBaile";"/usuario/Familias"
12806969;"¡Campamento Semanal Infantil de Competencias digitales!";"";"1";"1";"L,M,X,J,V,S,D";"";"2025-07-07 00:00:00.0";"2025-07-11 23:59:00.0";"11:00";"";"http://www.madrid.es/sites/v/index.jsp?vgnextchannel=ca9671ee4a9eb410VgnVCM100000171f5a0aRCRD&vgnextoid=bf319ba162887910VgnVCM2000001f4a900aRCRD";"";"";"http://www.madrid.es/sites/v/index.jsp?vgnextchannel=bfa48ab43d6bb410VgnVCM100000171f5a0aRCRD&vgnextoid=83e748aaf535e710VgnVCM1000001d4a900aRCRD";"Biblioteca Pública Municipal San Fermín (Usera)";"1,5,6";"AVENIDA";"SAN FERMIN";"10";"USERA";"SAN FERMIN";"28041";"441188";"4469184";"40.3711623444796";"-3.692742821990015";"/contenido/actividades/CursosTalleres";"/usuario/Niños"
12806790;"¡Hola, Frida!";"";"1";"0";"";"";"2025-08-23 00:00:00.0";"2025-08-23 23:59:00.0";"22:15";"De Karine Vézina, André Kadi. Animación. Canadá 2024. 82?.   No recomendada para todos los públicos y especialmente recomendada para el fomento de la igualdad de género.   Es la historia de una niña que es diferente. Su mundo es Coyoacán, Ciudad de México. Chispeante, vibrante, todo le interesa y cuando surgen dificultades, las afronta con una imaginación desbordante. Esta niña se llama Frida Kahlo.";"http://www.madrid.es/sites/v/index.jsp?vgnextchannel=ca9671ee4a9eb410VgnVCM100000171f5a0aRCRD&vgnextoid=55fbaa003c787910VgnVCM2000001f4a900aRCRD";"Ciclo Los sábados de cine. Primavera 2025";"http://www.madrid.es/sites/v/index.jsp?vgnextchannel=ca9671ee4a9eb410VgnVCM100000171f5a0aRCRD&vgnextoid=c0de900069495910VgnVCM2000001f4a900aRCRD";"http://www.madrid.es/sites/v/index.jsp?vgnextchannel=bfa48ab43d6bb410VgnVCM100000171f5a0aRCRD&vgnextoid=a395946be351c010VgnVCM2000000c205a0aRCRD";"Centro Cultural Auditorio Parque El Paraíso (San Blas - Canillejas)";"1";"AVENIDA";"ARCENTALES";"4";"SAN BLAS-CANILLEJAS";"HELLIN";"28037";"447225";"4475667";"40.42997621103139";"-3.6221773579444596";"/contenido/actividades/CineActividadesAudiovisuales";"/usuario/Familias"
12806149;"¡Lo que no ves debajo de tus pies! El Día Internacional de la Conservación del Suelo";"";"1";"0";"";"";"2025-07-06 00:00:00.0";"2025-07-06 23:59:00.0";"11:00";"De 11 a 12:30 horas.  Categoría: Taller. Entrada GRATUITA.  Lugar: Centro de Educación Ambiental y Cultural Maris Stella.  Edad: A partir de 10 años (menores acompañados con un adulto). Imprescindible reserva previa.  Sinopsis: Celebra con nosotras el Día internacional del Suelo con este divertido taller donde realizaremos experimentos con los que nos mancharemos las manos para desvelar los secretos de ese gran desconocido que pisamos a diario, el suelo.";"http://www.madrid.es/sites/v/index.jsp?vgnextchannel=ca9671ee4a9eb410VgnVCM100000171f5a0aRCRD&vgnextoid=c22038a3b1787910VgnVCM1000001d4a900aRCRD";"Actividades en el Centro de Educación Ambiental y Cultural Maris Stella";"http://www.madrid.es/sites/v/index.jsp?vgnextchannel=ca9671ee4a9eb410VgnVCM100000171f5a0aRCRD&vgnextoid=4e25ce5179e61910VgnVCM1000001d4a900aRCRD";"http://www.madrid.es/sites/v/index.jsp?vgnextchannel=bfa48ab43d6bb410VgnVCM100000171f5a0aRCRD&vgnextoid=85205619bc23d710VgnVCM2000001f4a900aRCRD";"Centro de Educación Ambiental y Cultural Maris Stella (Usera)";"1";"CALLE";"DOCTOR TOLOSA LATOUR";"16";"USERA";"PRADOLONGO";"28026";"440301";"4469524";"40.374166248648216";"-3.7032220308808577";"/contenido/actividades/ItinerariosOtrasActividadesAmbientales";""
12804855;"¡Que viva la república!";"";"0";"0";"";"";"2025-09-09 00:00:00.0";"2025-09-09 23:59:00.0";"19:30";"Un niño de 12 años se refugia en fantasiosos pensamientos mientras el frente se acerca a su aldea de Moravia, lo que traerá sufrimiento a su entorno.   Karel Kachy?a (1924 ? 2004) se vio sometido a trabajos forzados en una fábrica alemana durante la Segunda Guerra Mundial. Tras la guerra, acabó el bachillerato y pudo trabajar en anuncios publicitarios en los estudios cinematográficos Ba?a de Zlín. Después, Kachy?a fue aceptado en la recién fundada Escuela de Cine y Televisión de la Academia de Artes Escénicas de Praga (FAMU) para estudiar cinematografía y dirección. Entre sus compañeros de estudios estaban Vojt?ch Jasný, Zden?k Podskalský y Antonín Kachlík. Tras graduarse, dirigió documentales de propaganda de realismo socialista con Jasný. A lo largo de la década de los cincuenta ambos trabajaron para la unidad de cine del ejército checoslovaco. En 1952 viajaron a China con el Grupo Artístico del Ejército Popular Checoslovaco y realizaron tres documentales sobre el país. Kachy?a realizó sus películas más célebres con el guionista Jan Procházka. Tras la invasión de Checoslovaquia por el Pacto de Varsovia y en el posterior periodo de normalización, sus películas políticamente críticas ¡Que viva la república! (1965), Carruaje a Viena (1966), Noc nevesty (La noche de la monja, 1967) y La oreja (1970) fueron prohibidas. Kachy?a fue despedido de su puesto de profesor en la FAMU, después de que la película Nezvaný host (Huésped no invitado, 1969), de su alumno Vlastimil Venclík, fuera interpretada como una crítica a la invasión soviética. A partir de la década de los setenta dirigió sobre todo películas históricas centradas en la vida de la gente corriente y filmes infantiles. Tras la Revolución de Terciopelo fue contratado de nuevo en la FAMU, donde siguió dando clases hasta su jubilación.   Premios y festivales Mar del Plata 1966 - Mejor película   Idioma: V.O.S.E.    Formato: Archivo Digital";"http://www.madrid.es/sites/v/index.jsp?vgnextchannel=ca9671ee4a9eb410VgnVCM100000171f5a0aRCRD&vgnextoid=7e5d082228d77910VgnVCM1000001d4a900aRCRD";"";"";"http://www.madrid.es/sites/v/index.jsp?vgnextchannel=bfa48ab43d6bb410VgnVCM100000171f5a0aRCRD&vgnextoid=2dbd1fe44c5ee310VgnVCM2000000c205a0aRCRD";"Cineteca Madrid";"1";"PLAZA";"LEGAZPI";"8";"ARGANZUELA";"CHOPERA";"28045";"440946";"4471422";"40.39130985242181";"-3.6958028442054074";"/contenido/actividades/ProgramacionDestacadaAgendaCultura";""
12806321;"¡Rescatando juegos, las Tres en Raya!";"";"1";"0";"";"";"2025-07-25 00:00:00.0";"2025-07-25 23:59:00.0";"11:00";"De 11 a 12:30 horas.  Categoría: Taller de reutilización de materiales. Entrada GRATUITA.  Lugar: Sala de talleres del Centro de Educación Ambiental y Cultural Maris Stella.  Edad: A partir de 5 años (menores acompañados con un adulto). Imprescindible reserva previa.  Sinopsis: A partir de varios elementos reutilizados que traeremos de casa, construiremos un bonito tres en raya con el que podréis seguir jugando con la familia y así rescataremos los juegos con los que se divertían nuestros abuelos.";"http://www.madrid.es/sites/v/index.jsp?vgnextchannel=ca9671ee4a9eb410VgnVCM100000171f5a0aRCRD&vgnextoid=c9612cee74787910VgnVCM1000001d4a900aRCRD";"Actividades en el Centro de Educación Ambiental y Cultural Maris Stella";"http://www.madrid.es/sites/v/index.jsp?vgnextchannel=ca9671ee4a9eb410VgnVCM100000171f5a0aRCRD&vgnextoid=4e25ce5179e61910VgnVCM1000001d4a900aRCRD";"http://www.madrid.es/sites/v/index.jsp?vgnextchannel=bfa48ab43d6bb410VgnVCM100000171f5a0aRCRD&vgnextoid=85205619bc23d710VgnVCM2000001f4a900aRCRD";"Centro de Educación Ambiental y Cultural Maris Stella (Usera)";"1";"CALLE";"DOCTOR TOLOSA LATOUR";"16";"USERA";"PRADOLONGO";"28026";"440301";"4469524";"40.374166248648216";"-3.7032220308808577";"/contenido/actividades/CursosTalleres";"/usuario/Niños,/usuario/Familias"
12796020;"¡Vaya Vacaciones!";"";"1";"0";"";"";"2025-07-11 00:00:00.0";"2025-07-11 23:59:00.0";"22:00";"Año: 2023  Duración: 90 min  País: España  Dirección: Víctor García León  Género: Comedia | Familia.  Sinopsis: Manuela y José quieren mucho a sus hijos y, sobre todo, idolatran a sus nietos. Pero los primeros han tomado por costumbre dejar a sus retoños al cuidado de sus abuelos, y éstos ya no recuerdan la última vez que tuvieron un rato para ellos mismos. Para colmo, este verano han tenido que cancelar el viaje de sus sueños porque a sus hijos les ha salido un importantísimo viaje de trabajo... aunque pronto van a descubrir la verdad: en realidad están de vacaciones en Bali. Es la gota que colma el vaso. ¡Se acabó! Manuela y José dejarán de ser los entrañables abuelitos y harán que sus nietos pasen el peor verano de sus vidas, harán que llamen a sus padres y les supliquen que vayan a recogerles. Pero Carla, Guille y Ali tienen también sus propias ideas sobre cómo pasar el verano, plantando batalla a sus abuelos en una guerra sin cuartel.  Calificación: No recomendada para menores de siete años.";"http://www.madrid.es/sites/v/index.jsp?vgnextchannel=ca9671ee4a9eb410VgnVCM100000171f5a0aRCRD&vgnextoid=6827b13186a37910VgnVCM1000001d4a900aRCRD";"Cine de Verano 2025 en Barajas";"http://www.madrid.es/sites/v/index.jsp?vgnextchannel=ca9671ee4a9eb410VgnVCM100000171f5a0aRCRD&vgnextoid=c1c73cd450bd5910VgnVCM1000001d4a900aRCRD";"";"";"";"";"";"";"";"";"";"";"";"";"";"/contenido/actividades/CineActividadesAudiovisuales";""
12811750;"¡Vaya vacaciones!";"";"1";"0";"";"";"2025-07-19 00:00:00.0";"2025-07-19 23:59:00.0";"22:00";"Lugar: Parque Guardias Civiles David Pérez y Miguel Ángel González. Mayores de 7 años. 2023.";"http://www.madrid.es/sites/v/index.jsp?vgnextchannel=ca9671ee4a9eb410VgnVCM100000171f5a0aRCRD&vgnextoid=172de93d7d6a7910VgnVCM1000001d4a900aRCRD";"Cine de verano en Hortaleza";"http://www.madrid.es/sites/v/index.jsp?vgnextchannel=ca9671ee4a9eb410VgnVCM100000171f5a0aRCRD&vgnextoid=26306c93646a7910VgnVCM1000001d4a900aRCRD";"";"";"";"";"";"";"";"";"";"";"";"";"";"/contenido/actividades/ActividadesCalleArteUrbano";"/usuario/Niños,/usuario/Familias"
12792458;"«FIESTA DE LA LECTURA DE CIENCIA FICCIÓN»";"";"0";"0";"";"";"2025-06-28 00:00:00.0";"2025-06-28 23:59:00.0";"16:00";"";"http://www.madrid.es/sites/v/index.jsp?vgnextchannel=ca9671ee4a9eb410VgnVCM100000171f5a0aRCRD&vgnextoid=84ae429854037910VgnVCM1000001d4a900aRCRD";"";"";"http://www.madrid.es/sites/v/index.jsp?vgnextchannel=bfa48ab43d6bb410VgnVCM100000171f5a0aRCRD&vgnextoid=64463d0b5e71c010VgnVCM1000000b205a0aRCRD";"Centro de Cultura Contemporánea Conde Duque";"1";"CALLE";"CONDE DUQUE";"9";"CENTRO";"UNIVERSIDAD";"28015";"439723";"4475438";"40.42739911262292";"-3.710589286287491";"/contenido/actividades/RecitalesPresentacionesActosLiterarios";""
12802866;"¿Dónde está eso?. Archivos, descargas y la galería";"";"1";"1";"L,M,X,J,V,S,D";"";"2025-07-02 00:00:00.0";"2025-07-03 23:59:00.0";"18:00";"";"http://www.madrid.es/sites/v/index.jsp?vgnextchannel=ca9671ee4a9eb410VgnVCM100000171f5a0aRCRD&vgnextoid=585dff483e867910VgnVCM1000001d4a900aRCRD";"";"";"http://www.madrid.es/sites/v/index.jsp?vgnextchannel=bfa48ab43d6bb410VgnVCM100000171f5a0aRCRD&vgnextoid=83e748aaf535e710VgnVCM1000001d4a900aRCRD";"Biblioteca Pública Municipal San Fermín (Usera)";"1,5,6";"AVENIDA";"SAN FERMIN";"10";"USERA";"SAN FERMIN";"28041";"441188";"4469184";"40.3711623444796";"-3.692742821990015";"/contenido/actividades/CursosTalleres/CapacitacionDigital";""
12805151;"¿Qué mosca te ha picado?";"";"1";"0";"";"";"2025-07-12 00:00:00.0";"2025-07-12 23:59:00.0";"20:30";"Lugar: Plaza de la Palmera  Compañía: Clan de Bichos  Espectáculo: Concierto interactivo para público familiar, con canciones originales y populares que invitan al movimiento y la diversión. Una experiencia lúdica y musical para niños y niñas.";"http://www.madrid.es/sites/v/index.jsp?vgnextchannel=ca9671ee4a9eb410VgnVCM100000171f5a0aRCRD&vgnextoid=80d76ecc64f77910VgnVCM1000001d4a900aRCRD";"";"";"";"";"";"";"";"";"";"";"";"";"";"";"";"/contenido/actividades/Musica";"/usuario/Niños,/usuario/Familias"
12800468;"¿Un Grúfa qué?";"";"1";"0";"";"";"2025-07-02 00:00:00.0";"2025-07-02 23:59:00.0";"22:00";"Compañía:  Andrea Ortúzar      Duración: 60 minutos  Edad recomendada: Todos los Públicos.  Sinopsis: El Grúfalo es el rockstar de los niños, a pesar de tener unos 'colmillos terribles', con sus 'dientes terribles', en su 'terrible boca'. En esta sesión veremos cuentos de este gran personaje de la literatura infantil del Reino Unido y una selección de otros cuentos escritos por su creadora, Julia Donaldson.";"http://www.madrid.es/sites/v/index.jsp?vgnextchannel=ca9671ee4a9eb410VgnVCM100000171f5a0aRCRD&vgnextoid=ad834223be957910VgnVCM1000001d4a900aRCRD";"Actividades Calle Abierta";"http://www.madrid.es/sites/v/index.jsp?vgnextchannel=ca9671ee4a9eb410VgnVCM100000171f5a0aRCRD&vgnextoid=261af36edd371910VgnVCM2000001f4a900aRCRD";"http://www.madrid.es/sites/v/index.jsp?vgnextchannel=bfa48ab43d6bb410VgnVCM100000171f5a0aRCRD&vgnextoid=0dabd0b2571d1610VgnVCM1000001d4a900aRCRD";"Auditorio Municipal al aire libre Lola Camarena";"1";"AVENIDA";"LA GAVIA";"13";"VILLA DE VALLECAS";"ENSANCHE DE VALLECAS";"28051";"448205";"4469500";"40.37447621683769";"-3.6101291550314283";"/contenido/actividades/ConferenciasColoquios";"/usuario/Niños"

